relationship_row_id,doc_id,region,ethnography_group,entity_a,entity_a_type,entity_b,entity_b_type,scope_coded,reasoning,supporting_quote_raw,relation_label_raw,local_term_raw,symmetry_coded,relation_type_coded,confidence,notes,extracted_at
420,/Azande_Baxter_1953_17_KS,CentralAfrica,Azande,blood-brothers,kin_role,blood-brothers,kin_role,kinship,"Text states blood-brothers have licensed chaffing; a recurrent, institutionalized teasing tied to kin role.","Evans-Pritchard, 16, 1933; blood-brothers have licence, which is not permitted to others, to chaff each other freely in this way.",licence to chaff,,symmetric,insulting_license,0.85,,2026-07-06T08:56:40.407242+00:00
421,/Azande_Baxter_1953_76_KS,CentralAfrica,Azande,blood-brothers,kin_role,blood-brothers,kin_role,kinship,Text states blood-brothers stand to each other in a joking relationship; kin-role based licensed abuse.,"The behaviour which blood-brothers are expected to assume towards each other is the opposite of that required towards kin and in-laws, and they stand to each other in a sort of joking relationship. They abuse each other with impunity, saying things that would normally be considered causes of deep quarrels.",,,symmetric,joking_relationship,0.9,,2026-07-06T08:57:06.488410+00:00
422,/Azande_Baxter_1953_76_KS,CentralAfrica,Azande,bakulemi,clan,bakulemi,clan,within_group,Joking relationship extended in modified form to clansmen (bakulemi) — intra-societal clan-patterned teasing.,"In a modified form this joking relationship is extended to clansmen, known as bakulemi; and between certain clans, such as the Abanvra, Abangombi, Akalinga, and Agiti, a permanent joking relationship has grown up.",,bakulemi,symmetric,joking_relationship,0.85,,2026-07-06T08:57:06.488410+00:00
423,/Azande_Baxter_1953_76_KS,CentralAfrica,Azande,Abanvra,clan,Abangombi,clan,within_group,Author lists these named clans as having a permanent joking relationship with one another.,"In a modified form this joking relationship is extended to clansmen, known as bakulemi; and between certain clans, such as the Abanvra, Abangombi, Akalinga, and Agiti, a permanent joking relationship has grown up.",permanent joking relationship,,symmetric,joking_relationship,0.9,,2026-07-06T08:57:06.488410+00:00
424,/Azande_Baxter_1953_76_KS,CentralAfrica,Azande,Abanvra,clan,Akalinga,clan,within_group,Named among clans with a permanent joking relationship; intra-societal clan pair.,"In a modified form this joking relationship is extended to clansmen, known as bakulemi; and between certain clans, such as the Abanvra, Abangombi, Akalinga, and Agiti, a permanent joking relationship has grown up.",permanent joking relationship,,symmetric,joking_relationship,0.9,,2026-07-06T08:57:06.488410+00:00
425,/Azande_Baxter_1953_76_KS,CentralAfrica,Azande,Abanvra,clan,Agiti,clan,within_group,Listed together as clans among which permanent joking relationships exist.,"In a modified form this joking relationship is extended to clansmen, known as bakulemi; and between certain clans, such as the Abanvra, Abangombi, Akalinga, and Agiti, a permanent joking relationship has grown up.",permanent joking relationship,,symmetric,joking_relationship,0.9,,2026-07-06T08:57:06.488410+00:00
426,/Azande_Baxter_1953_76_KS,CentralAfrica,Azande,Abangombi,clan,Akalinga,clan,within_group,Text groups these clans as having permanent joking ties.,"In a modified form this joking relationship is extended to clansmen, known as bakulemi; and between certain clans, such as the Abanvra, Abangombi, Akalinga, and Agiti, a permanent joking relationship has grown up.",permanent joking relationship,,symmetric,joking_relationship,0.9,,2026-07-06T08:57:06.488410+00:00
427,/Azande_Baxter_1953_76_KS,CentralAfrica,Azande,Abangombi,clan,Agiti,clan,within_group,Explicitly listed among clans sharing permanent joking relations.,"In a modified form this joking relationship is extended to clansmen, known as bakulemi; and between certain clans, such as the Abanvra, Abangombi, Akalinga, and Agiti, a permanent joking relationship has grown up.",permanent joking relationship,,symmetric,joking_relationship,0.9,,2026-07-06T08:57:06.488410+00:00
428,/Azande_Baxter_1953_76_KS,CentralAfrica,Azande,Akalinga,clan,Agiti,clan,within_group,Included in the list of clans with a permanent joking relationship.,"In a modified form this joking relationship is extended to clansmen, known as bakulemi; and between certain clans, such as the Abanvra, Abangombi, Akalinga, and Agiti, a permanent joking relationship has grown up.",permanent joking relationship,,symmetric,joking_relationship,0.9,,2026-07-06T08:57:06.488410+00:00
429,/Azande_EvansPrittchard_1933_390-392a_KS,CentralAfrica,Azande,blood-brother,kin_role,blood-brother,kin_role,kinship,"Text describes recurring, culturally recognized teasing between blood-brothers ('Humor' partners).","“The pattern of behaviour between blood-brothers is one of intimacy and equality. One way in which intimacy and equality are expressed between the Humor partners is by each publicly insulting the other.... Thus one will shout to the other: ‘Ai friend! may they cut into your witchcraft! You are witches, you of the Akalinga clan! ’ To which the blood-brother replies: ‘He! may some one spear you! who told you that we are witches, my friend? You’ve just had a good meal over there so you come on a full stomach to pick a quarrel with me without cause. That’s a bad joke; you’re a nasty sly fellow.’",Humor partners,Humor,symmetric,joking_relationship,0.9,,2026-07-06T08:57:13.449948+00:00
430,/Azande_EvansPrittchard_1933_390-392b_KS,CentralAfrica,Azande,that blood-brother of mine,kin_role,this elder brother of his father,kin_role,kinship,Text shows a blood-brother telling a joke about a man's father to the father's elder brother; patterned kin joking.,"He passes on to see this elder brother of his father and says to him: ‘Father, it is you I have come to see because that fellow over there, that blood-brother of mine, said yesterday that you were dead. ’",blood-jests,,unclear,joking_relationship,0.7,Joking involves blood-brother making false report about death; institutional 'blood-jests' between kin roles.,2026-07-06T08:57:25.244716+00:00
431,/Azande_EvansPrittchard_1933_390-392b_KS,CentralAfrica,Azande,some one with whom you are on joking terms,group,your relative,kin_role,kinship,Passage describes culturally known 'joking terms' whereby a person jestingly reports a relative's death.,"‘It is thus they say about jests of this kind: if some one with whom you are on joking terms comes with a long sad face to tell you some story about your relatives such as ‘Don’t you know that your relative has died?’ you should take care not to be caught. He is jesting about your relative saying that he is dead, and you must not be taken in. Blood-jests, they say, are awful lies.'",blood-jests,,symmetric,joking_relationship,0.85,Generic institutionalized joking relationship between 'joking terms' partners and one's relatives.,2026-07-06T08:57:25.244716+00:00
432,/Azande_EvansPrittchard_1933_390-392c_KS,CentralAfrica,Azande,Abauura,clan,Abangombi,clan,within_group,Text states a recurring clan-level 'Joking Relationship' allowing insults without offence.,"As the behaviour pattern between blood-brothers is extended to the members of their clans, an extension discussed in the following section, a ‘Joking Relationship’ may grow up between two clans who may insult one another with impunity. I do not think that this [ ] is common in Zandeland, but it appears to happen sometimes, as, for example, between the Abauura and the Abangombi,",Joking Relationship,,symmetric,joking_relationship,0.9,,2026-07-06T08:57:33.611419+00:00
433,/Azande_EvansPrittchard_1933_390-392c_KS,CentralAfrica,Azande,Akalinga,clan,Agiti,clan,within_group,Explicitly named clan pair exemplifying recurrent institutionalized joking between clans.,"As the behaviour pattern between blood-brothers is extended to the members of their clans, an extension discussed in the following section, a ‘Joking Relationship’ may grow up between two clans who may insult one another with impunity. I do not think that this [ ] is common in Zandeland, but it appears to happen sometimes, as, for example, between the Abauura and the Abangombi, the Akalinga and the Agiti, and in one or two other instances, who jest in this manner without offence being taken by either party,",Joking Relationship,,symmetric,joking_relationship,0.9,,2026-07-06T08:57:33.611419+00:00
434,/Azande_EvansPrittchard_1937_185_KS,CentralAfrica,Azande,young nobles,age_set,witch-doctors,group,within_group,Document describes recurring practice of nobles testing/teasing witch-doctors as a cultural test.,"Young nobles, and sometimes commoners of influence also, will test witch-doctors by playing a joke on them. Nobles often play this trick.",test (joke) on witch-doctors,,non_symmetric,joking_relationship,0.9,Includes occasional influential commoners but primary jokers are young nobles; extracted as age_set vs witch-doctor group.,2026-07-06T08:57:58.503985+00:00
435,/Azande_EvansPrittchard_1937_206_KS,CentralAfrica,Azande,witch-doctors,caste,witch-doctors,caste,within_group,"Recurrent, patterned joking among occupational colleagues during communal professional ceremonies.","They chat and joke among themselves about a variety of secular subjects, though the affairs of their profession are also sometimes discussed.",collegial joking,,symmetric,joking_relationship,0.8,Occupational/collegial joking during communal witch-doctor cooking ceremony; treated as an institutionalized pattern in text.,2026-07-06T08:58:04.342904+00:00
436,/Azande_EvansPrittchard_1937_376_KS,CentralAfrica,Azande,witch-doctors,group,members of their audience,group,within_group,"Ritualized makama test is performed by witch-doctors toward audience members as a recurrent joking, lightly regarded practice.",Witch-doctors hand it to members of their audience at seances to discover whether they are witches (see p. ). They hold the sheath and present the cone to the people they want to test. Those who fail to pull out the cone are suspected of witchcraft though the test is regarded lightly by every one and rather in the nature of a joke.,,makama,non_symmetric,joking_relationship,0.7,,2026-07-06T08:58:14.832010+00:00
437,/Azande_EvansPrittchard_1957_707_KS,CentralAfrica,Azande,Zande princes,group,his favourite wives,kin_role,within_group,Text shows recurring bantering/teasing between princes and their favourite wives in courtly/private context.,"One of them told me that Ngere had this kind of bantering conversation with his favourite wives as he sat with them round the evening fire: « That son of mine, you have made a love-bond with him! » « Oh, no master! » « Yes you have, you are merely mocking me. » « That son of mine who is always in the outer court, what is he always waiting for? He has a lover among you. » « Oh master, how you joke with us. »",bantering conversation,,mixed,banter,0.8,,2026-07-06T08:58:35.133306+00:00
438,/Azande_EvansPrittchard_1957_707_KS,CentralAfrica,Azande,Prince Ngere,person,his small pages,group,within_group,Prince repeatedly teases/calls pages 'lover' as playful teasing; culturally patterned in court setting.,"Prince Ngere calls one of his small pages and says « This boy is your lover! » « Oh no master, if it were indeed thus how would we escape your anger and live? »",playful accusation,,non_symmetric,joking_relationship,0.75,Institutionalized in royal household context; asymmetry as prince teases pages.,2026-07-06T08:58:35.133306+00:00
439,/Azande_EvansPrittchard_1962_214_KS,CentralAfrica,Azande,blood-brothers,kin_role,blood-brothers,kin_role,kinship,Text describes a recurrent joking relationship (buga) specifically between blood-brothers.,He continues in the language of the joking relationship—what Azande call buga—between blood-brothers: ‘my witchcraft is so active inside me that I might have killed you (I was so longing for a drink of beer); now the rubbing-board oracle would not accuse me (of witchcraft)’.,buga,buga,symmetric,joking_relationship,0.9,,2026-07-06T08:58:46.346586+00:00
440,/Azande_EvansPrittchard_1962_218_KS,CentralAfrica,Azande,a commoner,group,a prince,group,within_group,"Text describes culturally sanctioned sanza jokes by commoners toward princes as patterned, recurrent practice.","A commoner may speak or act a sanza towards a prince, but unless it is an entirely harmless joking kind of sanza or a highly complimentary one he runs a grave risk in doing so.",sanza,sanza,non_symmetric,joking_relationship,0.95,,2026-07-06T08:58:57.328275+00:00
441,/Azande_EvansPrittchard_1962_218_KS,CentralAfrica,Azande,old commoner favourites of a prince,group,a prince,group,within_group,Harmless sanza (sanza mbaro) is described as a recurrent playful practice by old commoner favourites toward their prince.,"A harmless sanza, what Azande call a sanza mbaro, a sanza in fun, is the habit of old commoner favourites of a prince of placing their hands before their mouths when speaking, especially when beginning to speak to him.",sanza (harmless),sanza mbaro,non_symmetric,joking_relationship,0.95,,2026-07-06T08:58:57.328275+00:00
442,/Azande_EvansPrittchard_1962_221_KS,CentralAfrica,Azande,blood-brother,kin_role,blood-brother,kin_role,kinship,"Greeting between blood-brothers is a culturally patterned joking/warning ritual (sanza), an institutionalized interaction.","In old days also a man’s blood-brother would try to warn him as he entered court that there was trouble brewing for him there and that he had better get away quickly. He did this by greeting his blood-brother in the joking manner of greeting that obtains between blood-brothers, that is, by shaking his hand, and in doing so pressing a finger into the centre of the hand or scraping it with a finger.",joking greeting / warning (sanza),sanza,symmetric,joking_relationship,0.9,,2026-07-06T08:59:11.385438+00:00
443,/Azande_EvansPrittchard_1962_221_KS,CentralAfrica,Azande,friend,group,friend,group,within_group,Friends use eye-movement sanza to direct malicious fun; culturally patterned licensed teasing between friends.,"Another wants to make malicious fun of him, so he catches the eye of a friend and by moving his own head round he directs it to the exposure.",eye-signaling teasing (sanza),sanza,symmetric,joking_relationship,0.85,,2026-07-06T08:59:11.385438+00:00
444,/Azande_EvansPrittchard_1962_221_KS,CentralAfrica,Azande,husband,kin_role,wife,kin_role,kinship,Husbands habitually use sanza about wives in presence of others to insult without exposure; a patterned spousal teasing institution.,"A man says about his wife, whom he dislikes, in the presence of other women ‘this stupid dog, I keep it only because of my cough'. ... The inner meaning of the words is ‘this stupid woman [his wife], I keep her only because she hoes my gardens'. Were the wife to understand this she would make a row, but should she do so then or later, someone in the meanwhile having explained it to her, her husband would feign innocence, saying that he was speaking only of his dog and meant no more than he said.",spousal teasing via sanza,sanza,non_symmetric,joking_relationship,0.9,,2026-07-06T08:59:11.385438+00:00
445,/Azande_EvansPrittchard_1962_223_KS,CentralAfrica,Azande,blood-brothers,kin_role,blood-brothers,kin_role,kinship,"Text states blood-brothers may use joking language buga as permissible, recurrent teasing between that kin role.","With certain persons, particularly with blood-brothers, it is permissible to use a joking language, called buga, in which things may be said which would not be proper if said to other persons.",buga,buga,symmetric,joking_relationship,0.95,,2026-07-06T08:59:33.525494+00:00
446,/Azande_EvansPrittchard_1962_223_KS,CentralAfrica,Azande,wife,kin_role,husband,kin_role,kinship,Sanza is used in the wife-to-husband relationship as a culturally permitted circumlocutory teasing form.,"The gbigbita sanza, the bad sanza, is more common. One uses it because subterfuge is advisable—it is not merely that one wants to score a point and to hurt, one also dares not say openly what one wants to say because of the relationship involved, the wife to husband relationship, ...",sanza,sanza,non_symmetric,joking_relationship,0.9,,2026-07-06T08:59:33.525494+00:00
447,/Azande_EvansPrittchard_1962_223_KS,CentralAfrica,Azande,commoner,group,prince,person,within_group,Text identifies sanctioned sanza use between commoners and prince as a relationship constrained by social rank.,"One uses it because subterfuge is advisable—it is not merely that one wants to score a point and to hurt, one also dares not say openly what one wants to say because of the relationship involved, the wife to husband relationship, that of commoner to prince, ...",sanza,sanza,non_symmetric,joking_relationship,0.9,Prince coded as person because office/individual; commoner as group.,2026-07-06T08:59:33.525494+00:00
448,/Azande_EvansPrittchard_1962_223_KS,CentralAfrica,Azande,man,kin_role,his in-laws,kin_role,kinship,"Text states sanza is used because one 'dares not say openly' due to relationship of a man to his in-laws, indicating recurrent teasing license.","One uses it because subterfuge is advisable—it is not merely that one wants to score a point and to hurt, one also dares not say openly what one wants to say because of the relationship involved, the wife to husband relationship, that of commoner to prince, that between blood-brothers, that of a man to his in-laws.",sanza,sanza,non_symmetric,joking_relationship,0.9,,2026-07-06T08:59:33.525494+00:00
449,/Azande_EvansPrittchard_1962_223_KS,CentralAfrica,Azande,men who frequent court,group,men who frequent court,group,within_group,Court attendants are described as skillful in getting sly digs and joking one another as a recurring competitive behavior.,"Men who frequent court are there to serve their own interests and in competition to win the favour of their prince, and they are well-known for their skill in getting in sharp, sly little digs at one another in the form of apparently innocuous jokes and ...",,sanza,symmetric,joking_relationship,0.9,Grouped occupational/political role within society; local term sanza used throughout.,2026-07-06T08:59:33.525494+00:00
450,/Azande_EvansPrittchard_1962_223_KS,CentralAfrica,Azande,wife,kin_role,another man's wife,kin_role,kinship,"Example shows wives address other wives in sanza in husband's presence, a patterned teasing between affinal household members.","For example, a wife says in sanza to another man’s wife in the presence of her husband ‘the renown of your home is greater than ours’. In fact, she means the opposite and is having a dig at the owner of the homestead who, she well knows, hears what she says.",sanza,sanza,mixed,joking_relationship,0.9,Affinal teasing may be directed at husband though exchanged between wives; coded mixed since directionality varies.,2026-07-06T08:59:33.525494+00:00
451,/Azande_Seligman_1932_503_KS,CentralAfrica,Azande,chief,group,his old Zande deputies,group,within_group,Text states recurring joking between a chief and his deputies; institutionalized within same society.,"There is no familiarity between a paramount chief and his sons and younger brothers, who fear their father greatly and are subjected to severe discipline. ... Between a chief and his deputies there is not the same strain; a chief is often seen joking with his old Zande deputies,",,bakumba,symmetric,joking_relationship,0.9,Deputies referred to elsewhere as bakumba (chief's deputy).,2026-07-06T08:59:50.818994+00:00
483,/Barundi_Albert_1963_209_KS,CentralAfrica,Barundi,a married son,kin_role,his mother,kin_role,kinship,Text states mothers routinely mock and shame married sons who give no presents.,"From her married son, a woman expects presents. If he is too poor to give gifts, she will mock and shame him. If he arrives at her home empty-handed, if he comes back from a job in Uganda or the city without something for her, she will be enraged.",mock and shame,,non_symmetric,insulting_license,0.9,"Patterned maternal shaming tied to gift-giving expectations; mother is initiator, son target.",2026-07-06T09:03:38.691845+00:00
484,/Barundi_Albert_1963_209_KS,CentralAfrica,Barundi,grandparents,kin_role,grandchildren,kin_role,kinship,"Author describes grandparents recurrently joking, spoiling and protecting grandchildren.","Grandparents joke with their grandchildren, spoil them, protect them against their parents' anger, and, if they are not believing Christians, they expect their grandchildren will in due course perform the ceremonies in honour of the imizimu, the spirits of dead grandparents.",joke with,,mixed,joking_relationship,0.95,"Recurrent, culturally patterned indulgence and joking by grandparents toward grandchildren; some reciprocal play implied.",2026-07-06T09:03:38.691845+00:00
485,/Barundi_Albert_1963_209_KS,CentralAfrica,Barundi,a mother-in-law,kin_role,her son-in-law,kin_role,kinship,Text explicitly prescribes formal respectful relations with no jokes or quarrels between these roles.,"A mother-in-law and her son-in-law, no matter what their caste, address each other as umufasoni, noble. Their relationship is one of highly formal respect, politeness of the highest degree, no jokes and no quarrels.",umufasoni (noble); no jokes and no quarrels,umufasoni,symmetric,avoidance,0.95,Culturally enforced avoidance of joking; both parties use a formal address.,2026-07-06T09:03:38.691845+00:00
848,/Mbuti_Turnbull_1962_44_KS,CentralAfrica,Mbuti,the Pygmies,ethnic group,the Negroes,ethnic group,cross_group,Recurrent patterned teasing from Pygmies directed at Negroes; cross-group social units.,"Rather to my surprise this struck the Pygmies as being funny, and they began sniggering. Kenge, carefully dusting the last specks of earth from his spotless shorts, pretended to be severe and said this was no time for laughter. He then promptly cracked a joke at the expense of the Negroes and joined his friends in howls of mirth. ... but this time the disapproving looks they got from the Negroes discouraged them.",joke at the expense of,,non_symmetric,teasing,0.6,"Text shows Pygmies teasing Negroes and Negroes' disapproval; limited explicit wording on institutionalization, coded as cross-group teasing.",2026-07-06T09:41:58.414436+00:00
849,/Mbuti_Turnbull_1965_12_KS,CentralAfrica,Mbuti,bachelors,age_set,hunting band members,group,within_group,Text describes a culturally recognized buffoon role where bachelors are repeatedly teased by band members.,"Being a bachelor made my integration into family life somewhat easier than it might have been otherwise, and my reciprocal duties were not heavy, mainly involving my working with other bachelors... I found myself pushed into another category that I subsequently discovered to be a perfectly traditional one for incompetent hunters and some others--that of buffoon. This was very convenient, as it meant that I was the recipient of threats, ridicule, jokes and gossip, all of significance, and being made a general scapegoat I was also the center of a number of disputes.",buffoon (scapegoat) role,,non_symmetric,joking_relationship,0.8,Role rotates among bachelors; teasing is institutionalized within the band.,2026-07-06T09:42:06.591009+00:00
850,/Mbuti_Turnbull_1970_299_KS,CentralAfrica,Mbuti,the Mbuti,ethnic group,neighboring African village farmers,village,cross_group,Text explicitly names a culturally constrained joking relationship between Mbuti and neighboring village farmers.,"I describe what changes I found in 1970, when I returned with a colleague to the Ituri following the years of war. Here we see the process of change continuing, but with an uncertain sense of direction. ... But one thing that has not changed is my deep affection for the Mbuti, and although I am constrained by a joking relationship to say nasty things about them occasionally, for the neighboring African village farmers.",joking relationship,,unclear,joking_relationship,0.8,,2026-07-06T09:42:26.491617+00:00
851,/Mbuti_Turnbull_1983_32_KS,CentralAfrica,Mbuti,Mbuti,ethnic group,Bira villagers,village,cross_group,Text describes recurrent friendly mockery establishing an us-vs-them joking relationship between Mbuti and villagers.,"Yet with all this mockery and ridicule, and very real trickery, there was never a trace of malice or real hostility. If anything, it was really rather friendly ridicule, a form of group joking relationship that merely helped to establish the clear and necessary difference between “them” and “us.”

...they came to regard me with the same kind of rather amused disdain that they had, or pretended to have, for the Mbuti.",group joking relationship,,mixed,joking_relationship,0.9,,2026-07-06T09:42:38.479769+00:00
852,/Mbuti_Turnbull_1983_44_KS,CentralAfrica,Mbuti,children,age_set,adults,age_set,within_group,Children routinely and culturally ridicule adults as part of dispute processes—a patterned age-grade teasing role.,"Already, in the bopi , the children become involved in disputes, and are sometimes instrumental in settling them by ridicule, for nothing hurts an adult more than being ridiculed publicly by children.",ridicule/public teasing by children,,non_symmetric,insulting_license,0.8,,2026-07-06T09:42:47.863742+00:00
853,/Mbuti_Turnbull_1983_64_KS,CentralAfrica,Mbuti,Mbuti,ethnic group,"kpara and karé (""brothers of the knife"", village men with whom they had shared the nkumbi initiation)",group,cross_group,"Text describes a culturally recognized, recurrent joking relationship between Mbuti and these village men.","What the Mbuti liked best of all was a village that they took to be the best of the outside world, but with the least amount of pressure attached to it. There they put the classical joking relationship into action in a masterful way. Rather than bartering or trading, as villagers did, the Mbuti brought their kpara and karé (""brothers of the knife,"" village men with whom they had shared the nkumbi initiation) whatever they chose to bring by way of forest products, and did just as much work as they wanted to, in return helping themselves to whatever they wanted from their patrons' households or plantations.",brothers of the knife / classical joking relationship,kpara and karé,non_symmetric,joking_relationship,0.9,,2026-07-06T09:42:57.132578+00:00
841,/MbutiTurnball291KS,CentralAfrica,MbutiTurnball291KS,Mbuti,ethnic group,Bulibuli lineage,lineage,cross_group,Text states Mbuti groups are attached to Bulibuli lineages and stand in a joking relationship with one maximal lineage.,"More important, he describes how two Mbuti groups are fitted into the Amba lineage structure, but only partially so. They are both attached to Bulibuli lineages, each to a maximal lineage as a whole; yet they do not share full and equivalent relationships as Bulibuli with the other lineages of the same clan. Winter mentions that they stand in a joking relationship with only one of the maximal lineages.",joking relationship,,unclear,joking_relationship,0.8,The Mbuti are the eastern extension living among the Amba; text specifies joking tie to one Bulibuli maximal lineage but does not name that specific lineage.,2026-07-06T09:40:41.707361+00:00
842,/MbutiTurnbull292KS,CentralAfrica,MbutiTurnbull292KS,Mbuti,ethnic group,villagers,ethnic group,cross_group,"Text describes a recurrent, institutionalized joking relationship between Mbuti and villagers stabilizing their alliance.","In the Mbuti Villager situation the relationship appears to be symmetrical and permissive, though both sides do occasionally take offense... a form of joking relationship helps to stabilize the alliance, maintaining the combination of Radcliffe-Brown's “conjunctive and disjunctive components,”",joking relationship,,symmetric,joking_relationship,0.9,,2026-07-06T09:40:51.738691+00:00
843,/MbutiTurnbull293KS,CentralAfrica,MbutiTurnbull293KS,the Mbuti,ethnic group,the villagers,village,cross_group,"Text describes recurrent joking, ridicule, raids as a culturally patterned relationship between Mbuti and villagers.","In view of the lengths to which the Mbuti carry the joking relationship, if it can be called that, convenient to maintain their bands in such constant and otherwise unnecessary flux. The Mbuti constantly raid village plantations, openly ridicule the villagers, and steal from under their noses, unless the villagers are particularly generous.",joking relationship,,non_symmetric,joking_relationship,0.9,,2026-07-06T09:41:01.670616+00:00
844,/MbutiTurnbull294KS,CentralAfrica,MbutiTurnbull294KS,Mbuti,ethnic group,villagers,village,cross_group,Text explicitly describes recurrent joking relationship and ridicule between Mbuti and villagers; cross-community units.,"Again the Mbuti employ the joking relationship to their advantage. They invoke claims upon kpara, karé , and “kin” without the slightest compunction, but when the same claims are reversed, they either deny or ridicule them.",joking relationship,,non_symmetric,joking_relationship,0.9,,2026-07-06T09:41:14.547606+00:00
845,/MbutiTurnbull294KS,CentralAfrica,MbutiTurnbull294KS,Mbuti,ethnic group,kpara,kin_role,kinship,Mbuti invoke claims upon kpara as part of an institutionalized joking practice tied to kinship claims.,"Again the Mbuti employ the joking relationship to their advantage. They invoke claims upon kpara, karé , and “kin” without the slightest compunction, but when the same claims are reversed, they either deny or ridicule them.",,kpara,non_symmetric,joking_relationship,0.8,kpara treated as a kinship claim/category invoked jokingly by Mbuti.,2026-07-06T09:41:14.547606+00:00
846,/MbutiTurnbull294KS,CentralAfrica,MbutiTurnbull294KS,Mbuti,ethnic group,karé,kin_role,kinship,"Text lists karé with kpara as invoked claims within the recurring joking relationship, indicating institutionalized kin-role teasing.","Again the Mbuti employ the joking relationship to their advantage. They invoke claims upon kpara, karé , and “kin” without the slightest compunction, but when the same claims are reversed, they either deny or ridicule them.",,karé,non_symmetric,joking_relationship,0.8,karé recorded as indigenous kin term used in joking claims.,2026-07-06T09:41:14.547606+00:00
847,/MbutiTurnbull299KS,CentralAfrica,MbutiTurnbull299KS,the Mbuti,ethnic group,the villagers,ethnic group,cross_group,"Text explicitly calls a recurrent joking relationship between Mbuti and villagers, institutionalized to maintain separation.","the Mbuti adopt only the outer form of the village social organization while in the village, in a form of joking relationship between the two groups. The joking relationship and the dual function of the Mbuti principles of organization effectively counter all attempts of the villagers to effect an institutional subordination of the Mbuti.",joking relationship,,unclear,joking_relationship,0.9,,2026-07-06T09:41:20.113946+00:00
951,/Rwandans_Maquet_1961_118_KS,CentralAfrica,Rwandans,young Tutsi,age_set,companions of the young Tutsi as well as older people,group,within_group,"Repeated, socially sanctioned teasing used to train self-control in young Tutsi; intra-societal age/peer practice.","By jeers and scoffing, companions of the young Tutsi as well as older people, tried to make him angry and if he reacted emotionally, he was punished by further jokes. So finally he was able to remain apparently quiet and polite in any circumstances which would have elicited more violent reactions from people not thus trained.",,,non_symmetric,joking_relationship,0.9,,2026-07-06T09:52:51.138702+00:00
952,/Rwandans_Maquet_1961_44_KS,CentralAfrica,Rwandans,grandfather,kin_role,granddaughters,kin_role,kinship,"Text describes recurrent, culturally patterned joking familiarity between grandfathers and granddaughters.",The grandfather called his granddaughters his little wives and his grandsons his love rivals. The reason given for this familiarity is that it helped to cheer up the old people and to train the young ones in socially enjoyable talk.,great familiarity and joking,,symmetric,joking_relationship,0.9,,2026-07-06T09:53:03.093161+00:00
953,/Rwandans_Maquet_1961_44_KS,CentralAfrica,Rwandans,grandfather,kin_role,grandsons,kin_role,kinship,"Text describes recurrent, culturally patterned joking familiarity between grandfathers and grandsons.",The grandfather called his granddaughters his little wives and his grandsons his love rivals. The reason given for this familiarity is that it helped to cheer up the old people and to train the young ones in socially enjoyable talk.,great familiarity and joking,,symmetric,joking_relationship,0.9,,2026-07-06T09:53:03.093161+00:00
954,/Rwandans_Maquet_1961_45_KS,CentralAfrica,Rwandans,sisters,kin_role,brothers,kin_role,kinship,Text describes recurrent playmate relations between sisters and brothers during childhood.,"Sisters and brothers were playmates during their childhood. After puberty their relations were restricted, but certainly not to the point of avoidance.",,,symmetric,joking_relationship,0.9,,2026-07-06T09:53:16.024830+00:00
955,/Rwandans_Maquet_1961_45_KS,CentralAfrica,Rwandans,Ego,kin_role,the daughters of his paternal uncle,kin_role,kinship,"Ego and his paternal uncle's daughters (parallel paternal cousins) exchanged obscene jokes at gatherings, a patterned practice.","Ego considered the daughters of his paternal uncle as sisters with whom there was a marriage prohibition. There was consequently a certain reserve between them which, however, did not prevent them from exchanging obscene jokes at a celebration or a gathering,",,,symmetric,joking_relationship,0.9,,2026-07-06T09:53:16.024830+00:00
956,/Rwandans_Maquet_1961_49_KS,CentralAfrica,Rwandans,Ego,kin_role,female maternal cross-cousins,kin_role,kinship,Text describes recurrent familiar practical jokes and erotic games between Ego and his female maternal cross-cousins—kinship-based pattern.,"As has just been indicated, Ego could enjoy with his female maternal cross-cousins great familiarity expressed in practical jokes, pleasant talk, and erotic games.",great familiarity,,symmetric,joking_relationship,0.9,,2026-07-06T09:53:23.687790+00:00
957,/Rwandans_Maquet_1961_56_KS,CentralAfrica,Rwandans,Ego,kin_role,"WiFa, WiMo, HuFa, HuMo (parents-in-law generation)",kin_role,kinship,Text describes recurrent familiar joking/familiarity between Ego and parents-in-law roles.,"WiFa, WiMo, HuFa, HuMo were addressed by the term used for the grandparents. We know that Ego's conduct towards his grandparents was extremely familiar. He had to use the same term for in-laws and was not allowed to pronounce their name.",Parents-In-Law And Children-In-Law,,non_symmetric,joking_relationship,0.9,Institutionalized pattern of familiar address and licensed liberties toward in-laws described; Ego's deference implies asymmetry.,2026-07-06T09:53:37.652127+00:00
958,/Rwandans_Maquet_1961_56_KS,CentralAfrica,Rwandans,Ego,kin_role,wife's sisters and parallel cousins (assimilated to his wife / privileged partners),kin_role,kinship,Cross-cousin/affinal privileged partnerships entail recurrent familiarity and joking.,Ego's conduct towards his wife's relatives of the same generation depended mainly on the privileged sex partnership. The determination of those who could be partners was conditioned by the simple principle which assimilates a person to his siblings and parallel cousins.,privileged sex partnership,,symmetric,joking_relationship,0.9,"Described as mutual privileged partnership among cross-cousins and affines, linked to joking and familiarity.",2026-07-06T09:53:37.652127+00:00
959,/Rwandans_Newbury_1980_395_KS,CentralAfrica,Rwandans,Ishaza,clan,Mbiriri,clan,within_group,Text explicitly describes a recurrent joking relationship between the two named clans on Ijwi.,"Furthermore, the Ishaza have a joking relationship with the Mbiriri which differentiates them and maintains the differences between them.",joking relationship,,symmetric,joking_relationship,0.9,,2026-07-06T09:53:44.632207+00:00
960,/Rwandans_Pages_1933_179_KS,CentralAfrica,Rwandans,"appointed men of letters, storytellers, bards, genealogists, and historians",group,"habitual frequenters of the court, lords, courtiers, and employees",group,within_group,Text describes recurrent joking and witticisms among court literati and court habitués; patterned intra-court banter.,"The appointed men of letters, storytellers, bards, genealogists, and historians carefully watch their diction. Among them conversation is never dull, for jokes and witticisms abound.",,,symmetric,banter,0.7,,2026-07-06T09:54:06.709498+00:00
961,/Rwandans_Pages_1933_179_KS,CentralAfrica,Rwandans,"habitual frequenters of the court, lords, courtiers, and employees",group,mountain dwellers and those who inhabit the frontiers of the realm,regional group,within_group,"Central court habitués recurrently react (amused/shocked) to frontier/mountain speech, implying patterned teasing or mockery.","Considering the good taste that distinguishes the familiars of the king and the inhabitants of the central province of Nduga, it is not surprising that they should be shocked and amused by the lingo of the mountain dwellers and those who inhabit the frontiers of the realm.",,,non_symmetric,teasing,0.6,Text frames central/elite group as amused by frontier speech; directional (central teases frontier).,2026-07-06T09:54:06.709498+00:00
979,/Suku_Kopytoff_1964_107_KS,CentralAfrica,Suku,Ego,kin_role,his grandfather,kin_role,kinship,Text states Ego–grandfather tie is a culturally recognized joking relationship between kin roles.,"Thus, the relationship between Ego and his grandfather is a joking one (as it is with any true or classificatory grandparent), but in this case it is entirely devoid of any economic, legal, or ritual functions, this grandfather being a member neither of Ego's matrilineage nor of his kitaata.",joking,,symmetric,joking_relationship,0.9,,2026-07-06T09:56:56.041511+00:00
980,/Suku_Kopytoff_1965_456_KS,CentralAfrica,Suku,the boys,age_set,their parents,kin_role,kinship,Initiates systematically forced to admit incest and make sexual jokes about parents during seclusion; kin-based licensed teasing.,Some of this hazing may border on physical cruelty; much of it consists in forcing the boys into admitting imaginary incestuous relations and making sexual jokes about their parents—behavior that would be unthinkable under normal circumstances.,,,non_symmetric,joking_relationship,0.9,,2026-07-06T09:57:13.986623+00:00
981,/Suku_Kopytoff_1965_456_KS,CentralAfrica,Suku,the boys,age_set,women,group,within_group,Initiates learn dances and songs that are routinely derisive of women during circumcision seclusion.,"During their residence, they learn various dances and songs (most of which are derisive of women) and they are exposed to systematic hazing by their elders.",,,non_symmetric,joking_relationship,0.9,,2026-07-06T09:57:13.986623+00:00
982,/Suku_Kopytoff_1965_456_KS,CentralAfrica,Suku,the boys,age_set,anyone using their old names,group,within_group,After initiation they may collect fines from anyone using old names—a culturally sanctioned teasing/punitive liberty.,They have now acquired new names and may collect a fine from anyone using their old ones.,,,non_symmetric,joking_relationship,0.85,Interpersonal fines are a sanctioned practice tied to initiates' new status; coded as within-group licensed teasing.,2026-07-06T09:57:13.986623+00:00
983,/Suku_Kopytoff_1971_86_KS,CentralAfrica,Suku,patrilateral cross-cousin,kin_role,ego,kin_role,kinship,Text states ego jokes with patrilateral cross-cousin as a culturally defined kin joking slot.,"a person can shift from the slot of patrilateral cross-cousin (with whom one jokes, and whom, if female, one can marry) to the slot of “father” or “father's sister” (whereupon one stops joking and starts respecting and marriage becomes forbidden).",jokes,,symmetric,joking_relationship,0.95,,2026-07-06T09:57:22.889843+00:00
1026,/Teda_LeCoeur_1950_6_KS,CentralAfrica,Teda,men,group,women,group,within_group,"Recurring, culturally patterned joking and reproach between men and women at wedding rituals.","They exchange jokes, the women reproach the man for his violence, the men reproach the woman for having resisted. ... With the grain that is then gathered, the young wife, assisted by her friends, cooks the first conjugal dish. The father of the wife generally gives his son-in-law a gift called: cenofor, equal or superior to those that he had received from him. The marriage ceremonies have ended. But during the weeks that follow, the two spouses still receive many gifts called kobori which, for the young woman, consist chiefly of household objects given her by the other women of the two families. The couple build their hut near that of the woman's mother, and the husband generally waits one or two years, or even until the birth of his first child, to pay the luli, which permits him, if he wishes, to install his household near his own mother.",joking during wedding / conjugal banter,,symmetric,joking_relationship,0.8,"Joking is ritualized around wedding acts (pestle contest), exchanged by both sexes.",2026-07-06T10:01:48.062708+00:00
403,/Amhara_Levine_1964_134_KS,EasternAfrica,Amhara,Amhara students,group,foreign teachers,group,cross_group,"Text describes recurrent informal, joking relations between Amhara students and foreign teachers in the school context.","The ambiguous status of foreign teachers and their frequent inability or unwillingness to play the traditional authoritarian role tends to weaken this, for the possibility of informal, even joking, relations with foreign teachers gives Amhara students their first taste of a more relaxed relation to authority figures.","informal, even joking, relations",,non_symmetric,joking_relationship,0.7,"Joking arises from school power dynamics; students exploit permissiveness, indicating asymmetry.",2026-07-06T08:55:01.659533+00:00
404,/Amhara_Levine_1964_255_KS,EasternAfrica,Amhara,inferiors,group,superiors,group,within_group,Text describes culturally patterned teasing between social-role inferiors and superiors within Amhara hierarchy.,"The egoistic element in the hierarchical pattern is further modified by a sort of joking relationship that sometimes develops between inferiors and superiors. The harsh interrogation of inferiors at times shades into a sort of wry banter; sons or servants may be called “thief” or “scoundrel” in an undertone of unmistakable affection. At times, moreover, the direction of the jesting may be reversed. Amhara servants are noted for playing practical jokes on their masters, which the latter usually appreciate when the jests are clever.",joking relationship,,mixed,joking_relationship,0.95,,2026-07-06T08:55:08.354254+00:00
405,/Amhara_Levine_1965_255_KS,EasternAfrica,Amhara,sons,kin_role,superiors,group,within_group,Text describes recurrent wry banter between sons and their superiors within hierarchy.,The egoistic element in the hierarchical pattern is further modified by a sort of joking relationship that sometimes develops between inferiors and superiors. The harsh interrogation of inferiors at times shades into a sort of wry banter; sons or servants may be called “thief” or “scoundrel” in an undertone of unmistakable affection.,joking relationship,,mixed,joking_relationship,0.9,,2026-07-06T08:55:18.964696+00:00
406,/Amhara_Levine_1965_255_KS,EasternAfrica,Amhara,servants,group,masters,group,within_group,"Ethnographer notes pattern where servants play practical jokes on masters, a recurrent institutionalized teasing.","At times, moreover, the direction of the jesting may be reversed. Amhara servants are noted for playing practical jokes on their masters, which the latter usually appreciate when the jests are clever.",practical jokes / jesting,,mixed,joking_relationship,0.95,,2026-07-06T08:55:18.964696+00:00
407,/Amhara_Messing_1956_69_KS,EasternAfrica,Amhara,Aläqa Gäbre-Hanna,person,Emperor Menelik,person,within_group,"Recurring licensed teasing by Aläqa toward the emperor, a culturally permitted frankness.","No one else would have dared such a remark, but he was popular with Emperor Menelik and especially with the Empress Taitu, and could tell them certain frank truths and tease them with irony in a semi-polite manner.",licensed teasing / privileged familiarity,,non_symmetric,joking_relationship,0.7,Aläqa's teasing is individual but tied to his social role and status at court.,2026-07-06T08:55:30.534172+00:00
408,/Amhara_Messing_1956_69_KS,EasternAfrica,Amhara,Aläqa Gäbre-Hanna,person,Empress Taitu,person,within_group,"Text reports he could tease the Empress with semi-polite irony, indicating recurrent privileged familiarity.","No one else would have dared such a remark, but he was popular with Emperor Menelik and especially with the Empress Taitu, and could tell them certain frank truths and tease them with irony in a semi-polite manner.",licensed teasing / privileged familiarity,,non_symmetric,joking_relationship,0.7,"Empress Taitu often protected him when he had gone too far, implying an established tolerated relationship.",2026-07-06T08:55:30.534172+00:00
409,/Amhara_Messing_1985_195_KS,EasternAfrica,Amhara,elder brothers,kin_role,younger brothers,kin_role,kinship,Text explicitly describes a recurrent joking relationship between same-sex siblings; kin-based pattern between elder and junior brothers.,"Elder brothers may and do discipline their juniors, despite the superficial “joking relationship” between siblings of the same sex.",joking relationship,,symmetric,joking_relationship,0.9,,2026-07-06T08:55:37.479726+00:00
410,/Amhara_Messing_1985_263_KS,EasternAfrica,Amhara,little girls,group,boys,group,within_group,"Text describes a recurrent, named joking relationship (waza) between girls and boys in play.","Sometimes somewhat older girls meet boys with whom they have established an experimental “joking relationship” ( waza ), and play house, building little huts out in the fields during the dry season, within the hamlet in the rainy season.",waza,waza,symmetric,joking_relationship,0.9,,2026-07-06T08:56:11.613450+00:00
411,/Amhara_Messing_1985_263_KS,EasternAfrica,Amhara,little boys,group,Begemidir,regional group,cross_group,"Ethnocentric, recurrent teasing ('art of insult') targets named regions—patterned cross-group teasing by boys.","Little boys begin to practice the “art of insult” (brain, not only brawn) e.g. such ethnocentric insults as the following:

Question: “Where are you from?”

Reply:

“Begemidir”,

Response:

“Land of shysters and quibblers.”",art of insult,,non_symmetric,insulting_license,0.8,,2026-07-06T08:56:11.613450+00:00
412,/Amhara_Messing_1985_263_KS,EasternAfrica,Amhara,little boys,group,Shewa,regional group,cross_group,"Ethnocentric, recurrent teasing ('art of insult') targets named regions—patterned cross-group teasing by boys.","Question: “Where are you from?”

Reply:

“Shewa”,

Response:

“Land of liars and traitors.”",art of insult,,non_symmetric,insulting_license,0.8,,2026-07-06T08:56:11.613450+00:00
413,/Amhara_Messing_1985_263_KS,EasternAfrica,Amhara,little boys,group,Gojjam,regional group,cross_group,"Ethnocentric, recurrent teasing ('art of insult') targets named regions—patterned cross-group teasing by boys.","Question: “Where are you from?”

Reply:

“Gojjam”,

Response:

“Land of sorcerers (buda).”",art of insult,,non_symmetric,insulting_license,0.8,,2026-07-06T08:56:11.613450+00:00
414,/Amhara_Messing_1985_263_KS,EasternAfrica,Amhara,little boys,group,Gonder,regional group,cross_group,"Ethnocentric, recurrent teasing ('art of insult') targets named regions—patterned cross-group teasing by boys.","Question: “Where are you from?”

Reply:

“Gonder”,

Response:

“Gossipers and blabbermouths.”",art of insult,,non_symmetric,insulting_license,0.8,,2026-07-06T08:56:11.613450+00:00
415,/Amhara_Messing_1985_263_KS,EasternAfrica,Amhara,little boys,group,Gurag[unknown]e,regional group,cross_group,"Ethnocentric, recurrent teasing ('art of insult') targets named regions—patterned cross-group teasing by boys.","Question: “Where are you from?”

Reply:

“Gurag[unknown]e”,

Response:

“Land of tricksters.”",art of insult,,non_symmetric,insulting_license,0.75,Ethnographic orthography uncertain (missing characters in source).,2026-07-06T08:56:11.613450+00:00
416,/Amhara_Messing_1985_263_KS,EasternAfrica,Amhara,little boys,group,Tigrai,regional group,cross_group,"Ethnocentric, recurrent teasing ('art of insult') targets named regions—patterned cross-group teasing by boys.","Question: “Where are you from?”

Reply:

“Tigrai”,

Response:

“Land of hotheads.”",art of insult,,non_symmetric,insulting_license,0.8,,2026-07-06T08:56:11.613450+00:00
417,/Amhara_Messing_1985_263_KS,EasternAfrica,Amhara,older boys,group,boys of eight or nine who aspire to deaconhood,age_set,within_group,Recurring mock-examinations/hazing of deacon candidates by older boys described as ritualized practice.,"Boys of eight or nine who aspire to deaconhood at the next New Year holy days are mock-examined by older boys who have achieved that status. The candidate must carry each of them several times around the churchyard, and must recite and chant liturgical prayers for them for hours.",mock-examination (hazing),,non_symmetric,teasing,0.7,,2026-07-06T08:56:11.613450+00:00
418,/Amhara_Messing_1985_269_KS,EasternAfrica,Amhara,Arab traders,ethnic group,Orthodox Amhara women,group,cross_group,"Recurring, culturally patterned teasing by Arab traders toward Orthodox Amhara women in market stores.","Arab traders, particularly, like to joke with Orthodox Amhara women when the latter come to their stores; e.g., teasingly refusing to hand over goods after purchase has been made, or if the customer finds the price on a desired item too high, suggesting that payment might be made “another way”.",joke/tease in stores,,non_symmetric,teasing,0.8,,2026-07-06T08:56:19.013882+00:00
419,/Amhara_Messing_1985_323_KS,EasternAfrica,Amhara,zar society,group,sibling devotees,kin_role,within_group,"Text describes recurring, culturally patterned 'sibling jokes' among zar devotees within the zar society.","In either case they enjoy recreation and amusement with the “sibling” devotees, with whom they can gossip and enact sibling jokes, such as playfully accusing each other of minor oversights in the service of the zar (it often takes this form).",sibling jokes,,symmetric,joking_relationship,0.9,,2026-07-06T08:56:26.354646+00:00
452,/Bagisu_Heald_1989_163_KS,EasternAfrica,Bagisu,members of different lineages,lineage,members of different lineages,lineage,within_group,Text describes bukulo as a hereditary joking tie linking different lineage segments as bakulo partners.,"In the 1960s, bukulo was a hereditary joking relationship which held between members of different lineages and linked members as joking partners (bakulo) to each other.",bukulo / bakulo,bukulo,symmetric,joking_relationship,0.9,Document describes typical links between small neighbouring lineage segments within Bagisu; partners are non-kin and hold licensed abuse.,2026-07-06T08:59:57.435184+00:00
453,/Bagisu_LaFontaine_1959_26_KS,EasternAfrica,Bagisu,minor lineage,lineage,minor lineage,lineage,within_group,Text describes bagulo as a recurring joking tie between two minor lineages within Bagisu society.,A special tie is that known as bagulo which involves two lineages in a joking relationship. Members of lineages who are bagulo joke with one another and may seize one another's property with impunity.,bagulo,bagulo,symmetric,joking_relationship,0.9,Document frames bagulo as a culturally sanctioned recurring tie between minor lineages; no specific lineage names given.,2026-07-06T09:00:10.629734+00:00
454,/Bagisu_LaFontaine_1959_28_KS,EasternAfrica,Bagisu,maternal grandparents,kin_role,grandchildren,kin_role,kinship,Text describes recurrent joking between maternal grandparents and grandchildren.,"With the maternal grandparents there is a form of joking which is common: they use the terms for sibling of the same sex and spouse to one another and may demand small gifts in an abrupt, rough manner.",,,symmetric,joking_relationship,0.9,,2026-07-06T09:00:20.933165+00:00
455,/Bagisu_LaFontaine_1959_28_KS,EasternAfrica,Bagisu,paternal grandmother,kin_role,grandchildren,kin_role,kinship,Text notes joking may also be indulged with the paternal grandmother toward grandchildren.,This joking may also be indulged with the paternal grandmother; it is rarely used to the paternal grandfather.,,,symmetric,joking_relationship,0.85,Joking is less common with paternal grandfather; paternal grandmother included as occasional partner.,2026-07-06T09:00:20.933165+00:00
472,/Banyoro_Beattie_1958_15_KS,EasternAfrica,Banyoro,muko,kin_role,isezara,kin_role,kinship,"Recurrent, culturally specified asymmetric licensed familiarity between son-in-law and wife's father.","He may not address his wife's father by his personal name (though his wife's father may so address him); he must address him by terms expressing their different statuses, such as waitu, munyoro, or mukama wange (‘sir’, ‘lord’, or ‘my master’), or by his mpako or praise-name.",rules / inequality of relationship,muko; isezara,non_symmetric,insulting_license,0.9,,2026-07-06T09:02:02.778377+00:00
473,/Banyoro_Beattie_1958_16_KS,EasternAfrica,Banyoro,a man,kin_role,his wife's sister (muramu / baramu),kin_role,kinship,"Text explicitly describes muramu/baramu as reciprocal, familiarly joking ties between a man and his wife's sister.","A man calls his wife's sisters, and his brothers' wives, baramu (sing. muramu), or baramukati (i.e. baramu women). ... Thus a man thinks of his relationship with his female baramu as intimate and friendly; they are ‘like wives’. He can talk and joke familiarly with them.",baramu / muramu,muramu,symmetric,joking_relationship,0.9,,2026-07-06T09:02:22.509013+00:00
474,/Banyoro_Beattie_1958_16_KS,EasternAfrica,Banyoro,a man,kin_role,his brother's wife (baramu / baramukati),kin_role,kinship,Brother's wife is explicitly listed as baramu/baramukati with joking familiarity between opposite sexes.,"A man calls his wife's sisters, and his brothers' wives, baramu (sing. muramu), or baramukati (i.e. baramu women). ... Thus a man thinks of his relationship with his female baramu as intimate and friendly; they are ‘like wives’. He can talk and joke familiarly with them.",baramu / baramukati,baramukati,symmetric,joking_relationship,0.9,,2026-07-06T09:02:22.509013+00:00
475,/Banyoro_Beattie_1958_16_KS,EasternAfrica,Banyoro,a man,kin_role,his wife's brother (baramu / also baisezara in some contexts),kin_role,kinship,Wife's brother is called baramu but also sometimes baisezara; male baramu have a more formal relation though noted as affinal tie.,"He also uses the term baramu for his wife's brothers, and his sisters' husbands. ... But a man's male muramu is at the same time either muko to the agnatic group to which that man belongs, or else he is one of the group of that man's baisezara. In either case he must be treated with something of the politeness and ceremony ...",baramu (male),baramu,mixed,joking_relationship,0.85,Male baramu have partial joking but also formal duties; text marks dual status (baramu vs baisezara/muko).,2026-07-06T09:02:22.509013+00:00
476,/Banyoro_Beattie_1958_18_KS,EasternAfrica,Banyoro,bwihwa relationship (man/nephew),kin_role,group of his mother's agnates,kin_role,kinship,"Text frames bwihwa as an ambivalent, recurrent relation of familiarity/restraint between a man and mother's agnates.","There is, then, a manifest ambivalence in the bwihwa relationship. For in it are focused a man's relations with the whole group of his mother's agnates...and to this group he is at one and the same time a child whom they have borne, and an ‘outsider’.",bwihwa,bwihwa,mixed,joking_relationship,0.9,Bwihwa treated as Radcliffe-Brown-type joking/ambivalent relation (conjunctive/disjunctive components).,2026-07-06T09:02:33.035663+00:00
477,/Banyoro_Beattie_1958_20_KS,EasternAfrica,Banyoro,mwihwa,kin_role,nyinarumi's wife,kin_role,kinship,Explicit culturally permitted familiar joking between sister's son (mwihwa) and his mother's-brother's wife.,He may not 'climb on to nyinarumi's bed' or sleep with his wife (though he may joke familiarly with her).,privileged familiarity,,non_symmetric,joking_relationship,0.9,"Text frames joking as a permitted, recurrent liberty within avuncular/nepotic relations; mwihwa appears granted license to tease the wife.",2026-07-06T09:02:41.337216+00:00
478,/Banyoro_Beattie_1958_332_KS,EasternAfrica,Banyoro,banyinarumi,kin_role,baihwa,kin_role,kinship,Document describes recurrent familiar joking privileges between mother's brothers (banyinarumi) and sisters' children (baihwa).,"This affectionate intimacy also extends to the mother's brothers, banyinarumi.... A sister's son may take certain liberties in his nyinarumi's house; he may help himself uninvited to food, and may take or borrow almost everything he wants. He may joke familiarly with his mother's brother's wives, though he may not sleep with them.",,banyinarumi / baihwa,mixed,joking_relationship,0.9,,2026-07-06T09:02:56.289095+00:00
479,/Banyoro_Beattie_1958_332_KS,EasternAfrica,Banyoro,banyinarumi's wives,kin_role,mwana / mwihwa,kin_role,kinship,Text explicitly states the sister's son (mwana/mwihwa) may joke familiarly with his mother's brother's wives as a permitted recurrent liberty.,"A sister's son may take certain liberties in his nyinarumi's house; he may help himself uninvited to food, and may take or borrow almost everything he wants. He may joke familiarly with his mother's brother's wives, though he may not sleep with them.",,mwana / mwihwa,non_symmetric,joking_relationship,0.9,Privilege mainly exercised by the sister's son toward the mother's brother's wives; asymmetry in liberties.,2026-07-06T09:02:56.289095+00:00
480,/Banyoro_Beattie_1958_338_KS,EasternAfrica,Banyoro,grandparent,kin_role,grandchild,kin_role,kinship,"Text describes recurrent, culturally permitted familiar joking between grandparents and grandchildren.","The relations between grandparents and grandchildren are friendly and intimate, contrasting strongly with the father-child relationship. It is permissible for a grandchild to touch his grandfather's hair or beard, which he may not do in the case of his father. A boy may joke familiarly with his grandparents, and they are said to spoil and over-feed their grandchildren and treat them indulgently.",,,symmetric,joking_relationship,0.95,,2026-07-06T09:03:06.971915+00:00
481,/Banyoro_Beattie_1958_338_KS,EasternAfrica,Banyoro,grandchild,kin_role,grandfather's wives,kin_role,kinship,Document notes a recurring licensed joking practice: youths jokingly call their grandfather's wives their own.,"Banyoro sometimes say that a grandfather is ‘like a brother’. Consistently with this, a youth may jokingly call his grandfather's wives his wives. This terminological usage need not always have a primarily sexual reference (though it does sometimes, e.g. in the case of a brother's wives).",,,symmetric,joking_relationship,0.9,,2026-07-06T09:03:06.971915+00:00
482,/Banyoro_Beattie_1960_55_KS,EasternAfrica,Banyoro,grandparents,kin_role,grandchildren,kin_role,kinship,"Text describes recurrent, culturally permitted joking/play between grandparents and grandchildren.","The relations between grandparents and grandchildren are friendly and intimate, contrasting strongly with those between fathers and sons. A boy may joke and play with his grandfather in a way which would not be permissible with his father, and Nyoro grandparents, like their Western counterparts, are often said to “spoil” their grandchildren.",friendly/intimate joking,,symmetric,joking_relationship,0.9,,2026-07-06T09:03:13.307426+00:00
486,/Bena_Culwick_1935_199_KS,EasternAfrica,Bena,mama (elder brother),kin_role,yaya (maternal uncle),kin_role,kinship,Age-based substitution of kin terms used jokingly between kin roles (Towegale example).,"Towegale inherited his seventh wife, Samweti binti Mbago ( ), from a man whom he called his mama (elder brother), but who was really an absurdly young yaya (maternal uncle), for Towegale's mother also called him brother.",,,unclear,joking_relationship,0.85,Pattern: deliberate use of an elder-brother term in place of maternal-uncle as a joking/age-adjusted relation.,2026-07-06T09:04:03.660809+00:00
487,/Bena_Culwick_1935_199_KS,EasternAfrica,Bena,maternal uncle,kin_role,cross-cousin,kin_role,kinship,Cross-cousins labelled as maternal-uncle/niece jokingly for marriage eligibility and age adjustment.,"Similarly, Ndaliwali was called Binti Bilali's (39) maternal uncle because she was of suitable age to marry his son Mtengera, but really Ndaliwali and she were cross-cousins of the same generation.",,,unclear,joking_relationship,0.9,Shows culturally patterned relabelling for marriage negotiation; institutionalized joking kin-term substitution.,2026-07-06T09:04:03.660809+00:00
488,/Bena_Culwick_1935_199_KS,EasternAfrica,Bena,father,kin_role,son,kin_role,kinship,Younger man half-jokingly calls older man 'father' due to affinal tie; invokes reciprocal obligations.,"Again, a half-grown youth addressed (half jokingly, it must be admitted) a young man only a few years his senior as “father,” because the latter had taken to wife the young sister of the former's mother. But joke or no joke, the “father” had to feed his “son” when called upon by him to do so, when they were both travelling with the writers.",,,non_symmetric,joking_relationship,0.9,"Joking address creates a recognized duty (feeding), indicating institutionalized licensed familiarity.",2026-07-06T09:04:03.660809+00:00
489,/Bena_Culwick_1935_337_KS,EasternAfrica,Bena,mother's brother,kin_role,boys,kin_role,kinship,Text describes culturally patterned avuncular familiarity and teasing between mother's brother and boys (nephews).,"The male relative whom the Wabena regard with most affection is, then, not their father but their mother's brother, on whom the boys in particular look as their best friend and counsellor.  ...  This is the more noticeable in that the Mbena is a great tease among those with whom he is thoroughly at his ease.",best friend and counsellor,,mixed,joking_relationship,0.8,,2026-07-06T09:04:13.088248+00:00
490,/Bena_Swartz_1968_42_KS,EasternAfrica,Bena,cross-cousin,kin_role,sibling in-law,kin_role,kinship,Text states cross-cousin or sibling-in-law terms imply freedom of expression and lack of restraint (licensed joking).,"Thus, a person with whom one is on good terms and who is thought to be a relative who is about one's own age and general status will be addressed by cross-cousin or sibling in-law terms implying freedom of expression, lack of restraint concerning joking and matters of bodily functions (i.e. sex and elimination can be freely and frankly discussed).",freedom of expression / lack of restraint,,symmetric,joking_relationship,0.9,,2026-07-06T09:04:31.110765+00:00
491,/Bena_Swartz_1968_42_KS,EasternAfrica,Bena,grandparent,kin_role,grandchild,kin_role,kinship,"Text says grandparental terms imply comradeship and freedom from restraint, indicating licensed joking between generations.",A much older putative relative will be the object of grandparental terms again implying comradeship and freedom from restraint.,comradeship / freedom from restraint,,symmetric,joking_relationship,0.85,,2026-07-06T09:04:31.110765+00:00
492,/Bena_Swartz_1968_44_KS,EasternAfrica,Bena,vatani,kin_role,vatani,kin_role,kinship,"Text describes recurrent mild teasing/horseplay among own-generation kin (vatani), a patterned kin joking practice.","Conversely, anyone classed with the vatani can be treated more freely and although the rather strong pressure for joking behavior noted for other groups toward people in this category (see footnote 5) is absent, there is sometimes horseplay and the exchange of mild teasing and ‘friendly’ insults among vatani.",,vatani,symmetric,joking_relationship,0.9,,2026-07-06T09:04:38.751757+00:00
496,/Chagga_Guttman_1926_143_KS,EasternAfrica,Chagga,two elders (representing opposing parties),kin_role,two elders (representing opposing parties),kin_role,within_group,Ritualized mutual scolding and dirty jokes between elders to mark separation; recurring ceremonial practice.,"The two elders, with the ditch between them, begin to scold each other violently and to incite each other into a fighting spirit. ""Lumae sonu, via kindo kja sonu, kuiho-se msiki lurentse kifa kjakefo — Let us eliminate the disgrace. Say something disgraceful. There is no sib sister anymore on whose account we would have to be bashful."" The other elder follows up with a dirty joke.",Lupariane mfo (ceremonial scolding/toy fighting),Lupariane mfo,symmetric,joking_relationship,0.76,"Elders act as ritual representatives of opposing parties/sibs; text frames the scolding and dirty joke as an important, recurrent ceremonial demonstration.",2026-07-06T09:05:22.926453+00:00
497,/Chagga_Guttman_1926_305_KS,EasternAfrica,Chagga,young men,age_set,young men,age_set,within_group,"Document states momo began as a joking form of address among same-age young men, a patterned age-grade practice.","At the present time, a new designation for the members of the same age grade makes its appearance in the Kibosho district: momo, which in the Kibosho dialect means heifer. It started as a joking form of address among young men, and is now the fashionable word of Kibosho.",momo (joking form of address),momo,symmetric,joking_relationship,0.9,,2026-07-06T09:05:39.004536+00:00
498,/Chagga_Guttman_1926_455_KS,EasternAfrica,Chagga,Rindi of Moshi,village,Sina of Kibosho,village,cross_group,Recurring rivalry allows sanctioned ridicule between the two chieftains/communities; messenger exploited this teasing to defuse danger.,"Rindi of Moshi and Sina of Kibosho were bitter enemies.
...
He stepped before Sina and talked in broken Chagga language: “Here, councellor, cousin yours yours sends it”
...
Sina had to laugh, and all of his men shook with laughter (menge ikavika nawanawa seko).",bitter enemies / mutual ridicule,,symmetric,joking_relationship,0.6,Text implies recurrent teasing/ridicule between the two communities' warriors rather than one-off private joking.,2026-07-06T09:05:54.153313+00:00
499,/Chagga_Guttman_1926_80_KS,EasternAfrica,Chagga,bride,kin_role,younger sister,kin_role,kinship,"Ritualized, recurrent teasing act (beer theft) between bride and her younger sister in marriage ceremony.",It is customary that the bride ask her younger sister to remove some of the beer surreptitiously from the first barrel while the men come and go to fill the barrel gradually. ... This joke is a token of her love.,,,non_symmetric,joking_relationship,0.8,,2026-07-06T09:06:05.865198+00:00
500,/Chagga_Raum_1940_264_KS,EasternAfrica,Chagga,novices of the play-group,age_set,older boys / experienced boys,age_set,within_group,"Recurring, culturally patterned practical jokes as initiation within child play-groups; hierarchical older→novice teasing.","The novices of the play-group have to undergo a severe introductory training in the form of practical jokes. ... A species of bird called kilepuru, they are told by the experienced boys, can be caught if approached with closed eyes. The novice gropes about for one and after some fumbling opens his eyes. The birds are gone and he is mocked: ‘Why on earth did you open your eyes!’",introductory training / practical jokes,,non_symmetric,joking_relationship,0.9,,2026-07-06T09:06:16.378823+00:00
501,/Chagga_Raum_1940_279_KS,EasternAfrica,Chagga,nurses,kin_role,the girl that wriggles,kin_role,within_group,Routine play-group ordeal where nurses are ordered to test and then laugh at the wriggling girl; patterned teasing role.,"When children discover ants marching along, the nurses among them are ordered to put a finger into the column. The girl that wriggles about uneasily is bitten, while the experienced girl keeps still and is not attacked. The former is laughed at for having eaten the baby's food.",,,non_symmetric,teasing,0.7,Nurses and novice/younger girls occupy recurrent testing/teasing roles in the play-group's ordeal.,2026-07-06T09:06:31.352706+00:00
502,/Chagga_Raum_1940_279_KS,EasternAfrica,Chagga,boys,group,an unpopular boy,kin_role,within_group,"Concerted, recurrent practice of boys throwing Solanum fruits to punish or tease an unpopular boy; culturally patterned within play-group.","Boys usually carry a few in the folds of their garments. They are sometimes thrown in fun at a child looking in another direction. Occasionally such an attack develops into a concerted action, punishing a boy for his unpopularity, his boasts, his unfair methods of play, and his betrayal of pasture secrets.",,,non_symmetric,teasing,0.6,Extracted as a patterned intra-group joking/punitive practice rather than isolated pranks.,2026-07-06T09:06:31.352706+00:00
503,/Chagga_Raum_1940_330_KS,EasternAfrica,Chagga,young men,age_set,girls of one's own age,age_set,within_group,Text states young men may jest with girls of their own age; framed as institutionalized joking facilitating courtship.,"Manly conduct demands detachment from the female sex and the younger age-groups. For this reason, young men should avoid jesting with their juniors or womenfolk. The only exceptions are the wife of the mother's brother and girls of one's own age, who have been taught not to revile men.

The implications are deeper. The joking relationship with young women facilitates the contact of potential marriage partners.",joking relationship with young women,,symmetric,joking_relationship,0.9,,2026-07-06T09:06:50.703012+00:00
504,/Chagga_Raum_1940_330_KS,EasternAfrica,Chagga,young men,age_set,wife of the mother's brother,kin_role,kinship,Explicitly described as an exception: an institutionalized joking tie with mother's brother's wife to reduce awe.,"The only exceptions are the wife of the mother's brother and girls of one's own age, who have been taught not to revile men.

The similar relationship with a member of the parental generation, the mother's brother's wife, is a mechanism to counteract the awe of her husband which has been inculcated.",joking relationship,,symmetric,joking_relationship,0.95,,2026-07-06T09:06:50.703012+00:00
505,/Chagga_Raum_1940_348_KS,EasternAfrica,Chagga,members of an age-group (young men),age_set,girls of his own age,age_set,within_group,Text describes a culturally recognized joking relationship tied to age-groups between sexes.,"Like the Nuer, the Chaga stands in a joking relationship with girls of his own age, but for the latter this does not preclude marriage, whereas for the former it does.",joking relationship,,non_symmetric,joking_relationship,0.9,,2026-07-06T09:06:57.591721+00:00
550,/Ganda_Mair_1934_163_KS,EasternAfrica,Ganda,the peasants,group,the chiefs,group,within_group,Text describes recurring peasants' humorous speech directed to chiefs as a cultural practice.,"In the old days, the peasants would visit the chiefs and use all sorts of humorous phrases, thus pleasing them greatly. They made feasts for them and gave them gifts.",joke-telling to chiefs,,non_symmetric,joking_relationship,0.8,,2026-07-06T09:12:12.909660+00:00
551,/Gikuyu_Davison_1996_116_KS,EasternAfrica,Gikuyu,the ones who did not have their ears pierced,group,those who had their ears pierced,group,within_group,Piercing marks an age/peer boundary; explicit mutual exclusion from joking is culturally patterned.,"The ones who did not have their ears pierced were like fools, because they were trying to cut themselves off from the community. We would not joke with them, nor could they joke about with us.",,,symmetric,avoidance,0.9,Age/peer grouping implied by 'agemates' and ear-piercing practice; text frames reciprocal prohibition on joking.,2026-07-06T09:12:23.280573+00:00
552,/Gikuyu_Davison_1996_120_KS,EasternAfrica,Gikuyu,girls,group,young uncircumcised boys,age_set,within_group,"Recurring, culturally noted joking between girls and younger (uncircumcised) boys in the community.","Girls continue to joke around with younger boys even when they are grown. ... And now, young uncircumcised boys are being called “men” by girls, so they feel grown-up and can joke about with the girls.",joke around,,unclear,joking_relationship,0.7,Configured as within-group age/gender patterned joking; text implies a culturally patterned licenced familiarity tied to age/circumcision status.,2026-07-06T09:12:33.550451+00:00
553,/Gikuyu_Davison_1996_173_KS,EasternAfrica,Gikuyu,circumcised girls,age_set,uncircumcised girls,age_set,within_group,Text states joking norms tied to circumcision status and age groups within society.,"One became mature. It was very important in those days, because when one got circumcised, one would not joke about with uncircumcised girls and they would give us respect.",,,non_symmetric,joking_relationship,0.9,Institutional norm: circumcised girls refrain from joking with uncircumcised girls; indicates regulated joking by riika membership.,2026-07-06T09:12:58.435436+00:00
554,/Gikuyu_Davison_1996_173_KS,EasternAfrica,Gikuyu,circumcised young women,age_set,uncircumcised young men,age_set,within_group,Explicit recurrent permission to talk and joke across sexes tied to circumcision/age status.,"Once circumcised, a young woman could talk and joke with young, uncircumcised men, but we did not move with them sexually until one got married.",,,symmetric,joking_relationship,0.95,"Patterned, sanctioned teasing/interaction between riika-status women and men.",2026-07-06T09:12:58.435436+00:00
555,/Gikuyu_Davison_1996_173_KS,EasternAfrica,Gikuyu,girls who went for Irua,age_set,girls who went for Irua,age_set,within_group,Text describes recurring joking among girls initiated together (Irua riika members).,"And another thing, there are no mariika today. The girls who went for Irua stayed friends and would talk until dark, asking each other questions… about the day and joking with each other.",,Irua,symmetric,joking_relationship,0.9,Irua initiates form an age-group joking network (riika membership).,2026-07-06T09:12:58.435436+00:00
556,/Gikuyu_Davison_1996_83_KS,EasternAfrica,Gikuyu,members of the same mariika,age_set,members of the same mariika,age_set,within_group,Text describes culturally patterned licensed joking and greeting among same mariika (age-set) members.,"People of different mariika would not abuse each other or even greet each other. But you, if you were of my same age group, when we met we would greet one another and laugh and tell jokes or do anything we wanted together.",playmates / licensed joking among same mariika,mariika,symmetric,joking_relationship,0.9,,2026-07-06T09:13:09.883898+00:00
557,/Gikuyu_Davison_1996_90_KS,EasternAfrica,Gikuyu,those who had been circumcised,age_set,those who had not been circumcised,age_set,within_group,Text describes recurrent teasing/licensed insults between circumcised and uncircumcised as culturally patterned.,"Wamutira: But nowadays, things are better because nobody calls another karigũ [silly uncircumcised girl] or kahiĩ [same applied to a boy], and so there are no fights between the circumcised and uncircumcised.

Muthoni: Now, you can't tell the difference between one who is circumcised and one who is not. Long ago, if you were of my age group and we met and my ears were pierced, you would never joke with me or abuse me until yours were pierced, too.",circumcised vs uncircumcised teasing,karigũ; kahiĩ,symmetric,joking_relationship,0.9,,2026-07-06T09:13:21.925597+00:00
558,/Gikuyu_Davison_1996_91_KS,EasternAfrica,Gikuyu,agemates,age_set,other mariika,group,within_group,"Text states joking is practiced with one's agemates but not with members of other mariika, a patterned intra-societal licensing.","With agemates, you can joke about things like that—where you spent the night and who was there. But with those of other mariika, you had nothing to talk about.",,,non_symmetric,joking_relationship,0.7,Document frames joking as licensed among age-mates and absent toward members of other 'mariika' (unspecified subgroup).,2026-07-06T09:13:31.429782+00:00
559,/Gikuyu_Kenyatta_1953_160_KS,EasternAfrica,Gikuyu,young men of his own age-group,age_set,young women of her age-group,age_set,within_group,"Age-groups collectively ridicule, ostracise and dine with transgressors—patterned sanctioning between same-age male and female groups.","The fine for this is nine sheep or goats and three big, fat sheep (ndorome) as the kiama fees. Besides this, the man is made a social outcast or “sent to Covertry” (kohingwo) by all the young men and girls of his own age-group. ... She pays a fine by providing a feast to the men and the girls of her age-group. She is also liable to ridicule (kohingwo and gocambio).",,kohingwo; gocambio,symmetric,joking_relationship,0.7,Text frames sanctions and ridicule as actions by the age-groups toward transgressing members of opposite sex in the same age-set.,2026-07-06T09:13:48.281925+00:00
560,/Gikuyu_Kenyatta_1953_160_KS,EasternAfrica,Gikuyu,people who know,group,young man dancing with his cousin,kin_role,kinship,Community members publicly laugh and joke to warn a man who mistakenly dances with his cousin—recurrent warning via joking tied to kin relation.,"During festival dances, where people from various districts meet and dance together, it is not always possible to recognise a relative who comes from far away, and a man may sometimes be seen dancing with his cousin by mistake. When this happens, people who know will start laughing and joking to warn the young man of his error.",,,symmetric,joking_relationship,0.6,Actors described as 'people who know' warn the man; coded as kinship because joking targets cousin taboo.,2026-07-06T09:13:48.281925+00:00
561,/Gikuyu_Kenyatta_1953_16_KS,EasternAfrica,Gikuyu,grandparents,kin_role,grandchildren,kin_role,kinship,Text describes recurring freedom in playing and joking between grandparents and grandchildren.,"When the grandparents are not living near the homesteads of their daughters or sons, the children pay frequent visits to their grandparents and stay with them for some time. Sometimes it becomes difficult to get the children to return to their parents homesteads, for they feel more free in playing and joking with their grandparents than they would with their own parents.",play and joking,,symmetric,joking_relationship,0.9,,2026-07-06T09:14:06.199802+00:00
562,/Gikuyu_Kenyatta_1953_16_KS,EasternAfrica,Gikuyu,mother's sister (tata),kin_role,children of her sister (nieces and nephews),kin_role,kinship,Described avuncular indulgence and recurrent affectionate playful relations between aunt and her nieces/nephews.,"The mother's sister is called tata, the same as the father's sister, but the relation between her and the children of her sister is entirely different. She is looked upon by the children in the same way as their real mother. The affection and indulgence that she gives to the children and the sympathetic attitude towards them is even greater than that the children can expect from their own mother.",avuncular indulgence / privileged familiarity,tata,non_symmetric,joking_relationship,0.9,,2026-07-06T09:14:06.199802+00:00
563,/Gikuyu_Kenyatta_1953_16_KS,EasternAfrica,Gikuyu,children of both sisters,kin_role,children of both sisters,kin_role,kinship,"Children of sisters address one another with specific terms and behave like siblings, indicating patterned joking/playing between cross-cousins.","Children like to visit or to be visited by their aunt, and whenever such a visit is made it is always an occasion of rejoicing and feasting. The children of both sisters address one another as moro or mware we tata (son or daughter of my or our aunt), the behaviour pattern between them is almost like brothers and sisters.",cousin play / sibling-like behavior,moro; mware we tata,symmetric,joking_relationship,0.85,Extracted as recurring patterned relations among cross-cousins (children of sisters).,2026-07-06T09:14:06.199802+00:00
564,/Gikuyu_Middleton_1953_25_KS,EasternAfrica,Gikuyu,grandparents,kin_role,grandchildren,kin_role,kinship,Text explicitly calls the reciprocal grandparent–grandchild terms a joking relationship.,"A child is named after one of its grandparents and “in religious ceremonies the children are treated
in the same manner as their grandparents.” A boy is called “my husband” by
his grandmother, and a girl “my co-wife”; the grandfather calls his grandson
“my equal” and his granddaughter “my bride.” It is implicit in Kenyatta's
account that this is a joking relationship.",joking relationship,,symmetric,joking_relationship,0.95,,2026-07-06T09:14:18.311210+00:00
565,/Gikuyu_Middleton_1953_25_KS,EasternAfrica,Gikuyu,wife,kin_role,husband's brother,kin_role,kinship,Recurring reciprocal nicknaming between wife and husband's brother implies patterned licensed familiarity.,"An affine is referred to as muthoni “which means one who is bashful or
polite”; the term applies to “all clan members” of families linked by marriage. Kinship Terminology
Muthoni is apparently used between all affines except that a husband's
brother is “given a nickname as a sign of endearment” by the wife, and he
reciprocates, and the26 husband addresses his wife's sister as maramu.",nickname/reciprocal endearment,muthoni,symmetric,joking_relationship,0.7,Text implies recurring cultural pattern though not labeled explicitly as 'joking'; treated as institutionalized licensed familiarity.,2026-07-06T09:14:18.311210+00:00
566,/Gusii_Hakansson_1997_261_KS,EasternAfrica,Gusii,polygynists,group,monogamous men,group,within_group,Recurring cultural ridicule at beer parties targeting monogamous men by polygynous men—a patterned social teasing practice.,"In the 1950s, to be a monogamist was, for older men, a source of ridicule and jokes at beer parties, and monogamous men were often urged to take a second wife.",ridicule/jokes,,non_symmetric,joking_relationship,0.8,,2026-07-06T09:14:26.239912+00:00
567,/Gusii_Levine_1959_972_KS,EasternAfrica,Gusii,clansman,kin_role,brother,kin_role,kinship,Text states clansmen may make sexual jokes with their 'brother'—a recurrent kin-role licensed teasing.,"With his “brother,” “grandfather,” and “grandchild,” he may make sexual jokes and discuss sexual matters, but with members of adjacent generations he must avoid all mention of sex.",,,symmetric,joking_relationship,0.9,,2026-07-06T09:14:40.917890+00:00
568,/Gusii_Levine_1959_972_KS,EasternAfrica,Gusii,clansman,kin_role,grandfather,kin_role,kinship,Explicitly permitted recurrent sexual joking between a clansman and his 'grandfather'—institutionalized across generations.,"With his “brother,” “grandfather,” and “grandchild,” he may make sexual jokes and discuss sexual matters, but with members of adjacent generations he must avoid all mention of sex.",,,symmetric,joking_relationship,0.9,,2026-07-06T09:14:40.917890+00:00
569,/Gusii_Levine_1959_972_KS,EasternAfrica,Gusii,clansman,kin_role,grandchild,kin_role,kinship,The text names 'grandchild' as a kin role with whom sexual jokes are permitted—patterned licensed familiarity.,"With his “brother,” “grandfather,” and “grandchild,” he may make sexual jokes and discuss sexual matters, but with members of adjacent generations he must avoid all mention of sex.",,,symmetric,joking_relationship,0.9,,2026-07-06T09:14:40.917890+00:00
570,/Gusii_Levine_1959_972_KS,EasternAfrica,Gusii,clansman,kin_role,members of adjacent generations,kin_role,kinship,Adjacent generations are marked as abansoni—presence induces sexual shame and requires avoidance of sexual talk.,"With his “brother,” “grandfather,” and “grandchild,” he may make sexual jokes and discuss sexual matters, but with members of adjacent generations he must avoid all mention of sex. Persons of the latter group are said to be abansoni, in whose presence one experiences ensoni, sexual shame.",,abansoni,symmetric,avoidance,0.9,,2026-07-06T09:14:40.917890+00:00
571,/Gusii_Levine_1959_978_KS,EasternAfrica,Gusii,boys and young men,age_set,girls,age_set,within_group,"Recurrent, culturally patterned sexual joking between youths in marketplace courtship.","Each marketplace has its day of the week when activity is greatest and trading goes on; this is when girls dress up and go in groups to sell some family produce and be seen by boys. The boys and young men also attend, singly and in groups, looking for attractive girls. If she is friendly and laughs, however, the boy is encouraged and may begin some sexual joking. If the girl is favorably inclined to him she will respond in kind, usually using terms of obscene abuse.",sexual joking / courting teasing,,symmetric,teasing,0.9,,2026-07-06T09:14:49.098726+00:00
572,/Gusii_Levine_1966_162_KS,EasternAfrica,Gusii,Grandparents,kin_role,grandchildren,kin_role,kinship,"Text describes recurrent, culturally patterned sexual joking and insults between grandparents and grandchildren.","Grandparents initiate sexual joking with young children, and insults, including sexual abuse, flow back and forth between them in a manner which is almost as relaxed as that of agemates. A child must never strike his grandparent, however, and he tends to obey the older person's imperious commands despite the surface egalitarianism.",sexual joking / jovial teasing,,symmetric,joking_relationship,0.9,,2026-07-06T09:15:09.018022+00:00
573,/Gusii_Levine_1966_171_KS,EasternAfrica,Gusii,women accompanying her daughter,kin_role,mother (host) of the initiate / Bosibori,kin_role,within_group,"Ceremonial license for accompanying women to insult/annoy host mothers during initiation; patterned, expected behavior.","When the women accompanying her daughter arrived at Bosibori's house, they pulled up more than half of her potato garden, gorging themselves on raw potatoes and taking others with them. She became furious and tried to stop them, but they said, “This is a happy occasion; we can do anything, even annoy you.” This license is expected, and even when carried to excess, as at Bosibori's, it is not recognized as ground for legal action or any other kind of retribution.",ceremonial license to annoy / sanctioned misbehavior,,non_symmetric,insulting_license,0.9,Tied to female puberty/circumcision rites; accompanists exercise licensed liberties against hosts.,2026-07-06T09:15:16.342660+00:00
574,/Gusii_Levine_1966_187_KS,EasternAfrica,Gusii,boys circumcised in the same year,age_set,boys circumcised in the same year,age_set,within_group,Age-cohort pals use recurrent joking abuse as a culturally recognized intimacy marker.,"Boys circumcised in the same year, who regard each other as “pals,” consider the joking abuse which they hurl at one another as the most important indication of intimacy.",pals,,symmetric,joking_relationship,0.9,,2026-07-06T09:15:27.513625+00:00
575,/Gusii_Levine_1966_187_KS,EasternAfrica,Gusii,grandparents,kin_role,grandchildren,kin_role,kinship,"Grandparent–grandchild interactions are described as recurrently playfully abusive, indicating institutionalized joking by kin role.",The interaction between grandparents and grandchildren can also be described as playfully abusive.,,,symmetric,joking_relationship,0.9,,2026-07-06T09:15:27.513625+00:00
576,/Gusii_Levine_1966_187_KS,EasternAfrica,Gusii,young men courting girls,group,girls (being courted),group,within_group,"Courtship includes patterned teasing: young men jokingly threaten and girls return insults, showing a recurrent teasing institution.","Young men courting girls jokingly threaten them with forceful violation, and the girls roundly insult them in return.",,,mixed,teasing,0.85,"Roles differ: men threaten, women insult; culturally patterned within courtship context.",2026-07-06T09:15:27.513625+00:00
577,/Gusii_Levine_1966_33_KS,EasternAfrica,Gusii,grandchild,kin_role,grandparents (real or classificatory),kin_role,kinship,"Text describes recurrent, reciprocal obscene insults and sexual joking between grandchildren and grandparents.","The rules governing relationships between clansmen not of adjacent generations require less restraint and involve less embarrassment; they lack the elements of sex avoidance and respect which characterize classificatory parent-child relations. This lack of restraint is particularly striking in relations between an individual and his real or classificatory34 grandparents. He may discuss sex and insult them jokingly. In fact, the characteristic pattern of interaction in this relationship involves obscene insults, humorous inquiries about sexual activity, and deprecation of the other's sexual competence.",,,symmetric,joking_relationship,0.9,,2026-07-06T09:15:37.109971+00:00
578,/Gusii_Levine_1966_52_KS,EasternAfrica,Gusii,his parents-in-law,kin_role,his parents,kin_role,kinship,Text states the two sets of parents carry on a joking relationship; this is kin-based affinal joking.,"They may not enter the house of their son-in-law. They do, however, carry on a joking relationship with his parents.",,,symmetric,joking_relationship,0.9,,2026-07-06T09:15:54.943571+00:00
579,/Gusii_Levine_1966_52_KS,EasternAfrica,Gusii,a Nyansongo man,kin_role,his wife's brothers and sisters,kin_role,kinship,"Author describes an egalitarian joking relationship between a man and his wife's siblings, including sexual joking with sisters.","In like manner, a man has an egalitarian, joking relationship with his wife's brothers and sisters; with the latter, elaborate sexual joking is carried on.",,,symmetric,joking_relationship,0.95,,2026-07-06T09:15:54.943571+00:00
580,/Gusii_Levine_1966_52_KS,EasternAfrica,Gusii,bride's affinal group,group,groom's affinal group,group,kinship,The wedding ritual involved reciprocal insulting between the two affinal groups—an institutionalized joking/insult exchange.,"It included an additional payment of cattle, aggressive interaction between the affinal groups in the form of wrestling matches, dancing contests, and reciprocal insulting of the bride and groom, as well as the placing of anklets of iron on the bride to indicate her married status.",,,symmetric,insulting_license,0.9,Extracted as affinal-group ritual insulting during wedding; coded kinship because it is between affinal kin groups.,2026-07-06T09:15:54.943571+00:00
581,/Gusii_Levine_1966_64_KS,EasternAfrica,Gusii,women,group,men,group,within_group,"Recurring, culturally expected lighthearted/boisterous behavior by women contrasted with men's solemn ritual role.","In ceremonies conducted by men, women often take a lighthearted attitude which is recreational for them and inconsistent with the seriousness of the males in charge. ... The female tendency to be boisterous in a formal ritual setting is also exhibited during the leading-in ceremony of the male initiation rites ... Women are expected to be highly expressive and even obstructive on such occasions.",women's lighthearted/boisterous behavior versus men's solemn ritual role,,non_symmetric,joking_relationship,0.75,"Gender categories treated as recurring, culturally patterned licensed liberties during male ceremonies.",2026-07-06T09:16:03.461487+00:00
582,/Gusii_Levine_1979_12_KS,EasternAfrica,Gusii,grandparents,kin_role,grandchildren,kin_role,kinship,"Text states grandchildren habitually visit and joke with their grandparent, indicating a recurrent kin-based joking tie.","After menopause, in her forties, she should have circumcised grandchildren, and her primary interests are focused on her son's and daughter's children, some of whom will live with her, visit her, joke with her.",,,symmetric,joking_relationship,0.8,,2026-07-06T09:16:14.704389+00:00
583,/Gusii_Levine_1980_89_KS,EasternAfrica,Gusii,omoηina,kin_role,grandchildren,kin_role,kinship,"Text states grandchildren visit and joke with their omoηina, a recurring grandparent–grandchild role relationship.","After menopause, in her later forties, she should have circumcised grandchildren, and her primary interests are focused on her sons' and daughters' children, who will visit and joke with her and perhaps live with her.",visit and joke with her,omoηina,symmetric,joking_relationship,0.9,,2026-07-06T09:16:23.527513+00:00
584,/Gusii_Levine_1982_53_KS,EasternAfrica,Gusii,maternal grandmother,kin_role,grandson,kin_role,kinship,"Text describes mother's mother as the recurrent, culturally recognized joking partner for her grandson.","the maternal grandmother who is known in Gusii lore as the primary joking partner for her grandson and the one who calls her daughter's children by their praise-names, that is, the names they are called only at their mother's home and which connote so much warmth and affection that informants report their use brings tears to their eyes.",primary joking partner,,symmetric,joking_relationship,0.9,,2026-07-06T09:16:30.611658+00:00
585,/Gusii_Levine_1994_130_KS,EasternAfrica,Gusii,husband's family,kin_role,woman in labor / new mother,kin_role,kinship,Recurring hazing and hostile joking by husband's family toward women in labor; kinship-based in‑law practice.,"Those women who were on good terms with their husband's family would probably be hazed only at first birth, regardless of whether their bridewealth had been paid; those not on good terms with their husband's family would be hazed even on their third and fourth births if bridewealth had not yet legitimized their unions. ... The Gusii women we observed in labor endured this hazing without overt response. ... the hostile laughter and joking sexual abuse that accompany it.",hazing,,non_symmetric,insulting_license,0.8,"Text frames hazing/joking as recurring, socially patterned during childbirth tied to bridewealth and in‑law relations.",2026-07-06T09:16:37.947316+00:00
586,/Gusii_Levine_1994_218_KS,EasternAfrica,Gusii,mother,kin_role,child / infant,kin_role,kinship,Mothers use joking threats toward infants; children treat maternal threats as nonserious—a patterned mother–child teasing relation.,"Sometimes mothers seem to be joking in their threats, and as children get older, they appear not to take them seriously: In one observation, for example, a 30-month-old girl asks her mother for a banana. When the mother says, “Go and get one,” the girl accuses her mother of having eaten her banana; the mother defends her authority by saying, “Today your uncle will beat you hard,” whereupon the little girl says, “I'll run away.”",maternal joking threats / playful threats,,non_symmetric,joking_relationship,0.85,"Text frames this as a widespread, recurrent pattern in child socialization rather than a one-off incident.",2026-07-06T09:16:45.796762+00:00
587,/Gusii_Mayer_1952_15_KS,EasternAfrica,Gusii,esimbore singers,group,Kipsigis,ethnic group,cross_group,Song during initiation includes ritualized taunts naming Kipsigis; recurrent communal singing suggests institutionalized teasing between groups.,"When one or two groups of novices have been dealt with, the circumciser leads off the singing of the esimbore. ... The song enumerates, as will be seen, things unmentionable for initiated males, except as deliberate or joking insults.
...
Orwane Sigisi, orwane Sigisi! Fight the Kipsigis, fight th",,esimbore,unclear,teasing,0.7,Text lists neighbouring groups in ritual song as targets of exhortation; treated as recurrent ritualized taunts.,2026-07-06T09:16:59.811659+00:00
588,/Gusii_Mayer_1952_15_KS,EasternAfrica,Gusii,esimbore singers,group,Abasuba,ethnic group,cross_group,Ritual esimbore song names Abasuba in exhortations; recurrent singing implies institutionalized cross-group taunting.,"When one or two groups of novices have been dealt with, the circumciser leads off the singing of the esimbore. ... The song enumerates, as will be seen, things unmentionable for initiated males, except as deliberate or joking insults.
...
Orwane Bosoba, orwane Bosoba! Fight the Abasuba, fight the",,esimbore,unclear,teasing,0.7,Same ritual context as the Kipsigis taunt; esimbore singers repeatedly perform these lines.,2026-07-06T09:16:59.811659+00:00
589,/Gusii_Mayer_1952_19_KS,EasternAfrica,Gusii,the lads,group,the novice (omoisia [uncircumcised boy]),kin_role,within_group,"Recurrent, ritualized teasing of novices by older boys during initiation ceremonies.","As he chokes and splutters, they laugh and shout, and beat him with sticks torn from the bower: ‘Eat, eat, you omoisia [uncircumcised boy]!’ To cry at this stage carries no disgrace comparable to that of flinching during circumcision.",,omoisia,non_symmetric,joking_relationship,0.9,"Patterned, collective teasing within initiation ritual; 'lads' function as a ritualized teasing group.",2026-07-06T09:17:10.753913+00:00
590,/Gusii_Mayer_1952_19_KS,EasternAfrica,Gusii,'tamer',person,the novice (omoisia [uncircumcised boy]),kin_role,within_group,Named ritual officer performs painful humorous rite on novice as part of initiation sequence.,"Now the ‘tamer’ catches the penis firmly in a leaf, the inside of which has been coated with a paste of leaf-ash and water. The ash is caustic; the resulting pain is ‘a really nasty one’, making the novice cry out in agony.",,,non_symmetric,joking_relationship,0.85,Ritualized action accompanied by laughing and entertainment; role ('tamer') institutionalized in ceremony.,2026-07-06T09:17:10.753913+00:00
591,/Gusii_Mayer_1952_22_KS,EasternAfrica,Gusii,novices,age_set,girls,group,within_group,Recurrent culturally sanctioned teasing event where girls provoke novices (arousing desire).,"‘Arousing Desire.’ During the first few days after esubo, at which time the wounds of circumcision have not thoroughly healed, parties of girls come to the seclusion huts ‘to trouble the novices’ (as the Gusii say) by what is called ‘arousing desire’ (ogosonia). Removing all their clothes, they dance around the novices in provocative attitudes and challenge them: ‘You boy, you said you would become a young man [omomura] and have intercourse with girls; now, are you ready? Here it is — what you wanted. Come Come and copulate!’ ... The boys do their best to joke in reply.",arousing desire,ogosonia,mixed,joking_relationship,0.9,,2026-07-06T09:17:17.570780+00:00
592,/Gusii_Mayer_1952_27_KS,EasternAfrica,Gusii,mature women,group,novice's mother,kin_role,within_group,Formalized playful insults by mature women toward the novice's mother during girl's seclusion—recurrent ceremonial teasing.,"The leading of a girl into seclusion follows the same broad pattern as that in the case of a boy, but some extra episodes are interpolated. In these episodes mature women take part. Their action consists in formalized attacks on and insults directed against the novice's mother. However,28 these are playful or joking insults: the tone is of high good humour.",playful insults,,non_symmetric,insulting_license,0.9,,2026-07-06T09:17:24.548128+00:00
593,/Gusii_Mayer_1965_32_KS,EasternAfrica,Gusii,tatamoke,kin_role,korera,kin_role,kinship,Text describes licensed bawdy joking tied to specific kinship terms/roles between these categories.,"‘I always used to call Anyiega my tatamoke omoamate (small father in the clan). But now that his second son has married a daughter of the half-brother of my second wife Nyanchama, I am entitled to call Anyiega korera (parent of spouse of child). And now when Anyiega wants to joke bawdily in my presence he calls me korera, though at other times, as my tatamoke, he behaves to me with restraint and will not enter my house.’",bawdy joking / licensed familiarity,tatamoke; korera,non_symmetric,joking_relationship,0.9,,2026-07-06T09:17:33.051019+00:00
594,/Gusii_Mayer_1965_33_KS,EasternAfrica,Gusii,small father in the clan,kin_role,child in the clan,kin_role,kinship,"Text describes recurrent reciprocal etiquette (familiar behaviour, licensed liberties) between 'small father' and 'child' roles.","The general ‘finding out how to call one another’ does more than fix reciprocal etiquette patterns between two people. When a ‘small father in the clan’ and his ‘child in the clan’ meet in company, e.g. at someone else's beer drink or ceremony, one will find himself allotted to the group which behaves familiarly with the host, the other to the group which behaves familiarly with the host's son, or father.",,,symmetric,joking_relationship,0.9,,2026-07-06T09:17:47.388707+00:00
595,/Gusii_Mayer_1965_33_KS,EasternAfrica,Gusii,brother/cousin (momura ominto),kin_role,brother/cousin (momura ominto),kin_role,kinship,"Example shows two men 'finding out' to call each other brother/cousin (momura ominto), enabling familiar behaviour (use of stool, joking).","The two men had never met before, but proceeded to ‘find out’ that they were to ‘call each other brother/cousin’ (momura ominto). This showed that the stool could be used; it was offered and accepted.",,momura ominto,symmetric,joking_relationship,0.95,,2026-07-06T09:17:47.388707+00:00
596,/Gusii_Mayer_1965_33_KS,EasternAfrica,Gusii,caller (guest),kin_role,old woman called 'grandmother' (magokoro),kin_role,kinship,"Describes a man, after 'finding out', addressing an old woman as 'grandmother' (magokoro) and thus engaging in familiar contact (handshake).","After a lengthy preliminary process of ‘finding out’ he stepped forward and shook her hand, explaining for our benefit that ‘it seems I must call her “grandmother” (magokoro)’.",,magokoro,non_symmetric,joking_relationship,0.9,"Caller is a guest who, by applying the kin-term, is licensed to familiar physical contact and presumably teasing/familiar speech.",2026-07-06T09:17:47.388707+00:00
763,/Luguru_Adem_2020_7_KS,EasternAfrica,Luguru,Each clan,clan,a joking partner from another clan,clan,within_group,Text states clans have recurring partnered joking relationships used in mortuary rites; intra-societal clan pairs.,"Each clan had a joking partner from another clan who would be called to conduct certain mortuary rites, usually involving sweeping the floor of the deceased’s hut, washing the corpse and wrapping it in a burial shroud (sanda), and proclaiming the circumstances of death;",,,symmetric,joking_relationship,0.75,Document names no specific clans; recorded as generic clan↔clan institutionalized joking partnership tied to mortuary duties.,2026-07-06T09:32:44.620408+00:00
764,/Luguru_Biedelman_1967_28_KS,EasternAfrica,Luguru,Luguru,ethnic group,Mbunga,ethnic group,cross_group,Text explicitly states Luguru have joking relations with Mbunga; cross-community pairing.,"Joking relations exist between Luguru and certain tribal groups such as the Mbunga, Pogoro, Zaramo and Nyamwezi;",utani or ugonga,utani or ugonga,symmetric,joking_relationship,0.9,,2026-07-06T09:33:01.928256+00:00
765,/Luguru_Biedelman_1967_28_KS,EasternAfrica,Luguru,Luguru,ethnic group,Pogoro,ethnic group,cross_group,Document lists Pogoro among tribal groups with institutional joking ties to Luguru.,"Joking relations exist between Luguru and certain tribal groups such as the Mbunga, Pogoro, Zaramo and Nyamwezi;",utani or ugonga,utani or ugonga,symmetric,joking_relationship,0.9,,2026-07-06T09:33:01.928256+00:00
766,/Luguru_Biedelman_1967_28_KS,EasternAfrica,Luguru,Luguru,ethnic group,Zaramo,ethnic group,cross_group,Text names Zaramo as a tribal group with institutionalized joking relations with Luguru.,"Joking relations exist between Luguru and certain tribal groups such as the Mbunga, Pogoro, Zaramo and Nyamwezi;",utani or ugonga,utani or ugonga,symmetric,joking_relationship,0.9,,2026-07-06T09:33:01.928256+00:00
767,/Luguru_Biedelman_1967_28_KS,EasternAfrica,Luguru,Luguru,ethnic group,Nyamwezi,ethnic group,cross_group,Nyamwezi explicitly listed as having joking relations with Luguru; inter-community institution.,"Joking relations exist between Luguru and certain tribal groups such as the Mbunga, Pogoro, Zaramo and Nyamwezi;",utani or ugonga,utani or ugonga,symmetric,joking_relationship,0.9,,2026-07-06T09:33:01.928256+00:00
768,/Luguru_Biedelman_1967_28_KS,EasternAfrica,Luguru,some Luguru clans,clan,some Luguru clans,clan,within_group,Text describes patterned joking and ritual/burial partnerships between Luguru clans.,they also exist between some Luguru clans which provide certain ritual and burial services for one another;,,utani or ugonga,symmetric,joking_relationship,0.85,Document does not name specific clans; quoted phrase used verbatim as entity.,2026-07-06T09:33:01.928256+00:00
769,/Luguru_Biedelman_1967_28_KS,EasternAfrica,Luguru,classificatory crossc2adcousins,kin_role,classificatory crossc2adcousins,kin_role,kinship,Document explicitly states joking relations occur between classificatory cross-cousins (kin-based).,and they exist between classificatory cross c2 adcousins.,,utani or ugonga,symmetric,joking_relationship,0.95,,2026-07-06T09:33:01.928256+00:00
770,/Luguru_Biedelman_1967_33_KS,EasternAfrica,Luguru,matrilineage,lineage,clan joking partners (watani),clan,within_group,Text describes recurring ritual roles of 'watani' as clan joking partners with matrilineages in burials and propitiation.,Burial and mortuary rites are conducted by clan joking partners (watani). ... The rites (kutambika) are directed by the head of the matrilineage but some are conducted in part by joking partners (watani).,watani,watani,symmetric,joking_relationship,0.9,,2026-07-06T09:33:11.857442+00:00
771,/Luguru_Brain_1971_822_KS,EasternAfrica,Luguru,linked sub-clans,clan,linked sub-clans,clan,within_group,Text describes ugongo/utani as a system of joking relationships between linked sub-clans.,"Another aspect of the social structure, which must be mentioned is the question of ugongo (Luguru), utani (Swahili), a system of joking relationships between linked sub-clans which occurs all over the culture area",ugongo / utani,ugongo; utani,symmetric,joking_relationship,0.9,,2026-07-06T09:33:26.156998+00:00
772,/Luguru_Brain_1971_822_KS,EasternAfrica,Luguru,clans (and tribes),clan,clans (and tribes),clan,cross_group,Author links utani to joking relations between clans and tribes (inter-group partners across corporate units).,"Utani in Swahili means a joking relationship , in which the partners are called mtani, plural watani. This relationship is called ugongo in Luguru, and the partners are termed mgongo, plural wagongo.",utani (between clans and tribes),utani; ugongo,symmetric,joking_relationship,0.85,Treated as inter-community (clan/tribe) joking; author cites wider area comparisons.,2026-07-06T09:33:26.156998+00:00
773,/Luguru_Brain_1971_822_KS,EasternAfrica,Luguru,cross-cousin (mtani),kin_role,cross-cousin (mtani),kin_role,kinship,The term mtani denotes a cross-cousin and is discussed in relation to joking behavior.,"But here the problem arises. The term for a cross-cousin in Luguru is mtani. Naturally many watani will also be wagongo, and so we are left with the puzzle - are cross-cousins called watani because one behaves towards them in a joking fashion, or is the relationship referred to as utani between clans (and tribes) because one behaves as one would towards a cross-cousin?",,mtani; watani; wagongo,symmetric,joking_relationship,0.9,Text links kin-role term mtani with clan-level joking; coded as kinship joking between cross-cousins.,2026-07-06T09:33:26.156998+00:00
774,/Luguru_Brain_1971_823_KS,EasternAfrica,Luguru,sub-clan,clan,sub-clan,clan,within_group,Utani/ugongo (wagongo) are institutionalized joking ties between neighbouring sub-clans within Uluguru.,"It must be fairly clear that in Uluguru, where all the sub-clans live in contiguous areas of relatively fertile land in the mountains, each sub-clan will have such ties to other such units on all sides of it, these ties being regarded in a variety of ways. On the one hand wagongo are cousins, but they are also affines (cf. Fox 1967, LEACH 1961 and NEEDHAM 1962).",ugongo / utani (wagongo),ugongo; utani; wagongo,symmetric,joking_relationship,0.9,,2026-07-06T09:33:41.807349+00:00
775,/Luguru_Brain_1971_823_KS,EasternAfrica,Luguru,children of a man,kin_role,son of father's sister,kin_role,kinship,The son's of a father's sister are labeled mtani (joking partner) vis-à-vis the man's children; this is a named kin joking tie.,"She has important functions to play with respect to her brother's daughter at the time of the latter's puberty ceremonies. Since she is the mother of her brother's heir, her son is termed “father” by her brother's children after the brother's decease, although before that time he is given the term of mtani, which, as we have already noted, also means joking partner.",mtani,mtani,symmetric,joking_relationship,0.85,Entity phrasing follows text: 'her son' (father's sister's son) and 'her brother's children'.,2026-07-06T09:33:41.807349+00:00
776,/Luguru_Brain_1971_823_KS,EasternAfrica,Luguru,man,kin_role,younger brother's wife,kin_role,kinship,The ethnography states men have a joking relationship with their younger brothers' wives—an institutionalized affinal joking tie.,"On the contrary, elder brothers are treated with extreme respect, as are their wives, whereas in the reverse direction we find that men have a joking relationship with younger brothers' wives.",,,symmetric,joking_relationship,0.9,,2026-07-06T09:33:41.807349+00:00
777,/Luguru_Brain_1971_832_KS,EasternAfrica,Luguru,elder brothers,kin_role,younger brothers' wives,kin_role,kinship,Text states elder brothers have a recurrent joking relationship with their younger brothers' wives.,"younger brothers call their elder brothers sekuru “grandfather”, and have to treat their wives with respect, whereas elder brothers have a joking relationship with their younger brothers' wives.",joking relationship,sekuru,non_symmetric,joking_relationship,0.9,,2026-07-06T09:33:50.050896+00:00
778,/Luguru_Brain_1978_178_KS,EasternAfrica,Luguru,mgongo,clan,wagongo,clan,kinship,Text identifies ugongo as an institutionalized joking tie between linked/clan marriage partners (cross-cousin marriage).,"Ugongo is an institutionalized joking relationship between linked clans which are conceptualized as being the exact structural equivalents. ... A man frequently marries an mgongo, who should at the same time be a cross-cousin. ... Rites for the spirits, tambiko, can only be performed with the assistance of the joking partners from the linked clan, the wagongo, symbolically indicating the interdependence and complementarity of the two structurally equal and opposite groups.",ugongo (utani),ugongo,symmetric,joking_relationship,0.9,mgongo denotes the spouse (linked) clan; wagongo denotes the joking partners from that linked clan.,2026-07-06T09:34:00.395062+00:00
779,/Luguru_Brain_1980_372_KS,EasternAfrica,Luguru,wagongo,clan,mgongo,clan,within_group,Text describes ugongo as an institutionalized joking relationship between linked clans (wagongo/mgongo).,"Ugongo is an institutionalized joking relationship between linked clans which are conceptualized as being the exact structural equivalents. ... one frequently marries a mgongo, who should at the same time be a cross-cousin.",ugongo (Swahili utani),ugongo,symmetric,joking_relationship,0.9,Document uses wagongo (joking partners) and mgongo (the preferred marriage/joking partner); coded as clan-level within-group institutional joking.,2026-07-06T09:34:09.566661+00:00
780,/Luguru_Brain_1980_378_KS,EasternAfrica,Luguru,initiands,age_set,joking partners,group,within_group,"Text describes recurring, institutionalized teasing role between initiands and their joking partners.","On one occasion a large adolescent boy, one of the initiands' joking partners, was carried round clowning the part, to laughter from the crowd.",joking partners,,symmetric,joking_relationship,0.9,,2026-07-06T09:34:17.856703+00:00
781,/Luguru_Brain_1980_378_KS,EasternAfrica,Luguru,kindred,kin_role,joking partners,group,kinship,Text shows recurrent social practice where kindred and joking partners share ceremonial food and licensed teasing.,"On one occasion cooked rice and catfish were handed round to the kindred and joking partners, who all ate together, men and women, standing up, simulating great haste.",,,unclear,joking_relationship,0.8,Kindred treated as kin corporate unit; joking partners distinct social role.,2026-07-06T09:34:17.856703+00:00
782,/Luguru_Christensen_1963_1315_KS,EasternAfrica,Luguru,watani,clan,mtani,clan,within_group,"Text describes recurrent, culturally recognized utani joking ties between Luguru clans (watani/mtani).","Every Luguru clan claims to have a utani relationship, involving joking and obligations, with one or more clans in their vicinity. ... The greatest degree of joking is carried on between watani of the same generation, and cross-sexual joking is common, with obscene and suggestive language and horseplay.",utani (ugongo),utani,symmetric,joking_relationship,0.8,Document does not list specific clan names; uses local terms watani (pl.) / mtani (sing.).,2026-07-06T09:34:25.074143+00:00
783,/Luguru_Christensen_1963_1316_KS,EasternAfrica,Luguru,watani,kin_role,watani,kin_role,kinship,Text states joking is permitted between watani across generations as a culturally patterned relation.,"While a Luguru should show deference toward an elder, joking is permitted between all generations of watani, and the only avoidance observed is toward the mother-in-law.",watani joking,watani,symmetric,joking_relationship,0.9,,2026-07-06T09:34:35.029689+00:00
784,/Luguru_Christensen_1963_1316_KS,EasternAfrica,Luguru,son-in-law,kin_role,his wife's clan,clan,kinship,Man marrying into wife's clan will have been joking with that clan for years; culturally patterned joking with affinal clan.,"For one thing, a man is likely to be marrying into the clan of his father or grandfather, but, in any case, he will have been joking with his wife's clan for years.",,mtani,symmetric,joking_relationship,0.85,Document uses term 'mtani' for preferred marriage partner; extracted as son-in-law ↔ wife's clan.,2026-07-06T09:34:35.029689+00:00
785,/Luguru_Christensen_1963_1317_KS,EasternAfrica,Luguru,mtani elder,kin_role,young mtani,kin_role,kinship,Text describes permitted reciprocal joking between alternate/contiguous watani generations (elder and youth).,"A high degree of familiarity is permitted between alternate generations, and it is permissible for a youth to deride a mtani elder if at some time during the exchange he shows the proper respect. For example, a elder named Mbewa ... approached the house of a young mtani and the latter started calling to those around to “kill the rat, kill the rat.”",watani / utani,watani/utani,symmetric,joking_relationship,0.9,,2026-07-06T09:34:49.762044+00:00
786,/Luguru_Christensen_1963_1317_KS,EasternAfrica,Luguru,grandparents,kin_role,grandchildren,kin_role,kinship,Author explicitly notes patterned bantering and joking between grandparents and grandchildren.,"One type of bantering and joking that is not limited to watani is that between grandparents and grandchildren. The kinship terminology permits alternating generations to refer to each other as “brother” or “sister,” and a young man may tease his grandfather about marrying his wife.",,,symmetric,joking_relationship,0.9,,2026-07-06T09:34:49.762044+00:00
787,/Luguru_Christensen_1963_1317_KS,EasternAfrica,Luguru,watani clan(s) of the deceased,kin_role,clan of the deceased,clan,kinship,"Watani are described as having expected, privileged joking liberties directed at the clan of the deceased during funerals.","Considerable horseplay by the watani clan or clans of the deceased is permitted and expected at a burial. ... They have been known to pour a pot of water over a wailing woman under these circumstances. Or again, a mtani might say to the clan of the deceased: “You are crying too much. Give me one woman to take to my house so that I can give you a child to resemble the person who is dead.”",,watani,non_symmetric,joking_relationship,0.95,Privilege is one-sided: watani exercise liberties toward the deceased's clan.,2026-07-06T09:34:49.762044+00:00
788,/Luguru_Christensen_1963_1318_KS,EasternAfrica,Luguru,mtani,person,watani,group,within_group,"Text describes culturally sanctioned, recurrent appropriation rights by watani/mtani at funerals and daily life.","It is also permissible to appropriate the possessions of watani, but rather definite rules govern this type of acquisition. For one thing, it should be done openly and in the presence of the owner or his family. Confiscation is most likely to occur at a funeral when watani of the deceased may walk off with a goat, fowl, yams, or even such items as a hoe or panga.",appropriation rights of watani/mtani,watani/mtani,non_symmetric,joking_relationship,0.9,mtani (singular) used in text as actor; relationship is a role-based joking appropriation between watani (neighbors) and owners/households.,2026-07-06T09:34:58.718735+00:00
789,/Luguru_Christensen_1963_1319_KS,EasternAfrica,Luguru,unmarried cross-cousins,kin_role,unmarried cross-cousins,kin_role,kinship,Text states cross‑cousins (watani) have permitted sexual joking and liberties; clearly kinship‑based.,"The greatest amount of sexual license is permitted between unmarried cross-cousins, and an affair between these two is rarely condemned except by acculturated Christians. Cross-cousins are always considered watani and may be referred to as such whether or not their clans observe the utani relationship.",watani / sexual license,watani,symmetric,joking_relationship,0.9,,2026-07-06T09:35:09.182001+00:00
790,/Luguru_Christensen_1963_1319_KS,EasternAfrica,Luguru,watani (male),kin_role,watani (female),kin_role,kinship,Author explicitly describes joking between watani permitting suggestive/obscene comments used to probe partner availability.,The joking between watani that permits highly suggestive or obscene comments thus may be utilized to ascertain the availability of a mtani as a sexual partner.,joking between watani,watani,symmetric,insulting_license,0.9,,2026-07-06T09:35:09.182001+00:00
791,/Luguru_Christensen_1963_1320_KS,EasternAfrica,Luguru,watani,kin_role,clan,clan,kinship,Text explicitly identifies watani as joking partners with clans and duty-bearers at funerals.,"The function of the watani, in addition to the joking noted above, is assisting the clan in preparation of the body and interment. ... The watani clan would be offended if they were not notified, for in addition to the slight, it would deprive them of their right to get even regarding confiscation of food.",utani/watani joking relationship,utani/watani,symmetric,joking_relationship,0.8,,2026-07-06T09:35:17.709412+00:00
792,/Luguru_Christensen_1963_1321_KS,EasternAfrica,Luguru,watani,clan,clan members,lineage,within_group,Watani perform sanctioned teasing/rebuke of clan members during ancestor rituals; culturally patterned ritual role.,"During the prayers to the clan ancestors the watani may rebuke or coerce the dead, saying “You who have died, do not come back and cause trouble for the living,” or they may admonish the elders to carry out the ceremony in the prescribed manner so as not to offend the ancestors. Joking may enter in here again, for when the names of ancestors are mentioned that a mtani does not recall, he may enquire “Who are they?”",rebuke/teasing during ancestor ceremonies,watani,non_symmetric,joking_relationship,0.8,,2026-07-06T09:35:24.950962+00:00
793,/Luguru_Gemignani_2002_236_KS,EasternAfrica,Luguru,cross-cousins,kin_role,cross-cousins,kin_role,kinship,Text states cross-cousins are culturally recognized joking partners during ceremonies.,"No matter what happens or the kind of complaints that are delivered (these may be significant, especially since cross-cousins are joking partners), the person must sit without reaction.",joking partners,,symmetric,joking_relationship,0.9,,2026-07-06T09:35:29.483077+00:00
794,/Luguru_Gemignani_2002_265_KS,EasternAfrica,Luguru,Lamba (rainmaker),person,adult woman joking partner,group,within_group,Rainmaker routinely accompanied by an adult woman joking partner in rituals; patterned institutional pairing within society.,"In a different area of Mgeta I was told that rainmaking did not involve children, but instead the rainmaker would be always be accompanied by an adult woman joking partner (there is a linkage between clans with preferential marriage and those in which joking relationships occur).",adult woman joking partner,,symmetric,joking_relationship,0.9,,2026-07-06T09:35:38.796343+00:00
795,/Luguru_Gemignani_2002_265_KS,EasternAfrica,Luguru,Lamba (rainmaker),person,children joking partners (boys and girls),group,within_group,"Children are described as required joking partners assisting the rainmaker in tambiko rituals, indicating a recurrent institutional role.","It is widely agreed that while Lamba was accompanied by one or two adults who were joking partners, his main assistants in this tambiko were children. This was described as consisting of one boy and one girl, or two boys and two girls.",children joking partners,,symmetric,joking_relationship,0.9,,2026-07-06T09:35:38.796343+00:00
796,/Luguru_Gemignani_2002_278_KS,EasternAfrica,Luguru,lineage members,lineage,his joking partners,kin_role,kinship,Text describes lineage members eating food who were/not his joking partners — culturally patterned kin joking ties.,"He listed some of the possible mistakes that this man made, bringing bread and tea for the ancestors to Mbagho's ritual space at Rudewa, as well as the traditional black sheep, having other lineage members eat the food who were not his joking partners.",,,unclear,joking_relationship,0.6,Document does not name specific lineages or partner groups; extracts generic kin-based 'joking partners' institution mentioned.,2026-07-06T09:35:44.765583+00:00
797,/Luguru_Gemignani_2002_280_KS,EasternAfrica,Luguru,women,kin_role,husbands,kin_role,kinship,"Recurrent, culturally patterned jokes by women about 'posho' given to their husbands; gendered kin-role teasing.",One hears many jokes made by women regarding the “food rations” (posho) that women distribute to their husbands.,,posho,non_symmetric,joking_relationship,0.8,,2026-07-06T09:35:56.672386+00:00
798,/Luguru_Gemignani_2002_280_KS,EasternAfrica,Luguru,mother-in-law,kin_role,daughter-in-law,kin_role,kinship,Specific anecdote shows patterned teasing between mother-in-law and daughter-in-law about sexual/food matters.,"Mama Mwenda told a funny story about how her mother-in-law once asked her if she was going home to give “food” to Baba Mwenda. When she asked, “What food?” her mother-in-law stated, “the food that you close in a satchel and walk around with everyday”",,,non_symmetric,joking_relationship,0.85,Mother-in-law is the jokester in the cited anecdote; implies an institutionalized in-law teasing pattern.,2026-07-06T09:35:56.672386+00:00
799,/Luguru_Hamdani_2001_15_KS,EasternAfrica,Luguru,kigori (young girl),kin_role,the family,group,kinship,Text explicitly says the family establishes a recurring joking relationship with the kigori role; clearly kinship socialization.,As a young girl (between 9–13) before reaching puberty she was referred to as “kigori”. The family would establish a joking relationship with her while at the same time she would be socially nurtured towards attaining womanhood.,,kigori,symmetric,joking_relationship,0.8,,2026-07-06T09:36:06.461234+00:00
800,/Luguru_Hamdani_2001_4_KS,EasternAfrica,Luguru,Different hamlets in the neighborhood,village,Different hamlets in the neighborhood,village,within_group,Text states neighboured hamlets have recurring joking relationship called utani/ugongo.,"Different hamlets in the neighborhood have a joking relationship called “utani” or “ugongo”. These relationships used to be very important, much more than they are today.",utani / ugongo,utani; ugongo,symmetric,joking_relationship,0.9,Document gives no specific hamlet names; relationship is between neighboring hamlets within the Luguru area.,2026-07-06T09:36:27.627763+00:00
801,/Luguru_Hamdani_2001_4_KS,EasternAfrica,Luguru,the Luguru,ethnic group,Wa-Mbunga,ethnic group,cross_group,"Explicitly lists Luguru joking relationships with Wa‑Mbunga, indicating institutionalized inter-ethnic joking.","The Luguru have joking relationship with several other ethnic groups including the Wa-Mbunga, Wa-Pogoro, Wa-Nyamwezi, and Wa-Sukuma. (Lucas, 1974).",utani / joking relationship,utani,symmetric,joking_relationship,0.9,,2026-07-06T09:36:27.627763+00:00
802,/Luguru_Hamdani_2001_4_KS,EasternAfrica,Luguru,the Luguru,ethnic group,Wa-Pogoro,ethnic group,cross_group,"Explicitly lists Luguru joking relationships with Wa‑Pogoro, indicating institutionalized inter-ethnic joking.","The Luguru have joking relationship with several other ethnic groups including the Wa-Mbunga, Wa-Pogoro, Wa-Nyamwezi, and Wa-Sukuma. (Lucas, 1974).",utani / joking relationship,utani,symmetric,joking_relationship,0.9,,2026-07-06T09:36:27.627763+00:00
803,/Luguru_Hamdani_2001_4_KS,EasternAfrica,Luguru,the Luguru,ethnic group,Wa-Nyamwezi,ethnic group,cross_group,"Explicitly lists Luguru joking relationships with Wa‑Nyamwezi, indicating institutionalized inter-ethnic joking.","The Luguru have joking relationship with several other ethnic groups including the Wa-Mbunga, Wa-Pogoro, Wa-Nyamwezi, and Wa-Sukuma. (Lucas, 1974).",utani / joking relationship,utani,symmetric,joking_relationship,0.9,,2026-07-06T09:36:27.627763+00:00
804,/Luguru_Hamdani_2001_4_KS,EasternAfrica,Luguru,the Luguru,ethnic group,Sukuma,ethnic group,cross_group,"Explicitly lists Luguru joking relationships with Wa‑Sukuma, indicating institutionalized inter-ethnic joking.","The Luguru have joking relationship with several other ethnic groups including the Wa-Mbunga, Wa-Pogoro, Wa-Nyamwezi, and Wa-Sukuma. (Lucas, 1974).",utani / joking relationship,utani,symmetric,joking_relationship,0.9,,2026-07-06T09:36:27.627763+00:00
805,/Luguru_McVicar_1935_62_KS,EasternAfrica,Luguru,Wamangi,clan,Wabunga,clan,within_group,Text explicitly names privileged familiarity/joking relationship between these two sibs.,"Between certain sibs there exists privileged familiarity or a joking relationship, as, for example, between the Wamangi and the Wabunga.",privileged familiarity / joking relationship,,symmetric,joking_relationship,0.9,,2026-07-06T09:36:39.016498+00:00
806,/Luguru_McVicar_1935_62_KS,EasternAfrica,Luguru,Wamangi,clan,Mbunga,clan,within_group,Reciprocal ritual/drum-playing and aid in ngoma described as recurring inter-sib relationship implying privileged familiarity.,"He considered it a useful instrument for his ngoma (band). Of course, in order to use it properly he had to call in the aid of the Wamangi sib, and thus it came about that the Wamangi formed part of the Wambunga ngoma. As a matter of fact, it is the Wamangi who play the drums when an Mbunga dies, and vice versa.",reciprocal drum-playing / ritual partnership,,symmetric,joking_relationship,0.7,Text links ritual cooperation with privileged familiarity; relationship framed as recurring practice.,2026-07-06T09:36:39.016498+00:00
807,/Luguru_McVicar_1935_63_KS,EasternAfrica,Luguru,Wamangi,clan,Wambunga,clan,within_group,Text names these two sibs as reciprocal watani/kutaniana—an institutional joking relationship within the society.,"The Wamangi are the watani of the Wambunga, and vice versa. ... Sibs between which privileged familiarity or the joking relationship prevails are said to kutaniana.",watani / kutaniana,watani; mtani; kutaniana,symmetric,joking_relationship,0.9,,2026-07-06T09:36:50.028381+00:00
808,/Luguru_McVicar_1935_64_KS,EasternAfrica,Luguru,Wamangi,clan,Wabunga,clan,within_group,Text describes recurrent inter-sib joking rights (watani) between Wamangi and Wabunga within the same society.,"As a matter of fact, it would seem that the chief pleasure in life for a Mangi is to have a laugh at the expense of an Mbunga or to ‘pull something over on’ an Mbunga,—the Wamangi and the Wabunga being, as we have mentioned, of sibs between which the joking relationship obtains. Such inter-sib watani may do or say whatsoever they like when there is question of their watani.",watani; joking relationship,watani,symmetric,joking_relationship,0.9,,2026-07-06T09:36:59.202025+00:00
809,/Luguru_McVicar_1935_65_KS,EasternAfrica,Luguru,members of joking relationship sib's,clan,members of sibs of common origin,clan,within_group,Text explicitly identifies recurring 'joking relationship sibs' as institutionalized patterned ties within the society.,"I have heard it said that nowadays marriage is taking place between such members of joking relationship sib's and also between members of sibs of common origin, but I do not know how true this is, for it must be very new, and I am not acquainted with any specific instance.",joking relationship,,unclear,joking_relationship,0.6,Document refers to 'joking relationship sibs' but does not name the specific sibs or give local term; coded as within-group clan-level joking.,2026-07-06T09:37:15.041608+00:00
810,/Luguru_Young_1960_44_KS,EasternAfrica,Luguru,clans,clan,reciprocating clans,clan,within_group,Text describes recurrent reciprocal joking (ugongo/utani) as institutionalized between clans within Luguru.,"A more important relationship between clans is that of ugongo (L.) or utani (S.), i.e. reciprocal or joking relationship. Not all clans possess a link in this manner, but where they do there is also a trend to preferential marriage between the two linked clans.",ugongo / utani (reciprocal joking relationship),ugongo; utani,symmetric,joking_relationship,0.8,"Document does not name specific clan pairs; institution described as recurrent reciprocal joking between clans, including triangular three-clan links.",2026-07-06T09:37:24.679607+00:00
811,/Luo_Cohen_1989_106_KS,EasternAfrica,Luo,jogam,group,sisters of Adhiambo,kin_role,kinship,"Text describes recurring flirting/jokes between jogam and Adhiambo's sisters, a culturally patterned play relationship.","The food was eaten slowly, with some flirting between the jogam and the sisters of Adhiambo and some jokes passed back and forth with the brothers.",playmates / flirting,jogam,symmetric,joking_relationship,0.6,,2026-07-06T09:37:35.858226+00:00
812,/Luo_Cohen_1989_106_KS,EasternAfrica,Luo,sisters of Adhiambo,kin_role,brothers,kin_role,kinship,"Text reports jokes exchanged back and forth between sisters of Adhiambo and the brothers, indicating patterned kin joking.","The food was eaten slowly, with some flirting between the jogam and the sisters of Adhiambo and some jokes passed back and forth with the brothers.",,,symmetric,joking_relationship,0.5,Brothers are not explicitly tied to named kinline; coded as kin_role. The passage implies recurring joking but limited detail.,2026-07-06T09:37:35.858226+00:00
813,/Luo_Cohen_1989_108_KS,EasternAfrica,Luo,the jogam,kin_role,Adhiambo's people,group,kinship,Text describes recurrent teasing during marriage negotiations between jogam and bride's people (in-law context).,"The record-player was brought back to the room and there was music and dancing, with a good deal of teasing and joking between the jogam and Adhiambo's people.",,jogam,unclear,joking_relationship,0.6,,2026-07-06T09:37:42.354366+00:00
814,/Luo_Wilson_1961_100_KS,EasternAfrica,Luo,brothers of the bride,kin_role,brothers of the groom,kin_role,kinship,Ritualized selection (DIERO) with mock battles and sanctioned taking of a beast between bride's and groom's brothers.,"35. The brothers of the bride have meanwhile been waiting patiently for the news that the bride has accepted the CHIENO, for now they gather their strongest and most skilled fighters from among their LIBAMBA and their neighbours to take the first head of cattle from the herd of the groom to their own village. This group is known as the JODIERO, the selectors, and they go to select a beast from the herd of the groom. The brothers of the groom naturally resist the selection and the two groups wrestle and fight mock battles with sticks until both parties agree on the beast to be taken.",DIERO / JODIERO,DIERO; JODIERO; RWADH DIER,symmetric,joking_relationship,0.9,,2026-07-06T09:38:03.598207+00:00
815,/Luo_Wilson_1961_95_KS,EasternAfrica,Luo,JONDARIA,group,the young men of the groom's village,age_set,within_group,Text describes recurrent flirtation and joking between JONDARIA and groom's young men.,During the rest of the day is a period of flirtation and joking between the JONDARIA and the young men of the groom's village.,JONDARIA,JONDARIA,symmetric,joking_relationship,0.9,,2026-07-06T09:38:19.061760+00:00
816,/Luo_Wilson_1961_95_KS,EasternAfrica,Luo,JONDARIA,group,the village of the groom,village,within_group,"Text states JONDARIA have culturally licensed liberties in the groom's village (enter granaries, take food).","On the other hand, some state that the JONDARIA have great licence in the village and enter the granaries and take anything edible they find which they cook and eat by themselves.",licensed liberties,JONDARIA,non_symmetric,insulting_license,0.8,Licensed liberties granted to JONDARIA by host village; action is by JONDARIA so non-symmetric.,2026-07-06T09:38:19.061760+00:00
817,/Luo_Wilson_1961_95_KS,EasternAfrica,Luo,JONDARIA,group,the village (hosts),village,within_group,"Alternate, recurrent custom: JONDARIA are ignored and not given food—an institutionalized avoidance pattern.",Most Luo tribes state that the JONDARIA are ignored in the village and are not given food but must wait until their return the next day to their own village before they eat.,,JONDARIA,non_symmetric,avoidance,0.8,Different tribal variants present both licensed liberties and avoidance between same units; treated as separate institutional patterns.,2026-07-06T09:38:19.061760+00:00
820,/Maasai_Merker_1910_82_KS,EasternAfrica,Maasai,the assembled warriors,group,the parents of the boy,kin_role,kinship,Warriors collectively abuse parents when a boy shows pain—sanctioned teasing tied to circumcision kin roles.,"During the circumcision itself the parents of the boy remain in their hut, for if the latter moans or cries out from the pain, they are punished with abusive 83 63 cont. words and blows by the assembled warriors, because they did not rear their son to have the hardening and self-control necessary for a warrior, while the weakling is reviled for a long time afterwards as eb[unknown] iryo = coward, or t[unknown] or[unknown] on[unknown] o = the bad one.",abusive words and blows / reviling,,non_symmetric,insulting_license,0.6,Text shows a culturally sanctioned pattern at circumcision festivals where warriors publicly admonish/abuse parents for sons' lack of stoicism.,2026-07-06T09:38:43.563122+00:00
821,/Maasai_Spencer_1988_110_KS,EasternAfrica,Maasai,manyata moran,age_set,elders,group,within_group,"Repeated, culturally sanctioned teasing of moran by elders/village watchers about adultery privileges.","The elders can only demand that visiting moran should behave as guests with an outward respect, and the moran are aware that their comings and goings are being carefully watched from a discreet distance.
...If a manyata moran stays in the elders' village area for more than the occasional night without manyata permission, he must account for himself on his return. ... he can expect to be teased.",teased by elders / watched and teased on return,,non_symmetric,joking_relationship,0.9,,2026-07-06T09:38:58.265995+00:00
822,/Maasai_Spencer_1988_110_KS,EasternAfrica,Maasai,manyata women,group,manyata moran,age_set,within_group,Manyata women habitually take up a joking script to taunt moran who have stayed in elders' villages.,"When other manyata moran see him returning, they may call out: ‘The donkeys have come.’ The manyata women then take up the joke: ‘He's just a donkey, for he ran away to the elders' villages ... Let's grab him and drive him to get some water! Let's put a hide on his back and load him up!’",women teasing returning moran,,non_symmetric,joking_relationship,0.9,,2026-07-06T09:38:58.265995+00:00
823,/Maasai_Spencer_1988_110_KS,EasternAfrica,Maasai,manyata moran,age_set,manyata moran (returning from elders' villages),age_set,within_group,"Peers repeatedly call out and mock comrades who have stayed with elders, a patterned teasing practice.","When other manyata moran see him returning, they may call out: ‘The donkeys have come.’",peer teasing / taunting,,symmetric,joking_relationship,0.85,,2026-07-06T09:38:58.265995+00:00
824,/Maasai_Spencer_1988_121_KS,EasternAfrica,Maasai,father,kin_role,son,kin_role,kinship,"Text describes a recurrent, sanctioned teasing when fathers quarrel and sons must run away, creating joking.","If a father quarrels with his son and starts to shiver, the son should run away whatever his age, as if the father has raised his stick. The incident then becomes a joke at the expense of the younger man.",joke at the expense of the younger man,,non_symmetric,joking_relationship,0.9,,2026-07-06T09:39:04.631024+00:00
825,/Maasai_Spencer_1988_147_KS,EasternAfrica,Maasai,firestick patrons,group,moran,age_set,within_group,"Recurring, ritualized harangues and sanctioned teasing between elders (patrons) and moran during eunoto.","The response of the patrons throughout the morning was similar to that described for all such occasions when they assemble to harangue the moran. ... During the breaks in moments of pique, certain patrons occasionally cracked their long whips at unsubdued groups of moran as though they were frisky cattle. The moran would dutifully retire to a safer distance, ‘running away’ from the elders' anger, although still sometimes giggling.",authoritarian ritual of counter-rebellion / harangue,,non_symmetric,joking_relationship,0.9,,2026-07-06T09:39:23.774557+00:00
826,/Maasai_Spencer_1988_147_KS,EasternAfrica,Maasai,age mates,age_set,age mates,age_set,within_group,Patterned joking/support among an age-mate group after ritual conflict (entertaining with joking and good humour).,"As the elders dispersed, he remained with a small group of age mates, entertaining them with a display of joking and good humour. They encouraged him, rather as moran closely support an age mate after a bout of shaking.",supportive joking among age-mates,,symmetric,banter,0.8,,2026-07-06T09:39:23.774557+00:00
827,/Maasai_Spencer_1988_164_KS,EasternAfrica,Maasai,firestick patrons of Terito age-set,age_set,moran,age_set,within_group,Repeated mock aggression and abusive joking by patrons toward moran at disbanding; age-set patron–moran institutional ritual roles.,"Their firestick patrons of Terito age-set systematically coerced them from this defiant stand. ... Then, striding away from the meeting, the patrons left the moran with little option other than to rush up with fistfuls of grass, forcing the patrons to recant, but at the same time submitting to the inevitable.",patron–moran mock aggression at disbanding ceremony,,non_symmetric,joking_relationship,0.9,Patrons exercise licensed mock aggression; institutionalized within ceremonial context (enoonkureeta).,2026-07-06T09:39:37.558061+00:00
828,/Maasai_Spencer_1988_164_KS,EasternAfrica,Maasai,moran,age_set,manyata-mothers,kin_role,kinship,Text describes recurrent joking abuse between moran and their mothers during ritual contexts.,"The abusive idiom of the patrons recalls the first forest feast when joking abuse between moran and their mothers was indirectly at the expense of their absent fathers, whom they were about to desert for the manyata.",moran–mother joking abuse,,symmetric,joking_relationship,0.9,,2026-07-06T09:39:37.558061+00:00
829,/Maasai_Spencer_1988_164_KS,EasternAfrica,Maasai,firestick patrons of Terito age-set,age_set,manyata-mothers,kin_role,kinship,Patrons theatrically hurl mock curses and sexual abuse at manyata-mothers as recurrent ceremonial practice.,"The patrons are expected to come with long whips and an assortment of warrior headgear in the spirit of a burlesque on moranhood. ... they crack their whips as they approach the manyata, and hurl mock curses and accusations of incest. Their aim is to frighten the manyata-mothers who are less certain that these mock curses are harmless play.",patrons' mock curses at manyata-mothers,enoonkureeta,non_symmetric,joking_relationship,0.9,Assigned ceremony term as local_term_raw because enoonkureeta frames the interaction.,2026-07-06T09:39:37.558061+00:00
830,/Maasai_Spencer_1988_165_KS,EasternAfrica,Maasai,patrons,group,moran,group,within_group,Elder patrons repeatedly perform sanctioned verbal abuse toward moran during disbanding ceremonies.,"Forty-nine firestick patrons cowl their heads with sheepskin caps, inkureeta, whence the name of the ceremony, enoonkureeta. Their abuses against the moran incorporate such phrases as: ‘become bitter; be finished off; become lost for ever; you have fucked your mothers when they denied us [this right]; I have come and hear and see that your mother has nothing left to fuck’.",disbanding ceremony abuses,enoonkureeta,non_symmetric,insulting_license,0.9,,2026-07-06T09:39:45.711951+00:00
831,/Maasai_Spencer_1988_165_KS,EasternAfrica,Maasai,moran,group,mothers,kin_role,kinship,Text explicitly notes joking between moran and their mothers at a named ceremony (first forest ox).,"As with the joking between moran and their mothers at the first forest ox (of-the-earplugs), the Matapato acknowledged but did not stress the element of joking abuse.",joking at first forest ox,,symmetric,joking_relationship,0.9,,2026-07-06T09:39:45.711951+00:00
832,/Maasai_Spencer_1988_26_KS,EasternAfrica,Maasai,courier (clan ‘sister’ or the wife of an age mate),kin_role,the girl (prospective bride),kin_role,kinship,Repeated anointment ritual: women kin (couriers/age-mate wives) ritually tease the prospective bride.,"The suitor discreetly approaches one of the village wives to be his courier, perhaps a clan ‘sister’ or the wife of an age mate. In an unguarded moment, she calls over the girl and taking her by surprise, traces a smear of the butter from the bridge of her nose to her crown. Realising what has occurred, the girl is expected to rage. She snatches at leaves or grass or anything on hand to wipe off the butter, while the other women and even girls laugh at her.",anointment (esiret),esiret,non_symmetric,joking_relationship,0.9,Institutionalized as repeated with each suitor and culturally proscribed (girl excluded from sharing gifts).,2026-07-06T09:39:53.716148+00:00
833,/Maasai_Spencer_1988_31_KS,EasternAfrica,Maasai,bride (new wife),kin_role,women closely related to her husband,kin_role,kinship,"Persistent, culturally patterned taunting of the bride by husband-related women during reception ritual.","She is left by herself outside this village, and is then greeted by the women, who come out to taunt her persistently until she breaks down in tears. They may tease her for being her husband's current favourite who will in her turn be discarded.",taunting during reception,,non_symmetric,joking_relationship,0.9,,2026-07-06T09:40:05.356970+00:00
834,/Maasai_Spencer_1988_31_KS,EasternAfrica,Maasai,bride (new wife),kin_role,girls (younger women) of the husband's village,age_set,kinship,Younger women (girls) specifically participate in recurrent taunting of the incoming bride.,"She is no longer a girl and now even girls come out to taunt her. These are jokes that point up some of the sombre realities of wifehood, and mark the most radical transition in her life with a totally new role and surrounded by new faces.",taunting by girls,,non_symmetric,joking_relationship,0.8,,2026-07-06T09:40:05.356970+00:00
835,/Maasai_Spencer_1988_73_KS,EasternAfrica,Maasai,those close to the initiate and others that have recently been circumcised,group,the initiate,kin_role,kinship,Text describes kin and recent initiates deliberately provoking the initiate in ceremony; role-centered kin-based teasing.,"Those close to the initiate and others that have recently been circumcised may deliberately try to provoke his anger, scorning and threatening him, and distancing themselves from him if he does flinch, but also firming his resolve not to do so.",provoking / scorning during circumcision,,non_symmetric,teasing,0.85,,2026-07-06T09:40:21.494798+00:00
836,/Maasai_Spencer_1988_73_KS,EasternAfrica,Maasai,a band of about ten initiates,age_set,the youth (the initiate) led from his mother's hut,kin_role,within_group,Describes initiates as a unit teasing and manipulating the newly circumcised youth during ritual—age-set patterned teasing.,"a band of about ten initiates, who had recently recovered from the operation and wore their full regalia, led the youth from his mother's hut, singing and holding each arm... They paused at certain points, singing and making pointed references to the fact that none of them had flinched.",initiates' teasing of new initiate,,non_symmetric,teasing,0.9,,2026-07-06T09:40:21.494798+00:00
837,/Maasai_Spencer_1988_73_KS,EasternAfrica,Maasai,The elders,group,smaller boys,age_set,within_group,Elders intentionally call over and tease smaller boys after the operation—festival-patterned teasing across generations.,"The elders then called over smaller boys to tease them, playfully dragging them towards the doorway and asking them if they would like to be circumcised.",teasing of younger boys,,non_symmetric,teasing,0.9,,2026-07-06T09:40:21.494798+00:00
838,/Maasai_Spencer_1988_73_KS,EasternAfrica,Maasai,some women,group,several young children,age_set,within_group,"Women seized children and hooted while simulating teeth-prising, a recurring playful emphasis on forthcoming ordeal.","Outside, catching this jocular mood, some women seized several young children. One of them started to prise out their lower incisors as if to emphasise to them the ordeal that awaited them, hooting with laughter while the children howled.",women's playful teasing of children,,non_symmetric,teasing,0.85,,2026-07-06T09:40:21.494798+00:00
839,/Maasai_Spencer_1988_84_KS,EasternAfrica,Maasai,novice moran,kin_role,fathers (family heads),kin_role,kinship,Text describes recurring feast joking where novice moran make fathers the butt of jokes; kin-role pattern.,"The various allusions are to the period when they will leave home and take their mothers to live in the manyata (their warrior village); and their fathers, who are conspicuously absent, are the indirect butt of the joke.",butt of the joke,,non_symmetric,joking_relationship,0.85,,2026-07-06T09:40:30.647368+00:00
840,/Maasai_Spencer_1988_84_KS,EasternAfrica,Maasai,novice moran,kin_role,mothers,kin_role,kinship,Joking at the feast highlights sons' forthcoming control over their mothers (possessory teasing tied to manyata role).,"If mothers have sexual relations with their own fathers and with the moran friends of their daughters and come under the overbearing protection of their own sons and feed them, then their husbands - the fathers of the moran - are superfluous.",possessory teasing / control,manyata,non_symmetric,joking_relationship,0.8,,2026-07-06T09:40:30.647368+00:00
900,/Nuba_Faris_1989_166_KS,EasternAfrica,Nuba,danndanna (male),kin_role,danndanna (female),kin_role,kinship,"Text states sexual joking is appropriate with danndanna of the opposite sex, a recurrent kinship-based joking practice.","Sexual joking with danndanna of the opposite sex is appropriate, as it is an appropriate marriage category.",,danndanna,symmetric,joking_relationship,0.9,Interpreted as patterned joking between opposite-sex danndanna (cross-cousin marriage category).,2026-07-06T09:46:38.958323+00:00
901,/Nuba_Nadel_1947_285_KS,EasternAfrica,Nuba,a man,kin_role,his classificatory sister,kin_role,kinship,Text states men 'might even joke' with classificatory sisters about sexual dreams—recurring kin-based licensed joking.,"If a man dreamed in this way about his classificatory sister, his cousin, or possibly his brother's wife, he would think nothing of it and might even joke about it with the heroine of his dream.",,,symmetric,joking_relationship,0.85,,2026-07-06T09:46:56.026266+00:00
902,/Nuba_Nadel_1947_285_KS,EasternAfrica,Nuba,a man,kin_role,his cousin,kin_role,kinship,"Author reports men may 'joke' with their cousins about incest dreams—patterned, kin-based licensed teasing.","If a man dreamed in this way about his classificatory sister, his cousin, or possibly his brother's wife, he would think nothing of it and might even joke about it with the heroine of his dream.",,narane,symmetric,joking_relationship,0.85,,2026-07-06T09:46:56.026266+00:00
903,/Nuba_Nadel_1947_285_KS,EasternAfrica,Nuba,a man,kin_role,his brother's wife,kin_role,kinship,"Text indicates men may 'joke' with their brother's wife about erotic dreams—an affinal, recurrent joking license.","If a man dreamed in this way about his classificatory sister, his cousin, or possibly his brother's wife, he would think nothing of it and might even joke about it with the heroine of his dream.",,,symmetric,joking_relationship,0.8,,2026-07-06T09:46:56.026266+00:00
915,/Nuer_Colson_1952_152_KS,EasternAfrica,Nuer,a man's wife,kin_role,her husband's brothers,kin_role,kinship,Text explicitly states licensed joking between a man's wife and her husband's brothers; clearly kinship-based.,"For a man's wife, avoidance is impracticable, but she treats her parents-in-law with great respect and, in the early days of marriage, keeps herself apart from them as much as possible. She is on joking terms with her husband's brothers since, among brothers, the wife of one is, in the social sense, the wife of all.",on joking terms,,symmetric,joking_relationship,0.9,,2026-07-06T09:48:49.131065+00:00
916,/Nuer_EvansPritchard_1936_261_KS,EasternAfrica,Nuer,ric (age-set members),age_set,ric (age-set members),age_set,within_group,"Text describes recurrent joking, play, and encouragement among members of the same ric (age-set).",Age-mates are on terms of complete equality. A man does not stand on ceremony with an age-mate but eats and plays and jokes with him as an equal.,,ric,symmetric,joking_relationship,0.9,Institutionalized conviviality and teasing among age-mates; includes encouragement of boy fights as licensed play.,2026-07-06T09:48:55.468654+00:00
917,/Nuer_EvansPritchard_1936_262_KS,EasternAfrica,Nuer,members of the same age-set,age_set,wife of a man of his own age-set,kin_role,within_group,Text states ritualized licensed liberties allowing age-mates to joke with a fellow age-mate's wife.,As we have seen at initiation feasts a man is permitted to joke and take liberties with the wife of a man of his own age-set.,take liberties / permitted to joke,,symmetric,joking_relationship,0.9,,2026-07-06T09:49:04.456127+00:00
918,/Nuer_EvansPritchard_1940_257_KS,EasternAfrica,Nuer,members of the same age-set,age_set,age-mates,age_set,within_group,"Text describes recurrent, culturally expected joking and play among members of the same age-set.","Members of the same age-set are on terms of entire equality. A man does not stand on ceremony with his age-mates, but jokes, plays, and eats with them at his ease.",comradeship; joking and play among age-mates,,symmetric,joking_relationship,0.9,,2026-07-06T09:49:15.654740+00:00
919,/Nuer_EvansPritchard_1951_100_KS,EasternAfrica,Nuer,mother-in-law,kin_role,son-in-law,kin_role,kinship,Text describes culturally patterned joking and licensed mirth between mothers-in-law and sons-in-law.,"The mother-in-law relationship among the Nuer is a subject of mirth, and the foulest slips of the tongue are attributed to mothers-in-law when talking to their daughters' husbands.
A man may even joke with his mother-in-law when there are several children.",mother-in-law relationship,,mixed,joking_relationship,0.9,,2026-07-06T09:49:23.433515+00:00
920,/Nuer_EvansPritchard_1951_101_KS,EasternAfrica,Nuer,a man,kin_role,his wife's brother,kin_role,kinship,"Text describes recurrent obscene joking between husband and wife's brother after children are born, a kinship-linked licensed teasing.","After the birth of children a man and his wife's brother can, if great friends, jokingly curse one another in obscene language.",jokingly curse one another,,symmetric,joking_relationship,0.9,,2026-07-06T09:49:33.063267+00:00
921,/Nuer_EvansPritchard_1951_101_KS,EasternAfrica,Nuer,a man,kin_role,his wife's sister,kin_role,kinship,Husband may at any time joke and exchange abusive language with his wife's sister — a culturally patterned joking relationship.,The only in-law whom a man need not at any time treat with reserve is his wife's sister. He can joke with her and even exchange abusive language with her.,joke / exchange abusive language,,symmetric,joking_relationship,0.9,,2026-07-06T09:49:33.063267+00:00
922,/Nuer_EvansPritchard_1951_159_KS,EasternAfrica,Nuer,"gaatgwanlen, male ortho-cousins, the sons of brothers",kin_role,"gaatgwanlen, male ortho-cousins, the sons of brothers",kin_role,kinship,Text states male ortho-cousins (gaatgwanlen) have a culturally patterned joking/teasing relationship.,It is perhaps this contradiction between social bonds and personal feelings which gives rise to the joking or teasing relationship between ortho-cousins.,joking or teasing relationship,gaatgwanlen,symmetric,joking_relationship,0.9,,2026-07-06T09:49:42.693137+00:00
923,/Nuer_EvansPritchard_1951_39_KS,EasternAfrica,Nuer,nei ti gwagh,kin_role,sons (young men),kin_role,kinship,Text states sons may joke with 'nei ti gwagh' (unrelated people); a culturally licensed kin vs non-kin joking relation.,"The nei ti gwagh, the unrelated people, they can joke with and make love to without fear of censure or retribution, so long as they are not wives of other men, for fornication with an unrelated girl is not regarded with disapprobation.",licensed joking with unrelated people,nei ti gwagh,symmetric,joking_relationship,0.8,Document excerpt frames joking permission as contrast with kin; actors interpreted as sons/young men taught by parents.,2026-07-06T09:49:51.499886+00:00
924,/Nuer_Howell_19xx_93_KS,EasternAfrica,Nuer,legal representatives of the bridegroom,group,bride's family,group,within_group,"Text describes recurrent, ritualized night-long joking between these parties at marriage feast.","After the dancing is over, those who are not closely related to either party go home, but the legal representatives of the bridegroom and the bride's family and some of their close kinsmen, both male and female, go into a but specially prepared for them which is known as the dwil koam for the occasion. There they sit all night joking and conversing with their hosts until dawn.",dwil koam joking,dwil koam,symmetric,joking_relationship,0.9,,2026-07-06T09:50:12.914000+00:00
925,/Nuer_Howell_19xx_93_KS,EasternAfrica,Nuer,young people of the bridegroom's party,age_set,young people of the bride's party,age_set,within_group,"Ritualized, recurrent courting badinage sung and exchanged between the two parties' youths at marriage.","Another hut, known as the dwil twacni or dwil kwen, is set aside for the young people of both parties, and the bride and bridegroom, their gwan twac and ngi nyal, sit there with their friends and coevals singing and exchanging courting badinage all night through.",dwil twacni / dwil kwen courting badinage,dwil twacni; dwil kwen,symmetric,joking_relationship,0.9,,2026-07-06T09:50:12.914000+00:00
940,/NyakyusaandNgonde_Wilson_1977_170_KS,EasternAfrica,NyakyusaandNgonde,Nyakyusa,ethnic group,Ngoni,ethnic group,cross_group,Text states Nyakyusa and Ngoni were recurring joking partners at labour centres (institutionalized cross-group teasing).,"The Ngoni were spoken of as equals who, without question, could be joking partners of Nyakyusa at labour centres (M. Wilson 1957b).",joking partners,,symmetric,joking_relationship,0.9,,2026-07-06T09:51:31.230424+00:00
941,/Okiek_Huntingford_1951_35_KS,EasternAfrica,Okiek,members of his own generation,age_set,members of his own generation,age_set,within_group,Peers of the same generation have culturally licensed rude joking among themselves.,"Between a man and the members of his own generation considerable latitude is allowed. As the Dorobo put it, Kicupekei, kiurerencinkei, kiilencinkei, ‘Kumin kon, ngut kum kamet’, amu ki lakok. (“We use bad language to one another, we play together, we say to each other, ‘May your father lie with you, or may you lie with your mother’, because we are children”, i. e. we are all of the same age.)",licensed liberties,"Kicupekei, kiurerencinkei, kiilencinkei",symmetric,joking_relationship,0.9,,2026-07-06T09:51:53.114085+00:00
942,/Okiek_Huntingford_1951_35_KS,EasternAfrica,Okiek,brother,kin_role,sister,kin_role,kinship,Sibling pairs are described as allowed 'perfectly innocuous intimacy' including joking.,"Between the sexes of the same generation there may be a perfectly innocuous intimacy, between brother and sister, between macokor, mama, and kesenda, which allows any kind of joking and language but stops short of actual sexual intercourse;",,,symmetric,joking_relationship,0.85,,2026-07-06T09:51:53.114085+00:00
943,/Okiek_Huntingford_1951_35_KS,EasternAfrica,Okiek,macokor,kin_role,mama,kin_role,kinship,Macokor and mama (kin categories) are listed together as permitted to use joking and language among them.,"Between the sexes of the same generation there may be a perfectly innocuous intimacy, between brother and sister, between macokor, mama, and kesenda, which allows any kind of joking and language but stops short of actual sexual intercourse;",,,symmetric,joking_relationship,0.8,,2026-07-06T09:51:53.114085+00:00
944,/Okiek_Huntingford_1951_35_KS,EasternAfrica,Okiek,macokor,kin_role,kesenda,kin_role,kinship,Macokor and kesenda are named among kin roles permitted mutual joking within the same generation.,"Between the sexes of the same generation there may be a perfectly innocuous intimacy, between brother and sister, between macokor, mama, and kesenda, which allows any kind of joking and language but stops short of actual sexual intercourse;",,,symmetric,joking_relationship,0.8,,2026-07-06T09:51:53.114085+00:00
945,/Okiek_Huntingford_1951_35_KS,EasternAfrica,Okiek,mama,kin_role,kesenda,kin_role,kinship,Mama and kesenda are paired in text as kin roles between whom joking and intimate language is allowed.,"Between the sexes of the same generation there may be a perfectly innocuous intimacy, between brother and sister, between macokor, mama, and kesenda, which allows any kind of joking and language but stops short of actual sexual intercourse;",,,symmetric,joking_relationship,0.8,,2026-07-06T09:51:53.114085+00:00
946,/Okiek_Kratz_1990_451_KS,EasternAfrica,Okiek,Okiek,ethnic group,Maasai,ethnic group,cross_group,"Text explicitly states recurrent joking characterizes Okiek–Maasai interactions, an institutionalized interethnic pattern.","Okiek are represented as trickster figures: cunning, greedy, unrestrained, and violators of accepted standards of social life and behavior in various ways.
Joking, apparent or real accommodation, and a certain diffidence characterize many Okiek interactions with Maasai, whatever the actual balance of goods, services, and reliance.",joking,,mixed,joking_relationship,0.9,,2026-07-06T09:52:02.881972+00:00
947,/Okiek_Kratz_1990_457_KS,EasternAfrica,Okiek,men,group,women,group,within_group,Recurrent joking between male and female ritual communities about hierarchy in ceremonies.,"Faced with the challenge of women's own corresponding ritual community and ceremonial organization, men sometimes try to introduce an evaluative hierarchy and male priority into the trial and secrets of initiation as well. Some may claim that their pain is greater, or that shared themes in secret songs were taken from them by women. However, these attempts are usually joking or rather half-hearted, in partial recognition of their absurdity.",attempts to introduce male priority (joking),,mixed,joking_relationship,0.8,"Text frames joking as recurrent, ritual-contextualized banter between men's and women's ritual communities.",2026-07-06T09:52:12.264207+00:00
948,/Okiek_Kratz_1990_458_KS,EasternAfrica,Okiek,men,group,women's house of ritual,group,within_group,Text names recurring 'joking attacks' by men directed at women's ritual house; intra-societal gendered ritual teasing.,"A certain ambivalence does emerge, however, as the situation highlights the contradiction and brings out the tension ordinarily defused by the dispersal of women. It emerges in the encouraging speeches made to girls, in side comments made during initiation ceremonies, and in joking attacks made by men on the women's house of ritual.",joking attacks,,non_symmetric,joking_relationship,0.9,,2026-07-06T09:52:27.019541+00:00
949,/Okiek_Kratz_1990_458_KS,EasternAfrica,Okiek,girls (initiates),kin_role,audience (adults),group,within_group,"Pesenweek confessions are a ritualized, recurrent setting where adults publicly tease/initiate girls; culturally patterned teasing.","The confessions can be actuely embarrassing for initiates and uproariously funny for the audience. Girls are asked to describe times when they refused to help with work or to go on errands for adults, and to name those involved.",pesenweek confessional teasing,pesenweek,non_symmetric,joking_relationship,0.9,,2026-07-06T09:52:27.019541+00:00
950,/Okiek_Kratz_1991_832_KS,EasternAfrica,Okiek,children,group,adults,group,within_group,Pesenweek confession ritual produces recurrent teasing and scapegoating between children and adults.,"The child instigates a pesenta through disrespect and disobedience, but the actual threat originates in the adult's grudgeful anger. As pesenweek are told and then announced, blame shifts subtly from child to adult. ... it becomes a laughing matter. Adults are usually more than willing scapegoats, adding to the hilarity with other comments.",pesenweek confessional teasing,pesenweek,mixed,joking_relationship,0.9,,2026-07-06T09:52:41.519898+00:00
962,/Shilluk_Howell_1946_26_KS,EasternAfrica,Shilluk,drummers,group,dancers,group,within_group,"Ritualized, recurrent signal-response producing mock terror and laughter between defined ceremony roles.","On each day, at the close of the ceremonies the drummers whisked the drums from their holes and rushed them out of the village. This was a signal to the dancers to disperse, and they did so with great speed and with mock terror. The spirit of the late reth was said to return on the drums being drawn, and hands were clapped by the onlookers as before.",mock terror signal-response,,symmetric,joking_relationship,0.6,"Treated as a recurrent, culturally patterned joking/teasing interaction tied to funerary ritual roles (drummers vs dancers).",2026-07-06T09:54:22.571724+00:00
964,/Somali_Cerulli_1959_114_KS,EasternAfrica,Somali,the pastoralists of the woodland,regional group,"the Hawiyya tribes settled in the villages of the ""black land""",ethnic group,cross_group,Text states woodland pastoralists routinely joke about Hawiyya villagers; recurrent cross-group teasing.,"Thus the pastoralists of the woodland joke about the unexpected attitudes of the Hawiyya tribes settled in the villages of the “black land” of the valley of the W[unknown]ebi (B[unknown]adi ‘Add[unknown]a, M[unknown]olk[unknown]al, M[unknown]obil[unknown]en, etc.), tribes that have fewer scruples in some of their attitudes than the people of the woodland remaining more attached to the customs.",,saddehliya,non_symmetric,joking_relationship,0.7,,2026-07-06T09:54:53.791595+00:00
965,/Somali_Cerulli_1959_120_KS,EasternAfrica,Somali,Hawiye,ethnic group,M[unknown]obil[unknown]en,clan,cross_group,Proverbary mockery by Hawiye targets named group repeatedly; institutionalized inter-group teasing.,"“You should spend midday under a maray tree and at night ask a M[unknown]obil[unknown]en for hospitality!”

“The maray tree does not give shade because of its very scarce leaves, just as the M[unknown]obil[unknown]en are scarcely hospitable because of their notorious parsimony.",proverbary mockery,mâlin maráy kú härgál,unclear,joking_relationship,0.7,,2026-07-06T09:55:17.005368+00:00
966,/Somali_Cerulli_1959_120_KS,EasternAfrica,Somali,Hawiye,ethnic group,Dínl[unknown]a Mant[unknown]an,lineage,cross_group,Ethnographer records proverb comparing Dinlä Mantan's cunning; recurring cultural proverb mocks that lineage.,"“The astuteness of the Dîhlä Mant[unknown]an and the ground under which one has dug are equally deep.”

“The cunning of the Dinlä Mant[unknown]an proceeds underground like a gallery dug under the ground, for instance, by the faranfar (the heterocephalus glaber, the rodent so widespread in the Somalian woodland).",proverbary mockery,sírta Dínl[unknown]a Mantân,unclear,joking_relationship,0.7,,2026-07-06T09:55:17.005368+00:00
967,/Somali_Cerulli_1959_120_KS,EasternAfrica,Somali,Hawiye,ethnic group,Barísä Mant[unknown]an,lineage,cross_group,Proverb explicitly jokes about Barisä Mantan's stinginess; culturally patterned teasing between groups.,"“To ask the Barísä Mant[unknown]an for money is [like] an elephant that wants to feed on grass during the dry season.”

They joke about the attachment of the Barisä Mant[unknown]an to their goods.",proverbary mockery,Barísä Mantân mâl la[unknown]gá hevhívo,unclear,joking_relationship,0.7,,2026-07-06T09:55:17.005368+00:00
968,/Somali_Cerulli_1959_120_KS,EasternAfrica,Somali,Hawiye,ethnic group,‘Áli ‘Êli,lineage,cross_group,"Proverb mocks the ‘Ali ‘Eli stirpe as 'not a tribe', indicating recurrent derogatory joking about that lineage.","“The white land is not a garden. The wife who runs away is not a wife. The disobedient one is not a son. The boiled durra is not polenta. The ‘Ali ‘[unknown]Eli are not a tribe.”

The ‘Ali ‘[unknown]Eli, one of the stirpes of the ‘[unknown]Eli ‘Umar of the W[unknown]ar[unknown]s[unknown]e[unknown]h zone, are thus mocked.",proverbary mockery,‘árra ‘ád bêr mahín. ‘ar[unknown]otóy nâg mahín. ‘ási wîl mahín. ‘ambúlo sôr mahín. ‘Áli ‘Êli ‘íd mahín,unclear,joking_relationship,0.7,,2026-07-06T09:55:17.005368+00:00
969,/Somali_Cerulli_1959_87_KS,EasternAfrica,Somali,Garmagalä,clan,Abg[unknown]al,clan,within_group,Text states Garmagalä joking about Salamo tradition to call brothers and Negroes like proud Abg'al — patterned intra-societal teasing.,"The Garmagalä, ‘freed,’ jokes about the tradition of Sal[unknown]amo in order to call his brothers and Negroes, therefore, like him, the proud Abg[unknown]al pastoralists.",jokes about the tradition of Salamo,,unclear,joking_relationship,0.6,Document fragmentary; Garmagalä appears as a group performing licensed teasing referencing Abg'al identity.,2026-07-06T09:55:28.908987+00:00
970,/Somali_Cerulli_1959_92_KS,EasternAfrica,Somali,Abgâl,clan,‘Am[unknown]udi,clan,within_group,Text describes reciprocal teasing and competitive praise between these named clans within Somali society.,"Ya[unknown]q[unknown]ub: I am Abgâl, I am one of the men who have been governing because of their ancestors... 

. The ‘Am[unknown]udi singer invites the Ya[unknown]q[unknown]ub to leave the city to the citizens; and in turn he jokes about the occupations of the Somalis of the woodland, cameleers or cultivators of the small clearings (g[unknown]of) or in the service of the Government with a badge of a red ribbon at the neck, which was worn at that time (cf. here above, p. 52).",contrast/banter between clans,,mixed,joking_relationship,0.8,,2026-07-06T09:55:44.001508+00:00
971,/Somali_Cerulli_1959_93_KS,EasternAfrica,Somali,D[unknown]ar[unknown]od /Daarood/,ethnic group,Hawâdlä,clan,cross_group,Poem mocks Hawâdlä and earlier turns to Daarood; poet's verses provoked reactions from Daarood—recurring inter-tribal vaunting.,"The poet, before considering the Hawiyya peoples of the middle W[unknown]ebi, turns to the D[unknown]ar[unknown]od tribes (of Northern Somalia)... . The poet now begins to mock the [unknown]Haw[unknown]adlä tribe (belonging to the Hawiyya)...",vaunt/poetic mockery,,mixed,joking_relationship,0.85,"Text describes recurring tribal satire and reactions from the Daarood, indicating institutionalized inter-tribal joking/vaunt.",2026-07-06T09:56:08.819794+00:00
972,/Somali_Cerulli_1959_93_KS,EasternAfrica,Somali,"Hawiyya tribes (Hawâdlä, B[unknown]adi ‘Addä, G[unknown]al-[unknown]gä‘el, M[unknown]obil[unknown]en, D[unknown]a[unknown]ud, Hilli[unknown]bi, Murúsada)",group,Gälädi (Digil),clan,within_group,Poem ends with a joke about Gälädi and traverses jokes about multiple Hawiyya tribes—recurring internal tribal teasing.,"The middle stanzas are all devoted to Hawiyya tribes: [unknown] Haw[unknown]adlä, B[unknown]adi ‘Addä, G[unknown]al-[unknown]gä‘el, M[unknown]obil[unknown]en, D[unknown]a[unknown]ub, Hilli[unknown]bi, Murúsada. The last hemistich (minkäy ma koyto) imitates the dialect of the G[unknown]alädi.",vaunt/poetic mockery,,unclear,joking_relationship,0.75,Extracted as patterned intra-societal joking: poet's vaunt-poems target multiple named Hawiyya tribes and Gälädi (Digil).,2026-07-06T09:56:08.819794+00:00
973,/Somali_Cerulli_1959_96_KS,EasternAfrica,Somali,Hawiyya peoples,group,Murúsada,clan,within_group,Singer (Hawiyya) makes a recurrent joking stereotype about Murúsada; intra-Hawiye teasing.,The verse refers to the widespread belief that the Murúsada were werewolves; and thus here they seem to have stolen the ferocity of the wild beasts.,stereotyped as werewolves / mocked,,non_symmetric,teasing,0.6,,2026-07-06T09:56:31.455355+00:00
974,/Somali_Cerulli_1959_96_KS,EasternAfrica,Somali,Hawiyya peoples,group,D[unknown]a[unknown]ud,clan,within_group,Singer (Hawiyya) attributes a recurrent cultural trait (praise) to the Daud; patterned inter-clan characterization.,"The D[unknown]a[unknown]ud are praised for the regard that they show toward guests. Cf. above, p. 95, note 6.",praised for hospitality,,unclear,banter,0.5,Positive characterization rather than overt teasing; included as patterned inter-clan remark.,2026-07-06T09:56:31.455355+00:00
975,/Somali_Cerulli_1959_96_KS,EasternAfrica,Somali,Hawiyya peoples,group,Hilli[unknown]bi,clan,within_group,"Text states a recurrent joke about Hilli[unknown]bi's use of purgative, indicating institutionalized teasing inside Hawiye.",And finally in this verse a joke is made about the frequency with which the Hilli[unknown]bi have recourse to a purgative beverage (digo[unknown]o) in their villages.,mocked for frequent use of purgative,,non_symmetric,teasing,0.6,,2026-07-06T09:56:31.455355+00:00
976,/Somali_Cerulli_1959_96_KS,EasternAfrica,Somali,Hawiyya peoples,group,D[unknown]ar[unknown]od,clan,within_group,Explicit statement that the D[unknown]ar[unknown]od are mocked by the Hawiyya singer for impulsive reactions; patterned intra-group teasing.,"The D[unknown]ar[unknown]od, foreign to the Hawiyya peoples, to whom the singer belonged, are mocked for their impulsive reactions.",mocked for impulsiveness,,non_symmetric,teasing,0.7,,2026-07-06T09:56:31.455355+00:00
977,/Somali_Cerulli_1964_62_KS,EasternAfrica,Somali,Abgâl ‘Ismân,ethnic group,other tribes,group,cross_group,"Text states recurring ironical jokes by other tribes about Abgâl's origin, indicating inter-tribal teasing.",which is the subject of ironical jokes on the part of the other tribes ( 2 ).,ironical jokes,,non_symmetric,teasing,0.6,Abgâl presented as progenitor whose nursing by a Negress is mocked by other tribes; document uses phrase 'other tribes'.,2026-07-06T09:56:40.934097+00:00
978,/Somali_Helander_1988_160_KS,EasternAfrica,Somali,nobles,group,commoners,group,within_group,"Text describes recurrent, culturally patterned pejorative joking by nobles toward commoners within the society.","The commoners are often talked about in contemptuous ways. Nearly all of the terms used for them are also pejoratives. ... Still, many of these terms, as well as their exegesis, are considered highly amusing by the nobles.",pejorative joking / degradation,"jareer, timo adag",non_symmetric,insulting_license,0.9,"Gesture (twisting hair) and specific terms indicate culturally recognized, recurrent teasing by nobles toward commoners.",2026-07-06T09:56:47.626260+00:00
493,/BerbersofMorocco_Coon_1931_116_KS,NorthernAfrica,BerbersofMorocco,Gzennaya,regional group,students from the Jebala,regional group,cross_group,"Recurrent, culturally patterned teasing by Gzennaya/Riffians directed at Jebala students, causing their exclusion.","Before European occupation, these western students did not meet with a warm reception in the Rif. They were frequently refused entrance to some districts. In others, so many jokes were played upon them that they left hurriedly and never returned.
On one occasion, Jebalan students entered the mosque in a canton of the Gzennaya, leaving outside a mule which they had brought with them.",practical joking/exclusion,,non_symmetric,joking_relationship,0.8,Text reports generalized pattern of jokes played on Jebala students by Riffian districts including Gzennaya; extracted canton name as actor.,2026-07-06T09:04:50.763453+00:00
494,/BerbersofMorocco_Coon_1931_134_KS,NorthernAfrica,BerbersofMorocco,men,group,women,group,within_group,Festival grape‑picking features recurrent licensed joking/play between men and women during weddings.,"Grape picking is a season of carnival; the people sleep in the vineyards, and after and between intervals in weddings the men and women go up to the vineyards, where they joke, shout and shoot off guns, and play games; the men wrestle together, and the women and men form sides and throw stones at each other.",seasonal/carnival licensed joking,,symmetric,joking_relationship,0.7,,2026-07-06T09:04:59.734166+00:00
495,/BerbersofMorocco_Coon_1931_141_KS,NorthernAfrica,BerbersofMorocco,The Riffians,ethnic group,the Senhajans,ethnic group,cross_group,Ethnographer reports Riffians telling a recurrent joke about Senhajans—cross-ethnic teasing.,"The Riffians tell the story as a joke on the Senhajans, and although this circumstance does not necessarily render the tale false it does not increase its chances of being true.",a joke on,,non_symmetric,joking_relationship,0.8,Text frames this as Riffians' joking about Senhajans; directionality implied.,2026-07-06T09:05:06.894393+00:00
752,/LibyanBedouin_AbuLughod_1986_222_KS,NorthernAfrica,LibyanBedouin,women,kin_role,husbands,kin_role,kinship,Text describes culturally patterned jokes by women directed at their husbands; a recurrent spouse-based teasing practice.,Women make jokes to suggest detachment from and lack of interest in their husbands.,,,non_symmetric,joking_relationship,0.7,,2026-07-06T09:30:56.188540+00:00
753,/LibyanBedouin_AbuLughod_1986_227_KS,NorthernAfrica,LibyanBedouin,co-wives,kin_role,Safiyya,person,kinship,Recurring patterned teasing by co-wives of a wife's immodest expressions (kin-based joking).,"She had recited the other poem in the presence of a number of women, including her co-wives, who said nothing. When I asked her what the poem meant, one co-wife joked, “Go ask ‘the man’ when he comes home.”",joked,,non_symmetric,teasing,0.7,,2026-07-06T09:31:06.823549+00:00
754,/LibyanBedouin_AbuLughod_1986_227_KS,NorthernAfrica,LibyanBedouin,other women in the community,group,Safiyya,person,within_group,Gender-group (women) produced nervous joking in response to a woman's public poetic disclosure.,"The taped song elicited both the nervous joking of people embarrassed by a display of immodesty and the sympathetic noises of people who cared, understood her situation, and were moved by her recitation.",nervous joking,,non_symmetric,teasing,0.6,,2026-07-06T09:31:06.823549+00:00
755,/LibyanBedouin_AbuLughod_1993_235_KS,NorthernAfrica,LibyanBedouin,older Bedouin women,group,"some Bedouins from the cities (""followers of the model"")",regional group,cross_group,Text describes recurrent mocking by older Bedouin women of urban 'followers of the model' as a cultural stance.,"Their reactions to the sanctimonious Egyptians—and now to some Bedouins from the cities, who were becoming, as they put it, “followers of the model,” meaning the life of the Prophet—have been mixed. The older women are not cowed. They argue... They resent being told that some of the ways they have demonstrated their devoutness are wrong.",mocking / making fun,,non_symmetric,teasing,0.7,"Group-level, recurring cultural mockery of urban Islamizing Bedouins; labeled in text as a common topic.",2026-07-06T09:31:35.713352+00:00
756,/LibyanBedouin_AbuLughod_1993_235_KS,NorthernAfrica,LibyanBedouin,aunt (Dhahab),kin_role,niece (Kamla),kin_role,kinship,Aunt repeatedly teases niece in a culturally patterned family exchange (licensed mockery).,"One evening, having recited some poetry and told some traditional tales for my benefit, Kamla’s aunt Dhahab turned to her niece and asked, “Hey Kamla, have you given Lila any songs?” ... Her aunt mocked her, “What’s this? You’ve become pious?” Everyone laughed as the old aunt continued, “God’s blessings! God’s blessings! So, you’re joining the ‘Beard Family’?”",mocking / teasing,,unclear,banter,0.4,Anecdotal family teasing; included cautiously as kin-based licensed mockery though the text doesn't explicitly frame it as institutionalized.,2026-07-06T09:31:35.713352+00:00
757,/LibyanBedouin_Mohsen_1974_130_KS,NorthernAfrica,LibyanBedouin,young men,group,father,kin_role,kinship,Text describes patterned joking by young men targeting others' fathers—an institutionalized kin-based teasing practice.,"In their joking relations, young men usually refer to eachother’s father as being a dog or a theif or a cheat, but none could refer to the mother.",joking relations,,symmetric,joking_relationship,0.9,,2026-07-06T09:32:03.666281+00:00
758,/LibyanBedouin_Mohsen_1974_130_KS,NorthernAfrica,LibyanBedouin,young men,group,mother,kin_role,kinship,"The text states a recurrent prohibition against referring to another's mother, indicating institutionalized avoidance in joking relations.","In their joking relations, young men usually refer to eachother’s father as being a dog or a theif or a cheat, but none could refer to the mother.",taboo / prohibition,,symmetric,avoidance,0.85,Prohibition presented as culturally enforced within joking interactions; extracted as avoidance relation.,2026-07-06T09:32:03.666281+00:00
759,/LibyanBedouin_Obermeyer_1973_265_KS,NorthernAfrica,LibyanBedouin,Saadi,ethnic group,Marabtin,ethnic group,cross_group,"Text reports recurring derision/joking by Sa'adi toward Marabtin vassal tribes, a culturally patterned teasing relationship.","Since the time of Muhammad, the Bedouins have been considered notoriously bad Muslims. Today, the Bedouins tend to joke about their lack of zeal, and often point out that “holy men” are not to be trusted. This is seen in Saadi behavior toward the Marabtin tribes who are their vassals. Theoretically, the Marabtin who trace descent to the Prophet and might be considered “sacred Tribes” should be respected by the “secular” Saadi tribes. But the Saadi of al-Qasr tend to deride the Marabit.",deride / joke about,,non_symmetric,joking_relationship,0.9,,2026-07-06T09:32:14.922962+00:00
760,/LibyanBedouin_Peters_1990_201_KS,NorthernAfrica,LibyanBedouin,sister’s son,kin_role,mother’s brother,kin_role,kinship,"Text describes recurrent, culturally permitted teasing/licensed liberties between these kin roles.","With the mother’s brother a man enjoys all the freedoms he is denied in his relationships with his father and father’s brother. He is permitted to joke with him; they indulge in exchanges of obscenities. ... Small boys pursue their mother’s brother, feign to kick or strike him, and he takes it all in good part.",The sister’s son-mother’s brother relationship,,symmetric,joking_relationship,0.9,,2026-07-06T09:32:24.034658+00:00
761,/LibyanBedouin_Peters_1990_71_KS,NorthernAfrica,LibyanBedouin,men,kin_role,those linked through women (maternal relatives / affines),kin_role,kinship,Text describes culturally recognized rights of men to joke with people via links created by women (maternal/affinal ties).,"Women, the marriage links they create, the forms of relationships that derive from
marriage, the right of men to joke with others 72 by virtue of a link through
women, their rights to demand favours of men who are not their agnates, their
right to expect contributions to bridewealth or blood money from maternal
relatives — all these, and other forms of behaviour, have been dealt with as
patterns of behaviour which interfere with or disturb agnation, or that cut
across lineage affiliations.",,,unclear,joking_relationship,0.7,Text frames joking as a recognized right tied to marriage links and maternal relatives; explicit named local term not provided.,2026-07-06T09:32:31.818085+00:00
762,/LibyanBedouin_Peters_1990_72_KS,NorthernAfrica,LibyanBedouin,mother's brother,kin_role,sister's son,kin_role,kinship,"Text describes recurrent, culturally patterned joking between mother's brother and sister's son.","Their reasoning, however, is that relationships with the mother’s brother are characteristically easy, that they are not demanding, that there is much joking in them, and that to kill within this range is, in terms of the general pattern of behaviour, stupid.",characteristically easy relationship,,symmetric,joking_relationship,0.9,,2026-07-06T09:32:37.182621+00:00
904,/Nubians_AlKatsha_1978_183_KS,NorthernAfrica,Nubians,the groups of women,group,the groups of men,group,within_group,"Recurring, ritualized joking by gendered groups during post-wedding ṣabāhiyya ceremony.","While the “opening of the mouth” ceremony was going on, much joking and loud laughter issued from both the groups of women and men. Sometimes, peepholes had been made into the bridal quarters so that watchers could report to the group how long the girl was able to bargain and thus delay consummation.",ṣabāhiyya / 'opening of the mouth' joking,ṣabāhiyya,symmetric,joking_relationship,0.7,,2026-07-06T09:47:07.223485+00:00
905,/Nubians_Callender_1971_50_KS,NorthernAfrica,Nubians,fiancé,kin_role,engaged girl,kin_role,kinship,"Recurrent, culturally patterned teasing around forbidden contact between engaged partners (kin roles).","Whatever the rationale underlying this prohibition, most men treated the custom as a joke and plotted to evade the rule. This often turned into a game, with some girls trying to help him while others warned his fiancée.",forbidden contact treated as a joke,,mixed,joking_relationship,0.9,,2026-07-06T09:47:17.995004+00:00
906,/Nubians_Callender_1971_61_KS,NorthernAfrica,Nubians,boys and young men,age_set,the groom,kin_role,kinship,Recurrent wedding teasing where youth force groom to stand; tied to nuptial role and collective rights.,"After the feast, boys and young men teased the groom by forcing him to stand. One of them walked up to him and offered a standard greeting, Salaama aleykam, ya arts. Greeted thus, he rose to his feet to respond properly, and could not sit again until the greeter told him to do so.",,,non_symmetric,joking_relationship,0.9,Institutionalized at weddings; violation led to formal tribal court and light sanction (pigeons).,2026-07-06T09:47:26.592431+00:00
907,/Nubians_Callender_1971_66_KS,NorthernAfrica,Nubians,groom,kin_role,bride,kin_role,kinship,Agilbaygit is a ritualized contest of teasing between husband and wife at marriage.,"Agilbaygit means literally “opening the mouth.” Most Kenuz seemed to view the transaction in these terms. Like the groom's opening his wife's shogga on their wedding night, it was regarded as a contest. A man might try to trick his wife into speaking by asking her how much money she wanted, and she had been warned to respond to any questions with gestures. A woman who spoke prematurely was teased.",agilbaygit (opening the mouth) contest,Agilbaygit,mixed,joking_relationship,0.9,,2026-07-06T09:47:39.094028+00:00
908,/Nubians_Callender_1971_66_KS,NorthernAfrica,Nubians,women,group,women,group,within_group,Women form a patterned joking audience and make standard jokes about agilbaygit among themselves.,"This practice was also a common source of amusement and the subject of standard jokes among women, such as speculating about how much agilbaygit a man might give before he realized that he had married a woman who was dumb.",standard jokes among women,,symmetric,joking_relationship,0.85,Extracted as patterned intra-sex joking category rather than isolated remarks.,2026-07-06T09:47:39.094028+00:00
909,/Nubians_Callender_1971_67_KS,NorthernAfrica,Nubians,the women charged with bringing a bride to her husband,group,the groom,person,within_group,Ritualized prank: attendants substitute a boy for bride as patterned pre-sebu horseplay targeting the groom.,"Joking and horseplay were also prominent features of the days before the sebu. The women charged with bringing a bride to her husband on the night after their wedding sometimes substituted a boy, whom they had wrapped in a shogga.",substitution prank / horseplay,,non_symmetric,joking_relationship,0.9,,2026-07-06T09:47:55.880176+00:00
910,/Nubians_Callender_1971_67_KS,NorthernAfrica,Nubians,young men,group,the groom,person,within_group,Recurring teasing: young men steal slippers or spy; groom must pay pigeons ransom — patterned licensed teasing.,"Young men used to climb up to push these aside and spy on the pair. They also tried to steal the couples' slippers, which were left outside the door at night—noiselessly slipping up to the door for this purpose, or standing outside the courtyard wall with a fishing rod and hook. If they succeeded, the groom had to give them pigeons as ransom before they would return the slippers.",slipper-theft ransom / spying,,non_symmetric,joking_relationship,0.95,,2026-07-06T09:47:55.880176+00:00
911,/Nubians_Callender_1971_67_KS,NorthernAfrica,Nubians,women,group,newly-married couples,group,within_group,Patterned eavesdropping and teasing of newlyweds before sebu described as prominent ritualized horseplay.,"Women eavesdropped on newly-married couples, particularly on their first night, trying to learn how much time elapsed before the bride spoke, and what her first words were.",eavesdropping / teasing,,non_symmetric,joking_relationship,0.9,,2026-07-06T09:47:55.880176+00:00
912,/Nubians_Fernea_1991_190_KS,NorthernAfrica,Nubians,Nubians,ethnic group,their employers,group,cross_group,"Text describes recurrent ""inside"" jokes by Nubian workers about employers, a patterned teasing between defined social units.","Working as servants, surrounded by non-Nubians, Nubians spoke their own language, a practice which, like the employment itself, was both stigmatizing and at the same time offered a degree of independence. Thus Nubians could discuss their work, criticize their employers and share “inside” jokes, which provided them with a sense of superiority over others, even while their language marked them as barabra.",inside jokes,,non_symmetric,joking_relationship,0.7,"Brokers/elite employers also mentioned (""elites of Egypt, native and foreign""), but primary patterned joking attributed to Nubian workers.",2026-07-06T09:48:05.507836+00:00
913,/Nubians_Kennedy_1977_40_KS,NorthernAfrica,Nubians,the two families,lineage,the two families,lineage,within_group,Text describes a recurrent mock-battle between the groom's and bride's families as ritualized joking.,"Dancing recommenced near sunset, the two families involved in the wedding each slaughtered a sheep, and still another procession moved from the groom's to the bride's house amid great shouting, gunshot, and drumming. (In earlier times there was at this point a mock battle between the two families in which the groom and his escort were thrashed with whips.)",mock battle between the two families,,symmetric,joking_relationship,0.9,Entities recorded as 'the two families' because text frames the ritualized mock battle as between the groom's and bride's families; considered a within-society institutionalized joking practice.,2026-07-06T09:48:17.285330+00:00
914,/Nubians_Kennedy_1977_55_KS,NorthernAfrica,Nubians,Nubians,ethnic group,Europeans,ethnic group,cross_group,"Document says Kanuba men habitually joke about other nationalities, specifically Nubian men joking about Europeans; cross-group patterned teasing.","Indeed, the men of Kanuba joke about the sexual propensities of other nationalities and ethnic groups and say that Nubian men and European women make good partners because the sexual desires of each are strong compared with their counterparts in their own groups.",joke about sexual propensities,,non_symmetric,teasing,0.9,,2026-07-06T09:48:23.427495+00:00
963,/Shluh_Hatt_1993_452_KS,NorthernAfrica,Shluh,am[unknown]ar,group,men who 'want to be' am[unknown]ar (the am[unknown]ar manque9),group,within_group,"Recurrent, assembly-wide teasing targets men aspiring to be am[unknown]ar; patterned licensed joke within the society.","Invariably, my question was announced to the assembly and the comment made that “no, he isne isn't an am[unknown]ar , but he wants to be one”. This, needless to say, provoked great rounds of laughter, and most of all from the am[unknown]ar manqu e9 .","""but he wants to be one"" teasing",,non_symmetric,teasing,0.6,Document uses damaged term am[unknown]ar; treated as local leadership category. No other institutional pairs in text.,2026-07-06T09:54:38.824619+00:00
1027,/Tuareg_Lhote_1944_148_KS,NorthernAfrica,Tuareg,male president,group,ahal attendees,group,within_group,Presidents are culturally authorized to inflict jocular forfeits on meeting participants.,"When everyone has arrived, they elect a male president and a female president, whose job is to see that the usages and customs of the ahal are respected and, as a joke, to inflict forfeits on those who bring on themselves the recriminations of the others.",inflict forfeits as a joke,ahal,non_symmetric,insulting_license,0.75,Presidential office sanctions teasing/license to impose forfeits on attendees during ahal meetings.,2026-07-06T10:02:07.150208+00:00
1028,/Tuareg_Nicolaisen_1959_106_KS,NorthernAfrica,Tuareg,cross-cousins,kin_role,cross-cousins,kin_role,kinship,Text states recurrent joking relationship specifically between cross-cousins.,"The kinship system in Ahaggar is different from that in Air (fig. 8–9), but the rules of kinship behaviour are very much the same. Joking relationship between cross-cousins, and joking and avoidance between in-laws are practised also in Ahaggar.",joking relationship,,symmetric,joking_relationship,0.9,,2026-07-06T10:02:28.951226+00:00
1029,/Tuareg_Nicolaisen_1959_106_KS,NorthernAfrica,Tuareg,in-laws,kin_role,in-laws,kin_role,kinship,Author reports recurring patterns of both joking and avoidance specifically between in-laws.,"The kinship system in Ahaggar is different from that in Air (fig. 8–9), but the rules of kinship behaviour are very much the same. Joking relationship between cross-cousins, and joking and avoidance between in-laws are practised also in Ahaggar.",joking and avoidance,,symmetric,joking_relationship,0.85,Includes both joking and avoidance; coded as joking_relationship per task instructions.,2026-07-06T10:02:28.951226+00:00
1030,/Tuareg_Nicolaisen_1959_106_KS,NorthernAfrica,Tuareg,Aġouh-en-Tehele,clan,noble clans,clan,within_group,Text names Aġouh-en-Tehele as having recurring joking ties with noble clans (class-based within society).,Other vassal clans and in particular the Aġouh-en-Tehele have joking with noble clans and also with clans of the Ise□emaren class.,joking with,,symmetric,joking_relationship,0.9,,2026-07-06T10:02:28.951226+00:00
1031,/Tuareg_Nicolaisen_1959_106_KS,NorthernAfrica,Tuareg,Aġouh-en-Tehele,clan,Ise□emaren,clan,within_group,Text explicitly records a recurring joking relationship and patterned gift-exchange between these named clans.,Other vassal clans and in particular the Aġouh-en-Tehele have joking with noble clans and also with clans of the Ise□emaren class. Between the Aġouh-en-Tehele and the Ise□emaren clans a fixed rule of gift-exchange is observed when they visit each other.,joking with; fixed gift-exchange,,symmetric,joking_relationship,0.9,Includes prescribed gift-exchange as part of the joking relationship.,2026-07-06T10:02:28.951226+00:00
1032,/Tuareg_Nicolaisen_1959_89_KS,NorthernAfrica,Tuareg,cross-cousins,kin_role,cross-cousins,kin_role,kinship,Text explicitly states institutionalized joking exists between cross-cousins.,Finally cross-cousin marriage is considered the best type of marriage because institutional joking exists between cross-cousins.,,,symmetric,joking_relationship,0.95,,2026-07-06T10:02:45.958012+00:00
1033,/Tuareg_Nicolaisen_1959_89_KS,NorthernAfrica,Tuareg,brothers-in-law,kin_role,sisters-in-law,kin_role,kinship,Author states joking occurs between brothers-in-law and sisters-in-law as an institutional pattern.,"Among the Kel Ferouan joking between cross-cousins goes together with joking between brothers-in-law and sisters-in-law, and also with avoidance between children-in-law and parents-in-law.",,,symmetric,joking_relationship,0.9,,2026-07-06T10:02:45.958012+00:00
1034,/Tuareg_Nicolaisen_1959_89_KS,NorthernAfrica,Tuareg,man,kin_role,mother's brother's wife,kin_role,kinship,Text reports institutional joking between a man and his mother's brother's wife in most Kel Ferouan clans.,It is also interesting that in most Kel Ferouan clans there is institutional joking between a man and his mother's brother's wife.,,,symmetric,joking_relationship,0.9,"Mother's brother's wife may later become mother-in-law, at which point avoidance replaces joking.",2026-07-06T10:02:45.958012+00:00
1035,/Tuareg_Nicolaisen_1959_96_KS,NorthernAfrica,Tuareg,cross-cousins,kin_role,cross-cousins,kin_role,kinship,"Text explicitly compares joking to that of cross-cousins, indicating a recurrent kin joking institution.","A joking relationship similar to that of cross-cousins and of brothers and sisters-in-law, including sham-fights and minor “thefts”, existed between all noble Tuareg and all vassals of the Kel Ferouan group.",,,symmetric,joking_relationship,0.9,,2026-07-06T10:03:17.627561+00:00
1036,/Tuareg_Nicolaisen_1959_96_KS,NorthernAfrica,Tuareg,brothers and sisters-in-law,kin_role,brothers and sisters-in-law,kin_role,kinship,"Author states joking similar to that of brothers and sisters-in-law, a recurrent in-law joking pattern.","A joking relationship similar to that of cross-cousins and of brothers and sisters-in-law, including sham-fights and minor “thefts”, existed between all noble Tuareg and all vassals of the Kel Ferouan group.",,,symmetric,joking_relationship,0.9,,2026-07-06T10:03:17.627561+00:00
1037,/Tuareg_Nicolaisen_1959_96_KS,NorthernAfrica,Tuareg,parents-in-law,kin_role,children-in-law,kin_role,kinship,Text explicitly states parents-in-law and children-in-law will avoid each other (institutionalized avoidance).,"These terms are always used reciprocally, and parents-in-law and children-in-law will avoid each other accordingly.",,,symmetric,avoidance,0.9,,2026-07-06T10:03:17.627561+00:00
1038,/Tuareg_Nicolaisen_1959_96_KS,NorthernAfrica,Tuareg,noble Tuareg,group,vassals of the Kel Ferouan group,group,within_group,"Joking between noble Tuareg and their vassals is presented as a recurrent, institutionalized practice within drum-groups.","A joking relationship similar to that of cross-cousins and of brothers and sisters-in-law, including sham-fights and minor “thefts”, existed between all noble Tuareg and all vassals of the Kel Ferouan group.",,,mixed,joking_relationship,0.95,Joking reciprocal but drum-chief could stop joking; conditional on belonging to the same drum-group.,2026-07-06T10:03:17.627561+00:00
1039,/Tuareg_Nicolaisen_1959_96_KS,NorthernAfrica,Tuareg,drum-chief,person,vassals of the Kel Ferouan group,group,within_group,"Drum-chief and vassals engage in joking but chief can cease it, showing institutionalized asymmetric power in the joking relation.","Like other noble Tuareg he would not only associate with the vassals on intimate terms, but he would also joke with them. ... although joking was reciprocal it is said that the drum-chief could stop joking, in which case the vassals would “be afraid of him”.",,,mixed,joking_relationship,0.9,Office/role-based joking; chief's power can suspend joking.,2026-07-06T10:03:17.627561+00:00
1040,/Tuareg_Nicolaisen_1959_96_KS,NorthernAfrica,Tuareg,vassals of the Kel Ferouan group,group,noble Tuareg of the Kel Fadei,group,within_group,"Text states absence of joking and presence of avoidance between these named groups, an institutionalized inter-group relation.",Thus there would be no joking between vassals of the Kel Ferouan group and noble Tuareg of the Kel Fadei. In this latter case there would be avoidance or strict reserve.,,,symmetric,avoidance,0.9,,2026-07-06T10:03:17.627561+00:00
1041,/Tuareg_Nicolaisen_1963_402_KS,NorthernAfrica,Tuareg,Dag □ali,clan,cross-cousins,kin_role,kinship,Text states Dag □ali only have joking relationships with cross-cousins.,"People of the Dag □ali to-day have no joking relationships with anyone beyond cross-cousins and brothers and sisters-in-law (cf. p. f., ff.).",,,symmetric,joking_relationship,0.9,,2026-07-06T10:03:45.460850+00:00
1042,/Tuareg_Nicolaisen_1963_402_KS,NorthernAfrica,Tuareg,Dag □ali,clan,brothers and sisters-in-law,kin_role,kinship,Text explicitly lists brothers and sisters-in-law as Dag □ali's joking partners.,"People of the Dag □ali to-day have no joking relationships with anyone beyond cross-cousins and brothers and sisters-in-law (cf. p. f., ff.).",,,symmetric,joking_relationship,0.9,,2026-07-06T10:03:45.460850+00:00
1043,/Tuareg_Nicolaisen_1963_402_KS,NorthernAfrica,Tuareg,Ise□emaren,group,noble Tuareg,group,within_group,Most noble Tuareg are said to joke with the Ise□emaren class across the drum-group.,"Most noble Tuareg and vassals will joke with the Ise□emaren, and there is a particular strong joking relationship between the vassal tribe Aġuh-en-tehlé and the Ise□emaren tribes.",,,symmetric,joking_relationship,0.9,,2026-07-06T10:03:45.460850+00:00
1044,/Tuareg_Nicolaisen_1963_402_KS,NorthernAfrica,Tuareg,Ise□emaren,group,vassals,group,within_group,Text states vassals will joke with Ise□emaren; fixed gift-exchange noted for visits.,"Most noble Tuareg and vassals will joke with the Ise□emaren, and there is a particular strong joking relationship between the vassal tribe Aġuh-en-tehlé and the Ise□emaren tribes.",,,symmetric,joking_relationship,0.9,,2026-07-06T10:03:45.460850+00:00
1045,/Tuareg_Nicolaisen_1963_402_KS,NorthernAfrica,Tuareg,Aġuh-en-tehlé,clan,Ise□emaren,group,within_group,"Aġuh-en-tehlé is described as having a particularly strong joking relationship with Ise□emaren tribes, including gift rules.","Most noble Tuareg and vassals will joke with the Ise□emaren, and there is a particular strong joking relationship between the vassal tribe Aġuh-en-tehlé and the Ise□emaren tribes. Such joking relationships are functionally related to joking relationships between relatives and in-laws and a fixed gift-exchange is observed between Aġuh-en-tehlé Tuareg and Ise□emaren Tuareg when they visit each other.",,,symmetric,joking_relationship,0.95,Gift-exchange (dates/meat) is part of the institutional tie.,2026-07-06T10:03:45.460850+00:00
1046,/Tuareg_Nicolaisen_1963_402_KS,NorthernAfrica,Tuareg,Aġuh-en-tehlé,clan,Kel □ela (noble Kel □ela Tuareg),group,within_group,Aġuh-en-tehlé has the most intense joking relationship to the noble Kel □ela; shamfights mentioned between vassals and nobles.,The Aġuh-en-tehlé tribe has the most intense joking relationship to the noble Kel □ela Tuareg of all vassals. These vassals and the noble Kel □ela engage in shamfights (tebbillant) exactly in the same way as cross-cousins.,,tebbillant,symmetric,joking_relationship,0.9,,2026-07-06T10:03:45.460850+00:00
1047,/Tuareg_Nicolaisen_1963_402_KS,NorthernAfrica,Tuareg,vassals,group,Kel □ela (noble Kel □ela Tuareg),group,within_group,Text describes vassals and noble Kel □ela engaging in shamfights as a form of joking relationship.,These vassals and the noble Kel □ela engage in shamfights (tebbillant) exactly in the same way as cross-cousins.,shamfights,tebbillant,symmetric,joking_relationship,0.9,,2026-07-06T10:03:45.460850+00:00
1048,/Tuareg_Nicolaisen_1963_429_KS,NorthernAfrica,Tuareg,noble Tuareg,caste,vassals of the Kel Ferwan group,caste,within_group,Text describes a culturally recognized adélen joking tie between nobles and vassals within Kel Ferwan.,"A joking-relationship (adélen) related to that of cross-cousins and brothers and sisters-in-law, including sham-fights and minor “thefts”, existed between all noble Tuareg and all vassals of the Kel Ferwan group.",adélen,adélen; address as abubaz (ibubazen),mixed,joking_relationship,0.95,"Drum-chief could unilaterally stop joking, producing asymmetry in practice.",2026-07-06T10:04:13.369699+00:00
1049,/Tuareg_Nicolaisen_1963_429_KS,NorthernAfrica,Tuareg,all Tuareg,ethnic group,Imeggedezen,ethnic group,cross_group,Author states joking occurs between Tuareg and the Imeggedezen as a recurrent social practice.,"This is true also of present day joking between noble Tuareg and vassals, and between all Tuareg and various black-skinned people such as the Imeggedezen and even slaves.",,abubaz (ibubazen),symmetric,joking_relationship,0.9,,2026-07-06T10:04:13.369699+00:00
1050,/Tuareg_Nicolaisen_1963_429_KS,NorthernAfrica,Tuareg,all Tuareg,ethnic group,slaves,caste,within_group,Text explicitly mentions recurrent joking between Tuareg and slaves as a patterned social relation.,"This is true also of present day joking between noble Tuareg and vassals, and between all Tuareg and various black-skinned people such as the Imeggedezen and even slaves.",,abubaz (ibubazen),symmetric,joking_relationship,0.85,,2026-07-06T10:04:13.369699+00:00
1051,/Tuareg_Nicolaisen_1963_429_KS,NorthernAfrica,Tuareg,cross-cousins,kin_role,brothers and sisters-in-law,kin_role,kinship,Author links adélen joking to cross-cousin and brother/sister-in-law relationships (kinship-based joking).,"A joking-relationship (adélen) related to that of cross-cousins and brothers and sisters-in-law, including sham-fights and minor “thefts”, existed between all noble Tuareg and all vassals of the Kel Ferwan group.",adélen,adélen; address as abubaz (ibubazen),symmetric,joking_relationship,0.85,Text treats these kin categories as models for the joking institution.,2026-07-06T10:04:13.369699+00:00
1052,/Tuareg_Nicolaisen_1963_445_KS,NorthernAfrica,Tuareg,certain vassal tribes,clan,tribes of the Ise□emaren class,clan,within_group,Text states institutional joking occurs between vassal tribes and Ise□emaren tribes within Tuareg society.,"If on the other hand two tribes have institutional joking with one another, as is the case with certain vassal tribes in relation to tribes of the Ise□emaren class, there will also be joking between their slaves.",institutional joking,,unclear,joking_relationship,0.9,,2026-07-06T10:04:33.787734+00:00
1053,/Tuareg_Nicolaisen_1963_445_KS,NorthernAfrica,Tuareg,Tuareg,ethnic group,slaves,caste,within_group,"Author describes recurrent, culturally patterned joking relationships between Tuareg and their slaves.","In spite of the kinship pattern on which the relationships of Tuareg slaves and slave-owners is based, it is most noteworthy that there is always latent joking between them, as there is between many different classes and castes in Tuareg society. On certain occasions a Tuareg slave owner will joke freely even with his young or older slaves, though he will never joke with his children who have to show their father the outmost respect.",joking relationship,,mixed,joking_relationship,0.95,,2026-07-06T10:04:33.787734+00:00
1054,/Tuareg_Nicolaisen_1963_445_KS,NorthernAfrica,Tuareg,noble Tuareg,patronym,slaves,caste,within_group,"Text notes nobles may joke with slaves (less inclined), indicating a patterned joking tie between nobles and slaves.",The noble Tuareg may also joke with slaves but seem less inclined to do so than Tuareg of other classes.,,,unclear,joking_relationship,0.85,Entity 'noble Tuareg' coded as patronym/upper-class segment; could also be 'group'.,2026-07-06T10:04:33.787734+00:00
1055,/Tuareg_Nicolaisen_1963_454_KS,NorthernAfrica,Tuareg,true cross-cousins,kin_role,classificatory cross-cousins,kin_role,kinship,Text states a named joking relationship between true and classificatory cross-cousins permitting sexual teasing.,"There is a joking relationship (tehan□e□it in Ahaggar, adélen in Ayr) between all true and classificatory cross-cousins. This joking relationship allows free talk about sexual matters, and when cros-cousins tease each other they frequently refer to matters of sexual life, e.g., “You sleep with old slave women!”",tehan□e□it / adélen,tehan□e□it; adélen,symmetric,joking_relationship,0.95,,2026-07-06T10:04:45.901648+00:00
1056,/Tuareg_Nicolaisen_1963_454_KS,NorthernAfrica,Tuareg,brothers-in-law,kin_role,sisters-in-law,kin_role,kinship,Author explicitly states same joking type exists between brothers- and sisters-in-law in both regions.,The same type of joking exists between brothers-in-law and sisters-in-law in Ahaggar and in Ayr.,,tehan□e□it; adélen,symmetric,joking_relationship,0.9,Local terms given earlier apply to this same joking type.,2026-07-06T10:04:45.901648+00:00
1057,/Tuareg_Nicolaisen_1963_455_KS,NorthernAfrica,Tuareg,mother's brother's wife,kin_role,husband's sisters' children,kin_role,kinship,Text describes institutionalized adélen joking in Ayr where mother's brother's wife teases these children.,For in Ayr there is an institutional joking relationship (adélen) with the wives of mother's brothers including the spouses of the classificatory mother's brothers. This type of joking is similar to that of cross-cousins. The initiative for joking is taken by the mother's brother's wife who begins to tease her husband's sisters' children even when they are babies.,adélen (institutional joking relationship),adélen,mixed,joking_relationship,0.9,Initiator role described but children later retaliate; classified as kinship-based institutional joking.,2026-07-06T10:04:57.344613+00:00
1058,/Tuareg_Nicolaisen_1963_455_KS,NorthernAfrica,Tuareg,cross-cousins,kin_role,cross-cousins,kin_role,kinship,"Author states joking of adélen is similar to that of cross-cousins and earlier mentions cross-cousins can take/tease each other's property, indicating recurrent relation.","This type of joking is similar to that of cross-cousins. ... In addition, cross-cousins, as mentioned above, can take each other's property.",,,symmetric,joking_relationship,0.8,Cross-cousin joking implied as mutual; author links it to adélen practice in Ayr.,2026-07-06T10:04:57.344613+00:00
1059,/Tuareg_Nicolaisen_1963_456_KS,NorthernAfrica,Tuareg,a man inheriting his parents' kinship status,kin_role,classificatory cross-cousins,kin_role,kinship,Text states men adopt parents' joking relationships with classificatory cross-cousins as a rule of kinship behaviour.,"it is normal for a man to inherit the kinship status of his parents on their death, in the way that he adopts their joking relationships with their classificatory cross-cousins, but he will never inherit a joking relationship with the true cross-cousins of his deceased father and mother.",joking relationships,,symmetric,joking_relationship,0.9,,2026-07-06T10:05:05.427034+00:00
1060,/Tuareg_Nicolaisen_1963_459_KS,NorthernAfrica,Tuareg,male cross-cousin,kin_role,female cross-cousin,kin_role,kinship,"Text describes a recurrent, institutionalized joking relationship between cross-cousins of both sexes.","The institutionial joking relationship between cross-cousins is considered an important institution in preventing conflicts between married partners. ... There is no doubt at all that cross-cousins of both sexes are extremely good friends. They do not joke just to annoy each other, and when joking they laugh and feel very pleased.",institutional joking relationship,,symmetric,joking_relationship,0.9,,2026-07-06T10:05:12.792609+00:00
1061,/Tuareg_Nicolaisen_1963_465_KS,NorthernAfrica,Tuareg,cross-cousins,kin_role,each other,kin_role,kinship,Text explicitly describes an institutionalized joking relationship between cross-cousins facilitating marriage.,"Parallel cousins are termed brothers and sisters, while there is a particular term for cross-cousins and between them an institutional joking relationship which facilitates contact and marriage.",,,symmetric,joking_relationship,0.95,,2026-07-06T10:05:30.263147+00:00
1062,/Tuareg_Nicolaisen_1963_465_KS,NorthernAfrica,Tuareg,people in terejjek,group,each other,group,within_group,Joking during the culturally named courtship period (terejjek) is described as always occurring between lovers.,"The Tuareg seem to admit that one function of joking between cross-cousins is to promote marriages between them, and they say that in the period during which a man and a woman are in love with each other before marriage — a period which is known to the Kel Ferwan Tuareg as terejjek — there will always be joking between them even though the two persons are unrelated.",terejjek (courtship) joking,terejjek,symmetric,joking_relationship,0.9,"Actors are lovers during courtship, culturally patterned joking despite lack of kin ties.",2026-07-06T10:05:30.263147+00:00
1063,/Tuareg_Nicolaisen_1963_465_KS,NorthernAfrica,Tuareg,person,kin_role,brothers and sisters-in-law,kin_role,kinship,"Author states joking routinely occurs between a person and their brothers/sisters-in-law, often continuing from cross-cousin ties.","When a man marries a cross-cousin, his cross-cousins will become brothers and sisters-in-law with whom joking continues, and there will always be joking with the brothers and sisters of a spouse unless a man marries a particular kinswoman (cf. p. ).",,,symmetric,joking_relationship,0.9,,2026-07-06T10:05:30.263147+00:00
1064,/Tuareg_Nicolaisen_1963_466_KS,NorthernAfrica,Tuareg,male cross-cousin,kin_role,female cross-cousin,kin_role,kinship,Text states institutionalized joking between cross-cousins of different sex; clearly kinship-based.,"In case of cross-cousins of different sex, the difference in age does not seem to diminish joking between them, and it is most interesting that the Kel Regulation Of Ferwan Tuareg have an institutional joking relationship in the case of a Marriage mother's brother's wife (cf. p. ).",institutional joking between cross-cousins,,symmetric,joking_relationship,0.9,,2026-07-06T10:05:54.259630+00:00
1065,/Tuareg_Nicolaisen_1963_466_KS,NorthernAfrica,Tuareg,man,kin_role,mother's brother's wife,kin_role,kinship,Author describes a specific institutional joking relationship between a man and his mother's brother's wife tied to marriage rules.,it is most interesting that the Kel Regulation Of Ferwan Tuareg have an institutional joking relationship in the case of a Marriage mother's brother's wife ... it seems as if joking between a man and his mother's brother's wife serves the purpose of preventing conflicts and creating a bond of friendship between a man and his future mother-in-law.,institutional joking with mother's brother's wife,,symmetric,joking_relationship,0.95,,2026-07-06T10:05:54.259630+00:00
1066,/Tuareg_Nicolaisen_1963_466_KS,NorthernAfrica,Tuareg,man,kin_role,brothers-in-law,kin_role,kinship,"Text states that when marrying outside blood, a man practices joking with his brothers-in-law; an institutional in-law joking tie.","If a man marries a woman with whom he has no blood relationship he will practise joking with his brothers-in-law and sisters-in-law, and avoidance towards his parents-in-law.",joking with brothers-in-law,,symmetric,joking_relationship,0.9,,2026-07-06T10:05:54.259630+00:00
1067,/Tuareg_Nicolaisen_1963_466_KS,NorthernAfrica,Tuareg,man,kin_role,sisters-in-law,kin_role,kinship,Same passage identifies joking between a man and his sisters-in-law when marriage is not with a kinswoman.,"If a man marries a woman with whom he has no blood relationship he will practise joking with his brothers-in-law and sisters-in-law, and avoidance towards his parents-in-law.",joking with sisters-in-law,,symmetric,joking_relationship,0.9,,2026-07-06T10:05:54.259630+00:00
1068,/Tuareg_Nicolaisen_1963_466_KS,NorthernAfrica,Tuareg,parents-in-law,kin_role,children-in-law,kin_role,kinship,"Author describes a general, fixed system of joking and avoidance between in-laws (parents- and children-in-law).","Joking and avoidance between Tuareg in-laws no doubt constitute a fixed system of behaviour adapted to a particular marriage type ... he will practise joking with his brothers-in-law and sisters-in-law, and avoidance towards his parents-in-law.",joking and avoidance between in-laws,,mixed,joking_relationship,0.9,Covers both joking and reciprocal avoidance patterns between parents- and children-in-law described in text.,2026-07-06T10:05:54.259630+00:00
1069,/Tuareg_Nicolaisen_1963_468_KS,NorthernAfrica,Tuareg,husband's family,kin_role,wife's family,kin_role,kinship,Text describes recurrent joking and avoidance between the two families as in-laws after divorce.,"When two people divorce they continue to have each other's relations as in-laws with whom they have joking and avoidance exactly as if they were still married, and the children continue to have their full rights within both families.",,,symmetric,joking_relationship,0.8,,2026-07-06T10:06:04.331414+00:00
1070,/Tuareg_Nicolaisen_1963_470_KS,NorthernAfrica,Tuareg,the fathers of the groom,kin_role,the fathers of the bride,kin_role,kinship,Text explicitly states an institutional joking relationship between the two fathers (cross-cousins/brothers-in-law).,"the fathers of the groom and the bride are cross-cousins and/or brothers-in-law, and consequently there is an institutional joking relationship between them.",institutional joking relationship,,symmetric,joking_relationship,0.9,,2026-07-06T10:06:10.654956+00:00
1071,/Tuareg_Nicolaisen_1963_474_KS,NorthernAfrica,Tuareg,male cross-cousin (groom),kin_role,female cross-cousin (bride),kin_role,kinship,Text states groom and bride who are cross-cousins had an established joking relationship before marriage.,Until their marriage the groom and the bride had a joking relationship to one another.,joking relationship,,symmetric,joking_relationship,0.95,,2026-07-06T10:06:30.853519+00:00
1072,/Tuareg_Nicolaisen_1963_474_KS,NorthernAfrica,Tuareg,husband,kin_role,mother's brother's wife,kin_role,kinship,The text describes an existing joking relation between husband and his mother's brother's wife that changes at marriage.,In Ayr the husband changes his joking relations with mother's brother's wife into avoidance.,,,non_symmetric,joking_relationship,0.9,Joking prior to marriage becomes avoidance afterward; relation asymmetry implied by change.,2026-07-06T10:06:30.853519+00:00
1073,/Tuareg_Nicolaisen_1963_474_KS,NorthernAfrica,Tuareg,newly-married husband,kin_role,brothers-in-law,kin_role,kinship,Author states joking is adopted with brothers-in-law only after marriage for in-laws.,"To other brothers-in-law and sisters-in-law, joking is adopted only after marriage.",,,symmetric,joking_relationship,0.8,Text groups brothers- and sisters-in-law together; extracted husband↔brothers-in-law as representative.,2026-07-06T10:06:30.853519+00:00
1074,/Tuareg_Nicolaisen_1963_474_KS,NorthernAfrica,Tuareg,newly-married wife,kin_role,sisters-in-law,kin_role,kinship,Author indicates joking with sisters-in-law is adopted after marriage for in-laws.,"To other brothers-in-law and sisters-in-law, joking is adopted only after marriage.",,,symmetric,joking_relationship,0.8,Extracted wife↔sisters-in-law as counterpart to husband↔brothers-in-law.,2026-07-06T10:06:30.853519+00:00
1075,/Tuareg_Nicolaisen_1963_475_KS,NorthernAfrica,Tuareg,mother-in-law,kin_role,wife,kin_role,kinship,"Text states mother-in-law ↔ wife relation is joking (does not switch into avoidance in Ayr), a recurrent kinship pattern.","There will then already be a relationship of respect between husband and wife, a respect relationship to brothers-in-law and sisters-in-law which continues unchanged, and in Ayr the relationship to the mother-in-law does not switch from joking into avoidance.",joking (vs avoidance),,unclear,joking_relationship,0.8,The passage implies a culturally patterned joking/avoidance norm between mother-in-law and daughter-in-law; in Ayr it remains joking.,2026-07-06T10:06:38.394553+00:00
1076,/Tuareg_Rasmussen_1991_40_KS,NorthernAfrica,Tuareg,newly-married daughter,kin_role,mother-in-law,kin_role,kinship,Text describes recurrent jokes and demands between daughters-in-law and mothers-in-law in household conflicts.,"So the verses encapsulate the contemporary conflict between economics and descent, and division between rich and poor nobility. A man loses his material wealth in the long run, and also his self-respect, if he doesn't please his mother-in-law through gifts. Yet official authority figures such as mothers-in-law and marabouts are also the butt of jokes and vengeful fantasies; they are put down indirectly in verbal art of folktales, possession songs, and riddles. The daughter is caught in the middle of the cross-fire between, first her suitor, the marabout, and her parents, and later, between her husband and her mother. She and her mother feed the husband, it is true, but the latter is nonetheless subjected to continual demands for millet and household implements from his mother-in-law, almost at whim. The newly-married daughter cannot please both her new husband and her mother.",,,non_symmetric,joking_relationship,0.85,Mother-in-law is described as recurring butt of jokes; daughter-in-law reciprocally enmeshed but power asymmetry implied.,2026-07-06T10:07:05.223208+00:00
1077,/Tuareg_Rasmussen_1991_40_KS,NorthernAfrica,Tuareg,women,group,marabouts,caste,within_group,Women use songs and gossip to mock and criticize marabouts; this is a recurrent cultural practice.,"It also expresses a resentment toward authority figures (marabouts and noble men), who command official respect and yet do not always fulfill their obligations toward women. ... Yet official authority figures such as mothers-in-law and marabouts are also the butt of jokes and vengeful fantasies; they are put down indirectly in verbal art of folktales, possession songs, and riddles.",,,non_symmetric,joking_relationship,0.8,Marabouts are an occupational/ritual category; joking is performed by women via song and gossip.,2026-07-06T10:07:05.223208+00:00
1078,/Tuareg_Rasmussen_1991_40_KS,NorthernAfrica,Tuareg,women,group,imalayaden,group,within_group,Songs target and mock young suitors (imalayaden); women collectively use verbal art to shame them.,"It says, in effect, “Women, your problems are irritating, but nothing in comparison to the real problem: male outsiders in your tent.” The term used here for young men, imalayaden, is pejorative; it connotes those who deceive women and make false promises to marry, using misleading economic claims to do so.",,imalayaden,non_symmetric,joking_relationship,0.8,Collective female mockery of a named category of young men is culturally patterned in song.,2026-07-06T10:07:05.223208+00:00
1079,/Tuareg_Rasmussen_1991_41_KS,NorthernAfrica,Tuareg,cross-cousins,kin_role,potential marriage partners (cross-cousins),kin_role,kinship,Text states culturally patterned joking occurs between cross-cousins who are potential marriage partners.,"One is not supposed to express anger directly to anyone, but in particular, in respect toward affines and in joking with cross-cousins, potential marriage partners.",joking with,,symmetric,joking_relationship,0.9,,2026-07-06T10:07:15.090379+00:00
1080,/Tuareg_Rasmussen_1991_43_KS,NorthernAfrica,Tuareg,future affines,kin_role,groom,kin_role,kinship,Wedding scene describes licensed joking between groom and his future affines using a joking language.,"The groom asked his sister where the bride was in Tagenagen because he did not wish to be understood by everyone present; the spectators included many future affines, toward whom he would soon practice extreme respect, but with whom he now could joke.",,Tagenagen,symmetric,joking_relationship,0.9,,2026-07-06T10:07:33.472840+00:00
1081,/Tuareg_Rasmussen_1991_43_KS,NorthernAfrica,Tuareg,women,group,men,group,within_group,"Text states men dread women's public ridicule, indicating recurrent, socially powerful taunting by women toward men.","On the other hand, men dread women's ridicule because they hold power over men's personal esteem in public reputation as proclaimed in poetry and song, as well as the power to throw them out of the domestic tent.",ridicule,,non_symmetric,insulting_license,0.7,,2026-07-06T10:07:33.472840+00:00
1082,/Tuareg_Rasmussen_1991_43_KS,NorthernAfrica,Tuareg,blacksmiths,caste,other Tuareg (general community),group,within_group,"Blacksmiths are described as free from constraints of reserve and dignity, implying licensed liberties in speech toward others.","All Tuareg, except blacksmiths who are free from constraint of reserve and dignity, attempt to measure words, and avoid commenting about everything happening around them.",licensed liberties,,unclear,banter,0.5,Text implies patterned freedom to speak (including teasing) but does not give explicit joking-pair examples.,2026-07-06T10:07:33.472840+00:00
1083,/Tuareg_Rasmussen_1992_353_KS,NorthernAfrica,Tuareg,nobles,group,smiths,caste,within_group,"Text describes recurrent, ritualized joking between nobles and smiths at weddings; intra-societal social segments.","Next, men of diverse origins approach the circle of singing smiths, each offering money, tea, sugar, and millet, while smiths mock each social segment. The men perform dances identified with different social strata; for example, noble men do a dance called “Foot, do nothing,” as smiths lament, “feet without shoes,” and sing “I do not want jealousy of slaves or smiths.”",,,symmetric,joking_relationship,0.9,,2026-07-06T10:07:51.825022+00:00
1084,/Tuareg_Rasmussen_1992_353_KS,NorthernAfrica,Tuareg,nobles,group,former slaves,group,within_group,Ritualized mutual self-debasement and joking between nobles and former slaves at marriage ceremonies.,"This ritual mutual and self-debasement evokes servitude yet simultaneously separates and brings together the different social segments... Joking and familiarity are practiced between nobles, smiths, and former slaves, who are not supposed to intermarry.",,,symmetric,joking_relationship,0.9,,2026-07-06T10:07:51.825022+00:00
1085,/Tuareg_Rasmussen_1992_353_KS,NorthernAfrica,Tuareg,smiths,caste,former slaves,group,within_group,Ethnographer reports smiths and former slaves engage in patterned joking within wedding rituals among social segments.,"The different social segments come together genially to exaggerate their affection... Joking and familiarity are practiced between nobles, smiths, and former slaves, who are not supposed to intermarry.",,,symmetric,joking_relationship,0.9,,2026-07-06T10:07:51.825022+00:00
1086,/Tuareg_Rasmussen_1992_353_KS,NorthernAfrica,Tuareg,cross-cousins,kin_role,each other,kin_role,kinship,Text explicitly states joking is practiced between cross-cousins as potential marriage partners.,"But joking is also practiced between cross-cousins, who are potential marriage partners, and in certain contexts smiths and former slaves are said to be “like cousins to nobles.”",,,symmetric,joking_relationship,0.95,entity_b_raw uses 'each other' to indicate the reciprocal kin-role pair of cross-cousins (patterned joking among cross-cousin relations).,2026-07-06T10:07:51.825022+00:00
1087,/Tuareg_Rasmussen_1992_353_KS,NorthernAfrica,Tuareg,smiths,caste,"nobles (""like cousins to nobles"")",group,within_group,"Author notes smiths and former slaves are described as 'like cousins to nobles', indicating a culturally patterned joking/familiar tie.","But joking is also practiced between cross-cousins, who are potential marriage partners, and in certain contexts smiths and former slaves are said to be “like cousins to nobles.”",like cousins,,unclear,joking_relationship,0.85,This encodes the special framed familiarity; symmetry unclear from text whether equal or asymmetrical.,2026-07-06T10:07:51.825022+00:00
1088,/Tuareg_Rasmussen_2004_328_KS,NorthernAfrica,Tuareg,nobles,caste,smiths,caste,within_group,Text describes a culturally recognized joking relationship between nobles and smiths within Tuareg society.,"Noble violence against smiths is traditionally rare because they are a protected people against whom it is not appropriate to express anger without denigrating oneself. In my early field research in the 1970s and 80s, many Tuareg described smiths as ‘like women … also like cousins (who practise a joking relationship and also may potentially marry) … you must not get angry at them, but (rather) joke with them’.",protected people / joking relationship,,symmetric,joking_relationship,0.9,,2026-07-06T10:08:04.884473+00:00
1089,/Tuareg_Rasmussen_2004_328_KS,NorthernAfrica,Tuareg,cousins,kin_role,cousins,kin_role,kinship,Author states cousins practise a joking relationship and may potentially marry — a recurrent kinship joking tie.,"many Tuareg described smiths as ‘like women … also like cousins (who practise a joking relationship and also may potentially marry) … you must not get angry at them, but (rather) joke with them’.",,,symmetric,joking_relationship,0.8,Text refers to cousins practicing joking relationships; extracted as kin-role pair (cousins with cousins).,2026-07-06T10:08:04.884473+00:00
1090,/Tuareg_Rasmussen_2010_6_KS,NorthernAfrica,Tuareg,abobaz,kin_role,abobaz,kin_role,kinship,"Text explicitly states culturally recognized joking ties among cousins (abobaz), a recurrent kinship-based institution.","The most frequently heard kinship term is abobaz, denoting “cousin,” used in a classificatory sense. ... There are joking relationships with cousins; relationships with affines are characterized by extreme reserve.",joking relationships with cousins,abobaz,symmetric,joking_relationship,0.9,,2026-07-06T10:08:11.327187+00:00
1091,/Tuareg_Rasmussen_2010_7_KS,NorthernAfrica,Tuareg,maternal uncles,kin_role,small children,kin_role,kinship,"Text reports recurrent play and joking between mother's brothers and young children, a patterned kinship role interaction.","Fathers are considered disciplinarians, yet other men, particularly maternal uncles, often play and joke with small children.",play and joke,,non_symmetric,joking_relationship,0.9,,2026-07-06T10:08:16.860455+00:00
1096,/bemba_richards_131_sv,SouthernAfrica,bemba,a man,kin_role,his wife's sisters,kin_role,kinship,Text states there are no taboos and he 'laughs and jokes' with his wife's sisters; kin-role based joking.,There are no taboos between a man and his wife’s sisters. He laughs and jokes with them because he may one day marry them.,,,symmetric,joking_relationship,0.9,,2026-07-06T10:08:55.809557+00:00
1097,/bemba_richards_131_sv,SouthernAfrica,bemba,sons-in-law attached to one household,kin_role,sons-in-law attached to one household (other co-husbands),kin_role,kinship,Document describes recurrent affectionate familiarity among co-resident sons-in-law (Ciufi munandi).,"Between the sons-in-law attached to one household there is a feeling of close friendship and familiarity. These young men eat and work together, and the term Ciufi munandi, ‘the man who married with me’, or into the same family, is one of affection and good fellowship.",Ciufi munandi,Ciufi munandi,symmetric,joking_relationship,0.9,,2026-07-06T10:08:55.809557+00:00
1098,/bemba_richards_188_sv,SouthernAfrica,bemba,Banungwe,clan,opposite clans (Banungwe),clan,within_group,Text describes Banungwe as opposite clans with reciprocal ritual duties and a joking relationship.,"Opposite clans performing reciprocal ritual duties and standing in a joking relationship to each other have been reported among several of the Central Comparative Evidence Bantu tribes, 1 but the distribution of this type of clan organization in Central and East Africa is as yet unknown, and the whole phenomenon has never been fully described to my knowledge. I am therefore publishing the following notes on the Banungwe, 2 or opposite clans of the Bemba of N.E. Rhodesia in the hope of eliciting further comparative information on the subject.",opposite clans,Banungwe,symmetric,joking_relationship,0.8,Document names the category 'Banungwe' (opposite clans) but does not list specific clan names; coded as within_group clan↔clan pattern.,2026-07-06T10:09:02.149933+00:00
1099,/bemba_richards_190_sv,SouthernAfrica,bemba,crocodile clan,clan,fish clan,clan,within_group,Text describes recurring mutual teasing and formalized reciprocal insults between these clans.,"Banungwe regularly address each other as ‘You, my enemy!’ ( Mwe mulwani mwe! ) and delight in laughter at the habits of the objects, whether animal or plant, of the opposite clan. A member of the crocodile clan will scoff at one of the fish people and deride him as, ‘You! You are just my food ration!’ ( poso, the word used for a government ration given to employees).",banungwe / joking antagonism,Mwe mulwani mwe!,symmetric,joking_relationship,0.9,,2026-07-06T10:09:11.881162+00:00
1100,/bemba_richards_190_sv,SouthernAfrica,bemba,fish clan,clan,Paramount Chief,person,within_group,Ritualized court performances in which the fish clan priest dramatizes antagonism toward the chief are recurrent and formalized.,"At the court of the Paramount Chief this type of joking relationship has been formalized, and the head of the fish clan, a mukabilo, or hereditary priest of the tribal ancestral spirits, must dramatize the joking antagonism between the two clans by appearing in special regalia each time he visits the chief, and threatening him with a broad-bladed fishing spear.",formalized court joking / dramatized antagonism,mukabilo,non_symmetric,joking_relationship,0.9,,2026-07-06T10:09:11.881162+00:00
1101,/bemba_richards_190_sv,SouthernAfrica,bemba,dog clan,clan,Paramount Chief,person,within_group,"Head of dog clan performs protective, mock-barking dance for the chief as part of recurrent court ceremony.","On such occasions the Paramount is protected by the head of the dog clan, who has to dance in front of him, pretending to bark in defence of his master.",protective joking performance,,non_symmetric,joking_relationship,0.9,,2026-07-06T10:09:11.881162+00:00
1102,/bemba_richards_190a_sv,SouthernAfrica,bemba,mfula,clan,"clans with plant names (the millet clans, the gourd, the mushroom clans, the grass, the tree, etc.)",clan,within_group,"Text states rain clan (mfula) counts plant-name clans as its banungwe—reciprocal, institutionalized ties.","the rain clan ( mfula ) counts as its opposite numbers all the clans with plant names (the millet clans, the gourd, the mushroom clans, the grass, the tree, etc.) since plants cannot grow without rain.",banungwe,banungwe,symmetric,joking_relationship,0.9,,2026-07-06T10:09:31.032961+00:00
1103,/bemba_richards_190a_sv,SouthernAfrica,bemba,fish clan,clan,rain people,clan,within_group,Text explicitly says fish clan members are banungwe to the rain people—an institutional opposite-clan tie.,"The fish clan members are also banungwe to the rain people, since fish only spawn when the rain has begun to fall.",banungwe,banungwe,symmetric,joking_relationship,0.9,,2026-07-06T10:09:31.032961+00:00
1104,/bemba_richards_190a_sv,SouthernAfrica,bemba,iron people,clan,"clans with the names of animals hunted or killed with iron spears or arrows (elephant, lion, leopard, etc.)",clan,within_group,Iron people reckon themselves banungwe to animal-named clans—institutional reciprocal ties linked to names/roles.,"The iron people reckon themselves banungwe to members of all clans with the names of animals hunted or killed with iron spears or arrows, i.e., the elephant, lion, leopard, etc.",banungwe,banungwe,symmetric,joking_relationship,0.9,,2026-07-06T10:09:31.032961+00:00
1105,/bemba_richards_190a_sv,SouthernAfrica,bemba,animal clans,clan,iron people,clan,within_group,Animal clans are described as having reciprocal relations with iron people—institutional pairing.,"The animal clans also have reciprocal relations not only with the iron people, but with any mukoa named after an animal smaller than itself which forms its prey ( e.g., the lion and goat)...",reciprocal relations / banungwe,banungwe,symmetric,joking_relationship,0.9,,2026-07-06T10:09:31.032961+00:00
1106,/bemba_richards_190a_sv,SouthernAfrica,bemba,lion,clan,goat,clan,within_group,Text gives lion↔goat as an example of inter-animal-clan reciprocal (prey/predator) banungwe ties.,"The animal clans also have reciprocal relations ... with any mukoa named after an animal smaller than itself which forms its prey ( e.g., the lion and goat)...",reciprocal relations / banungwe,banungwe,symmetric,joking_relationship,0.9,,2026-07-06T10:09:31.032961+00:00
1107,/bemba_richards_190a_sv,SouthernAfrica,bemba,mourning clan,clan,all the clans,group,within_group,Mourning clan explicitly claims banungwe status to all clans and performs taunting at funerals—institutionalized joking.,The members of the mourning clan laughingly assert they are banungwe of all the clans since they are experts in mortuary ritual! —one of the reciprocal functions performed by banungwe .,banungwe,banungwe,unclear,joking_relationship,0.85,Text implies wide-ranging ties to all clans; symmetry unclear in practice though claim is reciprocal function.,2026-07-06T10:09:31.032961+00:00
1108,/bemba_richards_190a_sv,SouthernAfrica,bemba,banungwe (opposite clans),group,mourning family (mourners),group,within_group,Banungwe perform ritual duties and taunt the deceased's family at funerals—regularized teasing relationship.,"The banungwe of a dead man’s family both help and harass him at the burial ceremony.... They also taunt them at the funeral, irritate them and make jokes.",banungwe duties / funeral taunting,banungwe,non_symmetric,joking_relationship,0.9,Function performed by banungwe toward the deceased's family; teasing directed at mourners.,2026-07-06T10:09:31.032961+00:00
1109,/bemba_richards_192_sv,SouthernAfrica,bemba,millet clan,clan,royal crocodile clan,clan,within_group,Text presents millet clan as banungwe (ritual joking/partnered enemies) of the royal crocodile clan.,"A member of the millet clan is still appointed as the Shimwalule, or hereditary burier, of the principal chiefs of the Bemba to-day, and he is still responsible for the final and most powerful rain ceremony... the millet clan are never described simply as the banungwe of the royal crocodile clan,",banungwe,banungwe,symmetric,joking_relationship,0.9,,2026-07-06T10:09:38.375658+00:00
1110,/bemba_richards_192_sv,SouthernAfrica,bemba,Wild Pig clan (ngulube),clan,royal clan (tree clan ngoma),clan,within_group,"Text states Wild Pig clan are banungwe of the island's royal (tree) clan, a recurrent ritual/joking partnership.","Thus Chief Matipa on Cilubi Island is buried by the head of the Wild Pig clan ( ngulube ) who are banungwe of the royal clan of that island, which is the tree clan ( ngoma ),",banungwe,banungwe,symmetric,joking_relationship,0.9,,2026-07-06T10:09:38.375658+00:00
1111,/bemba_richards_193_sv,SouthernAfrica,bemba,iron,clan,elephant,clan,within_group,Text describes longstanding paired clans (banungwe) with ritual and teasing ties within Bemba society.,"Then he stops to think and adds more names, and then proceeds to argue with himself, for instance, that if iron is [p. (b)] hostile to the elephant, it must be the enemy of the leopard, the wild pig or the lion too.",banungwe,banungwe,symmetric,joking_relationship,0.8,"Objects (iron, elephant) are used as mukoa clan names; pairing entails ceremonial teasing.",2026-07-06T10:09:48.435568+00:00
1112,/bemba_richards_193_sv,SouthernAfrica,bemba,iron,clan,leopard,clan,within_group,Text lists object-named clans paired as banungwe with ritualized teasing within the society.,"Then he stops to think and adds more names, and then proceeds to argue with himself, for instance, that if iron is [p. (b)] hostile to the elephant, it must be the enemy of the leopard, the wild pig or the lion too.",banungwe,banungwe,symmetric,joking_relationship,0.8,,2026-07-06T10:09:48.435568+00:00
1113,/bemba_richards_193_sv,SouthernAfrica,bemba,iron,clan,the wild pig,clan,within_group,Author describes extension of banungwe pairing among mukoa (object) clans tied to ceremonial teasing.,"Then he stops to think and adds more names, and then proceeds to argue with himself, for instance, that if iron is [p. (b)] hostile to the elephant, it must be the enemy of the leopard, the wild pig or the lion too.",banungwe,banungwe,symmetric,joking_relationship,0.75,Document uses 'the wild pig' as an object-name; retained exact wording.,2026-07-06T10:09:48.435568+00:00
1114,/bemba_richards_193_sv,SouthernAfrica,bemba,iron,clan,lion,clan,within_group,Described as paired/hostile mukoa clans (banungwe) performing ceremonial teasing within Bemba society.,"Then he stops to think and adds more names, and then proceeds to argue with himself, for instance, that if iron is [p. (b)] hostile to the elephant, it must be the enemy of the leopard, the wild pig or the lion too.",banungwe,banungwe,symmetric,joking_relationship,0.75,,2026-07-06T10:09:48.435568+00:00
1115,/bemba_richards_337_sv,SouthernAfrica,bemba,men of the Crocodile,clan,Mpende clan,clan,within_group,Text describes recurring teasing between Crocodile men and the fish (Mpende) clan during fishing rites.,"This, he said, was to please the imipashi ( ukusekeshye mipashi ). When the first fish were caught three were put in the ulufuba for the imipashi . 'Nowadays,' he added, 'we are Christians. We do not build nfuba . We tie knots in the grass instead to imitate ( kupashyana ) an ulufuba . That is our sacred place ( E pa musumba! ) where we put the fish. A native of Shiwa Dandu confirmed this form of the rite. He said it was good to joke with the imipashi as men do with members of the opposite clan (Banungwe) and say to them after calling on them, 'You are the Mpende clan ( mpende is a big fish that eats little ones, mpepe ). You eat mpepe! Muli bene mpende! ) Mulya ne mpepe! This is the way men of the Crocodile rag with the fish clan, pretending they are going to eat them, and it is good to joke ( ukucena ) with the imipashi in this way.'",rag with / joke with,ukucena,symmetric,joking_relationship,0.8,,2026-07-06T10:10:00.419193+00:00
1116,/bemba_richards_337_sv,SouthernAfrica,bemba,Banungwe,clan,imipashi,group,within_group,"Text explicitly compares joking with imipashi to joking with the opposite clan Banungwe, indicating an institutionalized tease relation.","He said it was good to joke with the imipashi as men do with members of the opposite clan (Banungwe) and say to them after calling on them, 'You are the Mpende clan ( mpende is a big fish that eats little ones, mpepe ). ... and it is good to joke ( ukucena ) with the imipashi in this way.'",joke with,ukucena,symmetric,joking_relationship,0.75,imipashi are water spirits/offices; treated as named group for teasing practice.,2026-07-06T10:10:00.419193+00:00
1117,/bemba_richards_34_sv,SouthernAfrica,bemba,paired clans,clan,opposite clans,clan,kinship,Text describes recurrent joking ties between matrilineal clans as paired/opposite; clearly kinship-based institutional joking.,"The Bemba are organized in matrilineal clans distinguished by totemic observances, stereotyped forms of greeting between clan members, joking relationships with paired and opposite clans,",joking relationships,,symmetric,joking_relationship,0.7,Document does not name specific clans; phrase 'paired and opposite clans' used verbatim as entities.,2026-07-06T10:10:06.454120+00:00
1118,/ila_jaspan_35_sv,SouthernAfrica,ila,members of a misela (musela) age-set,age_set,other members of the same misela (musela) age-set,age_set,within_group,"Text states age-set membership is ""expressed in a joking relationship,"" indicating institutionalized joking among age-set members.",Such sets of people are called misela (sing. musela). Membership is expressed in a joking relationship and by the obligation of mutual aid.,,misela (musela),symmetric,joking_relationship,0.6,,2026-07-06T10:10:15.204398+00:00
1119,/ila_tuden_71_sv,SouthernAfrica,ila,"bazhike / mushike (acquired persons, slaves)",caste,owner (called mother's brother) and owner's relatives,kin_role,within_group,Text describes customary use of joking names/kinship terms addressing purchased persons by owners and kin.,"A joking name, kinship term, or spirit name—the customary method of referring to a free person—was the accepted procedure of addressing the individual who had been purchased. The slave's owner was called mother's brother; this genealogical fiction was adopted and extended72 to the other relatives.",joking name / kinship term,mushike; bazhike; nabutema; Bantu bulyo,non_symmetric,joking_relationship,0.9,I coded acquired persons as 'caste' (socially distinct acquired group); kin-role is owner's title 'mother's brother' used in the joking/kinship fiction.,2026-07-06T10:10:22.163925+00:00
1120,/khoi_barnard_186_sv,SouthernAfrica,khoi,mother's brother (//naob),kin_role,sister's son,kin_role,kinship,Text explicitly labels mother's brother–sister's son as recurrent joking exchange with a named local term.,"The Nama mother's brother (//naob) was the object of intense joking behaviour, including obligatory cattle-snatching and the threat of wife-snatching on the part of a sister's son towards his mother's brother. Among the Nama, this relationship is known as //nuri//as or //nuri//ab (literally ‘//nuri exchange’).",//nuri//as or //nuri//ab ('//nuri exchange'),//nuri//as or //nuri//ab,non_symmetric,joking_relationship,0.95,,2026-07-06T10:10:28.035825+00:00
1121,/khoi_carstens_63_sv,SouthernAfrica,khoi,mother's brother,kin_role,nephew/niece,kin_role,kinship,"Mother's brother is addressed by a joking term by his sister's children, indicating a recurring kinship joking tie.","Mother's brother, on the other hand, was often addressed as //Náob, a joking term, but also the usual term for grandfather (Hoernlé 1925: 19–22).",,//Náob,unclear,joking_relationship,0.9,,2026-07-06T10:10:37.164629+00:00
1122,/lozi_gluckman_149_sv,SouthernAfrica,lozi,husband,kin_role,sister-in-law,kin_role,kinship,Text explicitly states a recurrent joking relationship exists with the sister-in-law; clearly kinship-based.,You cannot even do that with a sister-in-law [with whom there is a joking relationship].,joking relationship,,symmetric,joking_relationship,0.8,,2026-07-06T10:10:48.072686+00:00
1123,/lozi_gluckman_176_sv,SouthernAfrica,lozi,mother's brother,kin_role,sister's son,kin_role,kinship,Text describes recurrent avuncular teasing terms and licensed sexualized familiarity between uncle and nephew.,"A mother's brother also calls his sister's daughter ‘my wife’ and his sister's son ‘my fellow-husband’ ( mufubalume ), ... the nephew can sleep in his uncle's hut, fondle his uncle's wife's breasts, and marry her if she wants to when his uncle dies.",fellow-husband,mufubalume,symmetric,joking_relationship,0.95,,2026-07-06T10:10:55.522329+00:00
1124,/lozi_gluckman_176_sv,SouthernAfrica,lozi,father's sister,kin_role,brother's son,kin_role,kinship,Described institutionalized teasing where aunt and nephew call each other 'my husband'/'my co-wife' as patterned relations.,"father's sister also calls her brother's son ‘my husband’ and her brother's daughter ‘my co-wife’ ( muhalizo ), as well as ‘my child’.",my husband / my co-wife,muhalizo,symmetric,joking_relationship,0.95,,2026-07-06T10:10:55.522329+00:00
1125,/lozi_gluckman_176_sv,SouthernAfrica,lozi,grandparents,kin_role,grandchildren of opposite sex,kin_role,kinship,Text identifies cross-generation teasing between opposite-sex grandparents and grandchildren as part of joking patterns.,"Grandparents and grandchildren of opposite sex can address each other similarly. Between persons of opposite sex this form of teasing ceases when the youngsters, who find it embarrassing, grow up: they use the terms grandparent, father, mother, and child, out of respect.",,,symmetric,joking_relationship,0.9,,2026-07-06T10:10:55.522329+00:00
1126,/lozi_gluckman_177_sv,SouthernAfrica,lozi,brothers-in-law,kin_role,sisters-in-law,kin_role,kinship,Text explicitly states directly related brothers- and sisters-in-law 'joke and tease' indicating a recurrent kin-based joking tie.,"Directly related brothers- and sisters-in-law behave freely to each other. They are ‘man and wife’, even when of the same sex, though they more often call each other mulamu than ‘wife’ and ‘husband’. But they should not marry. They joke and tease each other.",‘man and wife’ / mulamu,mulamu,symmetric,joking_relationship,0.9,,2026-07-06T10:11:02.279426+00:00
1127,/lozi_gluckman_277_sv,SouthernAfrica,lozi,Mbunda,ethnic group,cross-cousins,kin_role,kinship,Text explicitly states Mbunda maintain joking relations with cross-cousins; kinship-based institutional tie.,Mbunda have joking relations with cross-cousins.,joking relations,,symmetric,joking_relationship,0.9,,2026-07-06T10:11:05.826609+00:00
1128,/ovambo_loeb_107_sv,SouthernAfrica,ovambo,two cross-cousins of opposite sexes,kin_role,each other (cross-cousins of opposite sexes),kin_role,kinship,Text explicitly describes recurrent joking between opposite-sex cross-cousins using a shared term.,"Although the Kuanyama do not now approve of cross-cousin marriages, traces of the custom remain in speech and action. For instance, customs, proverbs, and relationship terms appear to indicate that paternal cross-cousin marriage was preferred to maternal cross-cousin marriage; the Kuanyama proverb, “Ka xe kedule kaujoko” (Your father is more than your mother) may have been originally an expression of this preference. It is common practice, moreover, for two cross-cousins of opposite sexes to joke with each other and call each other “bull” (ohmedi).",call each other “bull”,ohmedi,symmetric,joking_relationship,0.9,,2026-07-06T10:11:31.277964+00:00
1129,/ovambo_loeb_107_sv,SouthernAfrica,ovambo,a youth,kin_role,his father's sister's daughter,kin_role,kinship,The ethnography links this specific cross-cousin pair to recurring symbolic/joking behavior tied to the moon.,"The relationship between a youth and his father's sister's daughter is intimately connected with the moon. The moon commonly is called ohani, but it (and moonlight) may be called omuedi (bull-person).",,omuedi,unclear,joking_relationship,0.8,Text ties the pair to moon symbolism and 'bull' terminology; directionality of joking unclear.,2026-07-06T10:11:31.277964+00:00
1130,/ovambo_loeb_269_sv,SouthernAfrica,ovambo,cross-cousins of opposite sexes,kin_role,cross-cousins of opposite sexes,kin_role,kinship,Reciprocal kin term and sanctioned marriages indicate an institutionalized joking/affection tie between cross-cousins.,The reciprocal term ometzi jangi (my bull) is used for cross-cousins of opposite sexes. Cross-cousins married to one another do not have to avoid their parents-in-law.,ometzi jangi (my bull),ometzi jangi,symmetric,joking_relationship,0.9,,2026-07-06T10:11:42.619607+00:00
1131,/ovambo_loeb_269_sv,SouthernAfrica,ovambo,a man,kin_role,any girl of his own age in his father's clan,kin_role,kinship,"Text says men may jokingly call girls in their father's clan 'my bull'—a recurrent, sanctioned teasing tied to kin/clan positions.",In this tribe a man may joke with any girl of his own age in his father's clan and call her “my bull.”,my bull (joking address),,non_symmetric,joking_relationship,0.85,Joking directed from men toward girls of the father's clan; patterned with kinship/clan basis.,2026-07-06T10:11:42.619607+00:00
1132,/ovambo_loeb_284_sv,SouthernAfrica,ovambo,father's sister's daughter,kin_role,mother's brother's daughter,kin_role,kinship,Text describes cross-cousins (these kin types) as holding a recurrent joking/bundling relationship.,"Cross-cousins who call each other “bull” stand in a joking and bundling relationship. My informant, an educated school teacher, explained that a man is supposed to take his father's sister's daughter as his first wife, because through her he can inherit from his father. Then as a second wife or as one of his later wives he may marry his mother's brother's daughter.",joking and bundling relationship,,symmetric,joking_relationship,0.9,,2026-07-06T10:11:53.141732+00:00
1133,/ovimbundu_edwards_103_sv,SouthernAfrica,ovimbundu,a man,kin_role,his wife's brother,kin_role,kinship,Text describes culturally patterned joking prohibition and later friendly joking between husband and wife's brother.,"Traditionally the relationship between a man and his wife's brother was distant and reserved, the two men being forbidden to eat together or joke. Nowadays the relations between a man and his wife's full or half brother are often very friendly;",forbidden to eat together or joke,,mixed,joking_relationship,0.8,Historical prohibition of joking transformed into contemporary friendly/joking relations; recorded as a kin-based institutional pattern.,2026-07-06T10:12:02.778242+00:00
1134,/ovimbundu_edwards_62_sv,SouthernAfrica,ovimbundu,cross-cousins,kin_role,cross-cousins,kin_role,kinship,Text states cross-cousin relations are expressed in joking and solidarity — a recurrent kinship joking institution.,"The relation between cross-cousins is one of equality and solidarity, expressed in joking and in burial services.",,,symmetric,joking_relationship,0.95,,2026-07-06T10:12:10.253958+00:00
1135,/ovimbundu_handly_154_sv,SouthernAfrica,ovimbundu,The Ovimbundu of Elende,regional group,the people of Bailundu,regional group,within_group,Text states a recurrent joking tie between these named Ovimbundu subgroups; intra-confederacy pattern.,"The Ovimbundu of Elende have a joke against the people of Bailundu, because the latter on first seeing a cow offered the animal some food on a wooden platter. This story suggests that the Bailundu people, who are of the Ovimbundu confederacy, did not know the animal and its habits as early as did the Ovimbundu themselves.",have a joke against,,non_symmetric,joking_relationship,0.9,Bailundu treated as distinctive subgroup within Ovimbundu confederacy; joking described as directed at Bailundu.,2026-07-06T10:12:20.865872+00:00
1136,/san_guenther_166_sv,SouthernAfrica,san,farm Bushmen,ethnic group,Europeans,ethnic group,cross_group,Text reports recurring joking between the two groups as a mechanism curbing aggression; cross-group institutionalized teasing.,"Carstens (1971: –43) has noted this paradoxical psychological reaction in other situations of dependence and dominance—among South African and Canadian reserve dwellers—and discusses a variety of mechanisms of curbing aggression (such as joking behaviour between members of the two groups, work sabotage, and direction of overt aggression unto members of ones own group).",,,unclear,joking_relationship,0.8,Document frames joking as a patterned mechanism between dependent Bushmen and dominant Europeans; directionality not specified.,2026-07-06T10:12:27.781064+00:00
1137,/san_guenther_80_sv,SouthernAfrica,san,tssxõ,kin_role,basic kin relations,kin_role,kinship,tssxõ is described as a patterned relation of obscene joking among kinsmen.,"In addition, there are three broad relationships that cut across or modify the 11 specific relations. These are an avoidance relationship (dau'i); a relation of closeness, affection and mutual help (tssxõ)—as well as of obscene joking and teasing—","relation of closeness, affection and mutual help (tssxõ)",tssxõ,symmetric,joking_relationship,0.9,,2026-07-06T10:12:39.895774+00:00
1138,/san_guenther_80_sv,SouthernAfrica,san,name relationship (k'õi),kin_role,tssxõ,kin_role,kinship,Text explicitly states name relationship interaction follows the tssxõ joking pattern.,"The interaction with ones name relation follows the tssxõ pattern. While the name relations expand the network of kin relations, the joking and avoidance principles stabilize the interrelations of kinsmen.",name relationship follows tssxõ pattern,k'õi,symmetric,joking_relationship,0.9,,2026-07-06T10:12:39.895774+00:00
1139,/san_howell_231_sv,SouthernAfrica,san,joking partners,group,couples,group,within_group,Text describes culturally recognized teasing by 'joking' partners toward couples in village context.,"Couples who are obviously having coitus in the village can expect to be teased about it later by their “joking” partners, but since some of the members of the village are likely to be “respect” relatives, in whose presence no sexual jokes should be made, it is not easy to integrate coitus into village life.",joking partners,,non_symmetric,joking_relationship,0.9,,2026-07-06T10:12:50.751242+00:00
1140,/san_howell_231_sv,SouthernAfrica,san,the couples' own parents,kin_role,couples,group,kinship,Parents are named 'respect' relatives in whose presence sexual jokes are forbidden (institutionalized prohibition).,"but since some of the members of the village are likely to be “respect” relatives, in whose presence no sexual jokes should be made, it is not easy to integrate coitus into village life. The most important “respect” relations are the couples' own parents and own children,",respect (no-joking) relations,respect,symmetric,avoidance,0.85,,2026-07-06T10:12:50.751242+00:00
1141,/san_howell_231_sv,SouthernAfrica,san,the couples' own children,kin_role,couples,group,kinship,Children are listed as 'respect' relatives in whose presence sexual jokes are forbidden (institutionalized prohibition).,"The most important “respect” relations are the couples' own parents and own children, who are precisely the people who are likely to be closest to them in the sleeping arrangements of the village (Shostak 1976).",respect (no-joking) relations,respect,symmetric,avoidance,0.85,,2026-07-06T10:12:50.751242+00:00
1142,/san_lee_246_1979_sv,SouthernAfrica,san,the party,group,a young man who kills much meat,person,within_group,"Repeated, culturally sanctioned group teasing of successful hunters to curb arrogance; internal to the !Kung society.","The party, of course, has no intention of abandoning the kill. The heavy joking and derision are directed toward one goal: the leveling of potentially arrogant behavior in a successful hunter. ... ""When a young man kills much meat, he comes to think of himself as a chief or a big man, and he thinks of the rest of us as his servants or inferiors. We can't accept this. We refuse one who boasts, for someday his pride will make him kill somebody. So we always speak of his meat as worthless.""",heavy joking and derision to level arrogance,,non_symmetric,joking_relationship,0.9,Group practice directed at individual successful hunters; culturally patterned leveling mechanism among !Kung.,2026-07-06T10:13:02.481009+00:00
1143,/san_lee_356_1972_sv,SouthernAfrica,san,≠oma (bearers of the name),group,≠oma (bearers of the name),group,within_group,Text describes bearers of the same personal name (≠oma) enjoying a recurring joking familiarity.,"The basic principle is that bearers of the same name have a special affectionate relation with one another, and they use the kin terms “old name—young name” regardless of the actual biological connection. It obtains even in cases where there is no traceable connection at all. In the Dobe area, 22 of the men are named ≠oma, and whenever ≠omas meet they enjoy the familiarity of the joking relation.",the name relation / joking relation,the name relation,symmetric,joking_relationship,0.9,,2026-07-06T10:13:14.307243+00:00
1144,/san_lee_356_1972_sv,SouthernAfrica,san,/i!ay (bearers of the name),group,/i!ay (bearers of the name),group,within_group,Specific named-name group (/i!ay) are described as enjoying strong bonds and familiar joking when they meet.,"The bonds are particularly strong among men who actually share a common ancestral namesake. For instance, nine of the twelve men named /i!ay in the Dobe area are descended from a single prolific /i!ay. Of him it can truly be said that his name is legion.",the name relation / joking familiarity,the name relation,symmetric,joking_relationship,0.85,Implied joking familiarity among bearers though explicit phrase 'joking relation' appears for ≠oma; here inferred from context about strong bonds among /i!ay.,2026-07-06T10:13:14.307243+00:00
1145,/san_lee_357_1972_sv,SouthernAfrica,san,bearers of ego's father's name,kin_role,ego,kin_role,kinship,"Text states bearers of father's name are treated 'like father', creating a kin-based joking/avoidance category.","This principle is extended widely, so that a person with ego's father's name is treated “like father,” bearers of ego's mother's name are “like mother,” and bearers of ego's siblings' names are “like brother and sister.”",like father,,non_symmetric,joking_relationship,0.85,,2026-07-06T10:13:23.530438+00:00
1146,/san_lee_357_1972_sv,SouthernAfrica,san,bearers of ego's mother's name,kin_role,ego,kin_role,kinship,"Text states bearers of mother's name are treated 'like mother', establishing a kin-based joking/avoidance relation.","This principle is extended widely, so that a person with ego's father's name is treated “like father,” bearers of ego's mother's name are “like mother,” and bearers of ego's siblings' names are “like brother and sister.”",like mother,,non_symmetric,joking_relationship,0.85,,2026-07-06T10:13:23.530438+00:00
1147,/san_lee_357_1972_sv,SouthernAfrica,san,bearers of ego's siblings' names,kin_role,ego,kin_role,kinship,"Text states bearers of sibling names are treated 'like brother and sister', forming patterned kin joking/avoidance relations.","This principle is extended widely, so that a person with ego's father's name is treated “like father,” bearers of ego's mother's name are “like mother,” and bearers of ego's siblings' names are “like brother and sister.”",like brother and sister,,non_symmetric,joking_relationship,0.85,,2026-07-06T10:13:23.530438+00:00
1148,/san_lee_358_1972_sv,SouthernAfrica,san,ego,kin_role,tun (older),kin_role,kinship,"Text states ego has a relaxed joking relation with tuns, a recurrent kin-role based joking tie.","The tuns and tumas are the girls with whom ego has a relaxed joking relation, the female equivalent of the cordial “old name—young name” relation.",relaxed joking relation,tun,symmetric,joking_relationship,0.95,,2026-07-06T10:13:31.775641+00:00
1149,/san_lee_358_1972_sv,SouthernAfrica,san,ego,kin_role,tuma (younger than ego),kin_role,kinship,"Text states ego has a relaxed joking relation with tumas, a recurrent kin-role based joking tie.","The tuns and tumas are the girls with whom ego has a relaxed joking relation, the female equivalent of the cordial “old name—young name” relation.",relaxed joking relation,tuma,symmetric,joking_relationship,0.95,,2026-07-06T10:13:31.775641+00:00
1150,/san_lee_367_sv,SouthernAfrica,san,ego,kin_role,tun (older than ego),kin_role,kinship,Text states tun are kin-term females with whom ego has a joking relation; clearly kin-based institutionalized joking.,tun (older than ego) and tuma (younger than ego): kin terms for females; these are females with whom ego has a joking relation,joking relation,tun,symmetric,joking_relationship,0.9,,2026-07-06T10:13:41.282726+00:00
1151,/san_lee_367_sv,SouthernAfrica,san,ego,kin_role,tuma (younger than ego),kin_role,kinship,Text states tuma are kin-term females with whom ego has a joking relation; clearly kin-based institutionalized joking.,tun (older than ego) and tuma (younger than ego): kin terms for females; these are females with whom ego has a joking relation,joking relation,tuma,symmetric,joking_relationship,0.9,,2026-07-06T10:13:41.282726+00:00
1152,/san_lee_372_1972_sv,SouthernAfrica,san,appropriate kin,kin_role,appropriate kin,kin_role,kinship,"Text describes za as an affectionate joking form between 'appropriate kin', a recurrent kin-based joking institution.","The third and final phase of conflict on the verbal level is za (“sexual insulting”). The za mode occupies the ambiguous position of being both the highest form of affectionate joking between appropriate kin in the

“joking relationship” and the deadliest affront leading directly to fighting.",joking relationship,za,symmetric,joking_relationship,0.7,,2026-07-06T10:13:47.817990+00:00
1153,/san_marshall_19_1957_sv,SouthernAfrica,san,ego,kin_role,persons termed !gu!na (or tun!ga w.s.),kin_role,kinship,Text states ego uses the term !gu!na/tun!ga w.s. for name-relatives with joking status.,The preferred marriage among !Kung is with a non-consanguineous name-relative whom ego terms !gu!na (or tun!ga w.s.) or tũn m.s.,,!gu!na; tun!ga w.s.,unclear,joking_relationship,0.7,Joking status is associated with kin terms; this extracts ego ↔ !gu!na name-relatives.,2026-07-06T10:14:07.719702+00:00
1154,/san_marshall_19_1957_sv,SouthernAfrica,san,ego,kin_role,persons termed tũn m.s.,kin_role,kinship,Text pairs tũn m.s. with ego as a culturally recognized name-relative category with joking implications.,The preferred marriage among !Kung is with a non-consanguineous name-relative whom ego terms !gu!na (or tun!ga w.s.) or tũn m.s.,,tũn m.s.,unclear,joking_relationship,0.7,,2026-07-06T10:14:07.719702+00:00
1155,/san_marshall_19_1957_sv,SouthernAfrica,san,ego,kin_role,persons termed tsu,kin_role,kinship,Informants taught children which kin terms (e.g. tsu) carry a prohibition against joking with those relatives.,"Sometimes an informant would not know whether, for instance, a relative he termed tsu was his FaBr, his MoBr or who, but would say that his parents taught him to use that term for the relative and that he must not joke with him.",,tsu,unclear,joking_relationship,0.9,Text explicitly states prohibition of joking with those termed tsu.,2026-07-06T10:14:07.719702+00:00
1156,/san_marshall_19_1957_sv,SouthernAfrica,san,ego,kin_role,persons termed //ga,kin_role,kinship,Text notes that persons who use the terms tsu and //ga for each other may marry and these kin terms have joking status.,Persons who use the terms tsu and //ga for each other may marry unless one has the name of the other's parent.,,//ga,unclear,joking_relationship,0.6,Marriage permissibility indicates culturally recognized kin categories with associated joking rules.,2026-07-06T10:14:07.719702+00:00
1157,/san_marshall_19_1957_sv,SouthernAfrica,san,ego,kin_role,persons termed sibling terms,kin_role,kinship,Text states sibling terms may marry though not preferred; sibling kin terms have associated joking status.,"Persons who use the sibling terms may marry. These marriages, though not forbidden, are not preferred.",,,unclear,joking_relationship,0.5,Sibling kin-terms referenced as a class; local labels not given here.,2026-07-06T10:14:07.719702+00:00
1158,/san_marshall_204_sv,SouthernAfrica,san,FaBr,kin_role,ego/any other !Kung,kin_role,kinship,Text states joking status is carried by kin terms (examples: FaBr).,"The !Kung were apparently not always assiduous in teaching their children the exact biological position of their kinsmen (whether a given man was FaBr or MoBr, for instance), and a person would not always know why he applied a certain term to someone, but he would know that the term he used was proper, and he would know the proper joking status to observe;",joking status carried by kin terms,,unclear,joking_relationship,0.8,Represents ego's joking relation with father's-brother kin term (FaBr); text does not specify symmetry.,2026-07-06T10:14:21.755625+00:00
1159,/san_marshall_204_sv,SouthernAfrica,san,MoBr,kin_role,ego/any other !Kung,kin_role,kinship,Text explicitly gives MoBr as kin term example whose joking status is specified.,"The !Kung were apparently not always assiduous in teaching their children the exact biological position of their kinsmen (whether a given man was FaBr or MoBr, for instance), and a person would not always know why he applied a certain term to someone, but he would know that the term he used was proper, and he would know the proper joking status to observe;",joking status carried by kin terms,,unclear,joking_relationship,0.8,Represents ego's joking relation with mother's-brother kin term (MoBr); text does not indicate directionality.,2026-07-06T10:14:21.755625+00:00
1160,/san_marshall_204_sv,SouthernAfrica,san,!Kung,ethnic group,!Kung,ethnic group,within_group,Text states every !Kung is permitted or forbidden to joke with every other !Kung by system rules.,"The application of kin terms is so extensive that it comes to involve the whole population of the Nyae Nyae region, with the result that a !Kung, by the rules of the system, is specifically permitted or forbidden to joke with every other !Kung he knows.",permitted or forbidden joking between individuals,,unclear,joking_relationship,0.9,Encodes the ethnographer's statement that joking status is culturally determined for every pair of !Kung individuals.,2026-07-06T10:14:21.755625+00:00
1161,/san_marshall_205_sv,SouthernAfrica,san,Grandparents,kin_role,Grandchildren,kin_role,kinship,"Text explicitly frames joking between grandparents and grandchildren as a recurring, nonsexual intimacy.","To make blatantly insulting jokes with old people is not proper. The deference due to aged persons is expressed in the joking relationship by a moderate tone, and the joking relationship between an old person and a considerably younger one, especially between grandparents and grandchildren, becomes a cozy, friendly intimacy without the sexual emphasis.",,,symmetric,joking_relationship,0.95,,2026-07-06T10:14:33.342166+00:00
1162,/san_marshall_205_sv,SouthernAfrica,san,Men,group,Men,group,within_group,Ethnographer describes recurrent sexual insults and teasing used among men who have the joking relationship.,"Men accuse each other of having genital organs of excessive size or abnormal condition (castration or circumcision), or of being excessively preoccupied with sexual intercourse, unable to leave their wives long enough to go hunting.",,,symmetric,joking_relationship,0.9,,2026-07-06T10:14:33.342166+00:00
1163,/san_marshall_205_sv,SouthernAfrica,san,Men,group,Women,group,within_group,"Text describes patterned teasing between men and women (accusations, 'my wife', mutual retaliation) as culturally permitted joking.","Men accuse women with whom they may joke of being lazy, useless, slovenly, wanton, or ugly ... The women retaliate, perhaps accusing the men of being worthy only of castration or of unfaithful wives. Frequently a man joking with a woman calls her “my wife.”",,,symmetric,joking_relationship,0.9,,2026-07-06T10:14:33.342166+00:00
1164,/san_marshall_205_sv,SouthernAfrica,san,Boys,age_set,Girls,age_set,within_group,"Passage notes boys jokingly claim 'my wife' or 'I am going to marry you' to girls with whom they have the joking relationship, a patterned age/sex teasing practice.","A boy might say “my wife” or “I am going to marry you” to a girl with whom he could joke, implying that they had had or would have sexual relations; but it would be considered neither proper nor funny to say such a thing to a very young girl, regardless of whether the boy and girl had the joking relationship.",,,unclear,joking_relationship,0.85,Age-limited; reciprocity not fully specified.,2026-07-06T10:14:33.342166+00:00
1165,/san_marshall_206_sv,SouthernAfrica,san,ego,kin_role,parents,kin_role,kinship,Text states ego avoids joking with parents; institutionalized prohibition in kinship.,"In the nuclear family, ego avoids joking with his parents and his offspring.",,_koa,unclear,avoidance,0.95,,2026-07-06T10:15:06.937670+00:00
1166,/san_marshall_206_sv,SouthernAfrica,san,ego,kin_role,offspring,kin_role,kinship,Text explicitly states ego avoids joking with his offspring; institutionalized kinship prohibition.,"In the nuclear family, ego avoids joking with his parents and his offspring.",,_koa,unclear,avoidance,0.95,,2026-07-06T10:15:06.937670+00:00
1167,/san_marshall_206_sv,SouthernAfrica,san,male,kin_role,brother,kin_role,kinship,Cross/parallel pattern: a male jokes with his brother; recurring sex-differentiated sibling joking.,"Among siblings, according to a cross and parallel pattern in which a sex differentiation is made, a male jokes with his brother, but not with his sister;",,,symmetric,joking_relationship,0.9,,2026-07-06T10:15:06.937670+00:00
1168,/san_marshall_206_sv,SouthernAfrica,san,male,kin_role,sister,kin_role,kinship,Text states male does not joke with his sister; institutionalized sibling avoidance.,"Among siblings, according to a cross and parallel pattern in which a sex differentiation is made, a male jokes with his brother, but not with his sister;",,,unclear,avoidance,0.9,,2026-07-06T10:15:06.937670+00:00
1169,/san_marshall_206_sv,SouthernAfrica,san,female,kin_role,sister,kin_role,kinship,Female jokes with her sister per sex-differentiated sibling pattern; recurring institutionalized joking.,"Among siblings, according to a cross and parallel pattern in which a sex differentiation is made, a ... female jokes with her sister, but not with her brother.",,,symmetric,joking_relationship,0.9,,2026-07-06T10:15:06.937670+00:00
1170,/san_marshall_206_sv,SouthernAfrica,san,female,kin_role,brother,kin_role,kinship,Text states female does not joke with her brother; patterned sibling avoidance.,"Among siblings, according to a cross and parallel pattern in which a sex differentiation is made, a ... female jokes with her sister, but not with her brother.",,,unclear,avoidance,0.9,,2026-07-06T10:15:06.937670+00:00
1171,/san_marshall_206_sv,SouthernAfrica,san,ego,kin_role,uncles,kin_role,kinship,Text says ego avoids joking with uncles (alternate generation); institutional prohibition.,"Ego avoids joking with his uncles, aunts, nephews, and nieces, who are, respectively, of his parents' and his offspring's generations.",,,unclear,avoidance,0.9,,2026-07-06T10:15:06.937670+00:00
1172,/san_marshall_206_sv,SouthernAfrica,san,ego,kin_role,aunts,kin_role,kinship,Text states ego avoids joking with aunts; patterned generation-based avoidance.,"Ego avoids joking with his uncles, aunts, nephews, and nieces, who are, respectively, of his parents' and his offspring's generations.",,,unclear,avoidance,0.9,,2026-07-06T10:15:06.937670+00:00
1173,/san_marshall_206_sv,SouthernAfrica,san,ego,kin_role,nephews,kin_role,kinship,Text lists nephews as ones ego avoids joking with; institutional kinship avoidance.,"Ego avoids joking with his uncles, aunts, nephews, and nieces, who are, respectively, of his parents' and his offspring's generations.",,,unclear,avoidance,0.9,,2026-07-06T10:15:06.937670+00:00
1174,/san_marshall_206_sv,SouthernAfrica,san,ego,kin_role,nieces,kin_role,kinship,Text states ego avoids joking with nieces; patterned generational avoidance.,"Ego avoids joking with his uncles, aunts, nephews, and nieces, who are, respectively, of his parents' and his offspring's generations.",,,unclear,avoidance,0.9,,2026-07-06T10:15:06.937670+00:00
1175,/san_marshall_206_sv,SouthernAfrica,san,ego,kin_role,cousins,kin_role,kinship,Text explicitly says ego jokes with cousins; institutionalized kin joking.,"He jokes with his cousins, who are of his generation.",,,symmetric,joking_relationship,0.95,,2026-07-06T10:15:06.937670+00:00
1176,/san_marshall_206_sv,SouthernAfrica,san,ego,kin_role,grandparents,kin_role,kinship,Text states ego jokes with grandparents; generational alternate joking pattern.,"He jokes with his grandparents and his grandchildren, who are in generations alternate to the generation of his parents and offspring.",,,unclear,joking_relationship,0.9,,2026-07-06T10:15:06.937670+00:00
1177,/san_marshall_206_sv,SouthernAfrica,san,ego,kin_role,grandchildren,kin_role,kinship,Text explicitly includes grandchildren as ones ego jokes with; patterned kin joking.,"He jokes with his grandparents and his grandchildren, who are in generations alternate to the generation of his parents and offspring.",,,unclear,joking_relationship,0.9,,2026-07-06T10:15:06.937670+00:00
1178,/san_marshall_206_sv,SouthernAfrica,san,ego,kin_role,spouse's parents,kin_role,kinship,Affines pattern: spouse's parents treated like ego's parents; ego avoids joking with them.,Affines fall into a similar pattern. Ego's spouse's parents are like his parents; ego avoids joking with them.,,_koa,unclear,avoidance,0.9,,2026-07-06T10:15:06.937670+00:00
1179,/san_marshall_206_sv,SouthernAfrica,san,ego,kin_role,offspring's spouse's parents,kin_role,kinship,Text explicitly says ego jokes with offspring's spouse's parents; institutional affine joking.,His offspring's spouse's parents are like himself; he jokes with them.,,,unclear,joking_relationship,0.9,,2026-07-06T10:15:06.937670+00:00
1180,/san_marshall_206_sv,SouthernAfrica,san,ego,kin_role,offspring's spouses,kin_role,kinship,Text states offspring's spouses are like offspring; ego avoids joking with them.,His offspring's spouses are like his offspring; he avoids joking.,,,unclear,avoidance,0.9,,2026-07-06T10:15:06.937670+00:00
1181,/san_marshall_206_sv,SouthernAfrica,san,man,kin_role,wife's sister,kin_role,kinship,Among siblings of spouse: man jokes with wife's sister; institutionalized affine joking.,"A man jokes with his wife's sister and avoids joking with her brother, as his wife does.",,,unclear,joking_relationship,0.9,,2026-07-06T10:15:06.937670+00:00
1182,/san_marshall_206_sv,SouthernAfrica,san,man,kin_role,wife's brother,kin_role,kinship,Text states man avoids joking with wife's brother; patterned avoidance with spouse's siblings.,"A man jokes with his wife's sister and avoids joking with her brother, as his wife does.",,,unclear,avoidance,0.9,,2026-07-06T10:15:06.937670+00:00
1183,/san_marshall_206_sv,SouthernAfrica,san,woman,kin_role,husband's brother,kin_role,kinship,Text reports woman jokes with husband's brother; institutionalized affine sibling joking.,"A woman jokes with her husband's brother and avoids joking with his sister, as her husband does.",,,unclear,joking_relationship,0.9,,2026-07-06T10:15:06.937670+00:00
1184,/san_marshall_206_sv,SouthernAfrica,san,woman,kin_role,husband's sister,kin_role,kinship,Text indicates woman avoids joking with husband's sister; patterned avoidance among affines.,"A woman jokes with her husband's brother and avoids joking with his sister, as her husband does.",,,unclear,avoidance,0.9,,2026-07-06T10:15:06.937670+00:00
1185,/san_marshall_207_sv,SouthernAfrica,san,a man,kin_role,his brother,kin_role,kinship,Text states men joke with their brothers — culturally patterned kin joking.,A man jokes with his brother and with his brother's wife.,,,symmetric,joking_relationship,0.9,,2026-07-06T10:15:25.527787+00:00
1186,/san_marshall_207_sv,SouthernAfrica,san,a man,kin_role,his brother's wife,kin_role,kinship,Ethnographer states men joke with their brother's wife — licensed teasing extends to affinal spouse.,A man jokes with his brother and with his brother's wife.,,,symmetric,joking_relationship,0.85,,2026-07-06T10:15:25.527787+00:00
1187,/san_marshall_207_sv,SouthernAfrica,san,a man,kin_role,his sister,kin_role,kinship,Text explicitly says a man refrains from joking with his sister — institutionalized avoidance.,"He refrains from joking with his sister and his sister's husband, and so forth.",,,symmetric,avoidance,0.9,,2026-07-06T10:15:25.527787+00:00
1188,/san_marshall_207_sv,SouthernAfrica,san,a man,kin_role,his sister's husband,kin_role,kinship,Sister's spouse shares the man's avoidance status — culturally patterned avoidance of this affine.,"He refrains from joking with his sister and his sister's husband, and so forth.",,,symmetric,avoidance,0.85,,2026-07-06T10:15:25.527787+00:00
1189,/san_marshall_207_sv,SouthernAfrica,san,ego,kin_role,his own parents,kin_role,kinship,Informants state one must not joke with one's parents — a recurrent prohibition.,"They said that just as they must not joke with their own parents or offspring, they must not joke with both a person and that person's offspring.",,,symmetric,avoidance,0.9,,2026-07-06T10:15:25.527787+00:00
1190,/san_marshall_207_sv,SouthernAfrica,san,ego,kin_role,his own offspring,kin_role,kinship,Text states one must not joke with one's offspring — generation-spanning prohibition.,"They said that just as they must not joke with their own parents or offspring, they must not joke with both a person and that person's offspring.",,,symmetric,avoidance,0.9,,2026-07-06T10:15:25.527787+00:00
1191,/san_marshall_207_sv,SouthernAfrica,san,an uncle,kin_role,the uncle's wife,kin_role,kinship,"If ego refrains from joking with an uncle, he also refrains with the uncle's wife — status extends to affinal spouse.","In other words, if ego refrains from joking with an uncle, he also refrains from joking with the uncle's wife.",,,unclear,joking_relationship,0.8,Text indicates extension of joking status to spouse; coded as a paired institutional status rather than a one-off.,2026-07-06T10:15:25.527787+00:00
1192,/san_marshall_208_sv,SouthernAfrica,san,ego,kin_role,A,person,kinship,Text states joking is reciprocal between ego and A; labeled as institutional pattern.,"Joking is reciprocal; if ego jokes with A, A jokes with ego.",,,symmetric,joking_relationship,0.9,,2026-07-06T10:15:41.653182+00:00
1193,/san_marshall_208_sv,SouthernAfrica,san,ego,kin_role,parents' siblings,kin_role,kinship,Informants point out parents' siblings occupy parallel joking positions to parents; recurring kin joking.,"What a !Kung says, when he associates his relatives with each other in the pattern I have called generational, is that they are “like” each other. He considers his parents' siblings to be “like” his parents, ... Instead it was the joking relationship they spoke of, and they pointed out the parallel position of their kin in its terms.",,,symmetric,joking_relationship,0.9,,2026-07-06T10:15:41.653182+00:00
1194,/san_marshall_208_sv,SouthernAfrica,san,ego,kin_role,sibling's offspring,kin_role,kinship,Text states sibling's offspring are 'like' ego's offspring and engaged in the generational joking pattern.,"He considers his parents' siblings to be “like” his parents, his sibling's offspring to be “like” his offspring, his cousins to be “like” himself.",,,symmetric,joking_relationship,0.9,,2026-07-06T10:15:41.653182+00:00
1195,/san_marshall_208_sv,SouthernAfrica,san,ego,kin_role,cousins,kin_role,kinship,Cousins are described as 'like' ego and thus part of the recurrent joking generational pattern.,He considers ... his cousins to be “like” himself.,,,symmetric,joking_relationship,0.9,,2026-07-06T10:15:41.653182+00:00
1196,/san_marshall_208_sv,SouthernAfrica,san,ego,kin_role,great-grandparents,kin_role,kinship,Author specifies joking relation established by generational method for ego's great-grandparents lineal kin.,"Only among ego's lineal kin in the generation of great-grandparents, grandparents, grandchildren, great-grandchildren is the joking relation established by the generational method.",,,symmetric,joking_relationship,0.85,,2026-07-06T10:15:41.653182+00:00
1197,/san_marshall_208_sv,SouthernAfrica,san,ego,kin_role,grandparents,kin_role,kinship,Grandparents included in generationally established joking relations with ego's lineal kin.,"Only among ego's lineal kin in the generation of great-grandparents, grandparents, grandchildren, great-grandchildren is the joking relation established by the generational method.",,,symmetric,joking_relationship,0.85,,2026-07-06T10:15:41.653182+00:00
1198,/san_marshall_208_sv,SouthernAfrica,san,ego,kin_role,grandchildren,kin_role,kinship,Text lists grandchildren as part of the generational joking relation with ego's lineal kin.,"Only among ego's lineal kin in the generation of great-grandparents, grandparents, grandchildren, great-grandchildren is the joking relation established by the generational method.",,,symmetric,joking_relationship,0.85,,2026-07-06T10:15:41.653182+00:00
1199,/san_marshall_208_sv,SouthernAfrica,san,ego,kin_role,great-grandchildren,kin_role,kinship,Great-grandchildren explicitly included in the generational joking pattern with ego.,"Only among ego's lineal kin in the generation of great-grandparents, grandparents, grandchildren, great-grandchildren is the joking relation established by the generational method.",,,symmetric,joking_relationship,0.85,,2026-07-06T10:15:41.653182+00:00
1200,/san_marshall_20_1957_sv,SouthernAfrica,san,Ego,kin_role,sibling of same sex,kin_role,kinship,"Text states same-sex siblings are permitted joking, a patterned kin-role rule.",The sibling category is divided on the basis of sex. Ego jokes with a sibling of the same sex as his own and is prohibited from joking with a sibling of opposite sex.,,,symmetric,joking_relationship,0.95,,2026-07-06T10:16:08.526575+00:00
1201,/san_marshall_20_1957_sv,SouthernAfrica,san,Ego,kin_role,cousins (consanguineous kin classified by generation),kin_role,kinship,Consanguineous kin may be classified by generation and included in jokings (cousins explicitly cited).,"Consanguineous kin may be so classified by generation (i.e. cousins) as shown in Diagram 1, or by the factor of the name, i.e. the person for whom ego is named or persons named for ego.",,,symmetric,joking_relationship,0.9,,2026-07-06T10:16:08.526575+00:00
1202,/san_marshall_20_1957_sv,SouthernAfrica,san,Ego,kin_role,name-relatives (persons named for ego or for whom ego is named),kin_role,kinship,Text describes joking with persons placed in same category by name (homonymous classification).,"Ego has the joking relationship with anyone of either sex who is classified with himself or herself, to whom ego applies the term !gu!na (or tun!ga w.s.) or tũn. ... or by the factor of the name, i.e. the person for whom ego is named or persons named for ego.",,,symmetric,joking_relationship,0.9,,2026-07-06T10:16:08.526575+00:00
1203,/san_marshall_20_1957_sv,SouthernAfrica,san,Ego,kin_role,grandparents,kin_role,kinship,Grandparents are explicitly listed as persons with whom ego may joke unless naming places them otherwise.,"Ego has the joking relationship with grandparents and grandchildren unless the factor of the name places ego terminologically in the other, non-joking, division.",,,symmetric,joking_relationship,0.9,,2026-07-06T10:16:08.526575+00:00
1204,/san_marshall_20_1957_sv,SouthernAfrica,san,Ego,kin_role,grandchildren,kin_role,kinship,Grandchildren included in joking set unless naming places them in non-joking division.,"Ego has the joking relationship with grandparents and grandchildren unless the factor of the name places ego terminologically in the other, non-joking, division.",,,symmetric,joking_relationship,0.9,,2026-07-06T10:16:08.526575+00:00
1205,/san_marshall_20_1957_sv,SouthernAfrica,san,Ego,kin_role,spouse,kin_role,kinship,Affinal joking with spouse is specified as permitted; a culturally patterned affinal jokership.,"Among affines, ego has the joking relationship with his or her spouse, and also with BrWi and WiSi, tũn m.s., and SiHu and HuBr, tun!ga w.s., who are all considered suitable persons to marry.",,,symmetric,joking_relationship,0.95,,2026-07-06T10:16:08.526575+00:00
1206,/san_marshall_20_1957_sv,SouthernAfrica,san,Ego,kin_role,BrWi,kin_role,kinship,BrWi listed among affines with whom ego has joking relations.,"Among affines, ego has the joking relationship with his or her spouse, and also with BrWi and WiSi, tũn m.s., and SiHu and HuBr, tun!ga w.s., who are all considered suitable persons to marry.",,,symmetric,joking_relationship,0.9,,2026-07-06T10:16:08.526575+00:00
1207,/san_marshall_20_1957_sv,SouthernAfrica,san,Ego,kin_role,WiSi,kin_role,kinship,WiSi explicitly listed among affinal joking partners.,"Among affines, ego has the joking relationship with his or her spouse, and also with BrWi and WiSi, tũn m.s., and SiHu and HuBr, tun!ga w.s., who are all considered suitable persons to marry.",,,symmetric,joking_relationship,0.9,,2026-07-06T10:16:08.526575+00:00
1208,/san_marshall_20_1957_sv,SouthernAfrica,san,Ego,kin_role,SiHu,kin_role,kinship,SiHu named as an affine with joking status (tun!ga w.s.).,"Among affines, ego has the joking relationship with his or her spouse, and also with BrWi and WiSi, tũn m.s., and SiHu and HuBr, tun!ga w.s., who are all considered suitable persons to marry.",,tun!ga w.s.,symmetric,joking_relationship,0.9,,2026-07-06T10:16:08.526575+00:00
1209,/san_marshall_20_1957_sv,SouthernAfrica,san,Ego,kin_role,HuBr,kin_role,kinship,"HuBr listed with SiHu as affine joking partners, with local term noted.","Among affines, ego has the joking relationship with his or her spouse, and also with BrWi and WiSi, tũn m.s., and SiHu and HuBr, tun!ga w.s., who are all considered suitable persons to marry.",,tun!ga w.s.,symmetric,joking_relationship,0.9,,2026-07-06T10:16:08.526575+00:00
1210,/san_marshall_20_1957_sv,SouthernAfrica,san,Ego,kin_role,!umba (affines in ego's generation: offspring's spouses' parents),kin_role,kinship,"Text specifies ego may joke with !umba, a recognized affine category in ego's generation.","Ego may joke with affines termed !umba and !undai, who are in ego's generation terminologically as they are his offspring's spouses' parents.",,!umba,symmetric,joking_relationship,0.9,,2026-07-06T10:16:08.526575+00:00
1211,/san_marshall_20_1957_sv,SouthernAfrica,san,Ego,kin_role,!undai (affines in ego's generation: offspring's spouses' parents),kin_role,kinship,"Text specifies ego may joke with !undai, a named affine category regularly joked with.","Ego may joke with affines termed !umba and !undai, who are in ego's generation terminologically as they are his offspring's spouses' parents.",,!undai,symmetric,joking_relationship,0.9,,2026-07-06T10:16:08.526575+00:00
1212,/san_marshall_20_1957_sv,SouthernAfrica,san,Ego,kin_role,persons termed !gu!na or tun!ga w.s. or tũn,kin_role,kinship,The text defines these terms as the classificatory labels whose bearers have joking relations with ego.,"Ego has the joking relationship with anyone of either sex who is classified with himself or herself, to whom ego applies the term !gu!na (or tun!ga w.s.) or tũn.",,!gu!na; tun!ga w.s.; tũn,symmetric,joking_relationship,0.95,,2026-07-06T10:16:08.526575+00:00
1213,/san_marshall_213_sv,SouthernAfrica,san,ego,kin_role,!gun!a (or tũn!ga w.s.) and tũn,kin_role,kinship,Text states ego has a joking relationship with anyone he terms !gun!a/tũn (kin-role based).,Ego applies the terms !gun!a (or tũn!ga w.s.) and tũn to persons in his own generation and in generations alternate to his own; he has the joking relationship with anyone to whom he applies these terms.,,"!gun!a, tũn, tũn!ga",symmetric,joking_relationship,0.9,,2026-07-06T10:16:14.682544+00:00
1214,/san_marshall_214_sv,SouthernAfrica,san,ego,kin_role,affines,kin_role,kinship,Text states affinal relationships include a continuing 'joking status' with ego; institutionalized kin joking.,"A !Kung calls his affines mi twisi.

Once established, an affinal relationship is considered to be indissoluble even though the person through whom the relationship with ego was brought about be dead or divorced. For example, should ego's brother die, his brother's wife remains in affinal relationship with ego, and the application of a kin term and the joking status with her continue to be the same as if ego's brother were alive.",joking status with affines,mi twisi,symmetric,joking_relationship,0.9,,2026-07-06T10:16:22.139346+00:00
1215,/san_marshall_214_sv,SouthernAfrica,san,ego,kin_role,brother's wife,kin_role,kinship,Example explicitly says ego retains 'joking status' with his brother's wife even after brother's death.,"For example, should ego's brother die, his brother's wife remains in affinal relationship with ego, and the application of a kin term and the joking status with her continue to be the same as if ego's brother were alive.",joking status with brother's wife,,symmetric,joking_relationship,0.95,,2026-07-06T10:16:22.139346+00:00
1216,/san_marshall_216_sv,SouthernAfrica,san,SiHu,kin_role,ego,kin_role,kinship,Affinal reciprocal terms with maintained joking consistency between ego and SiHu (affinal pair).,"For example, a man terms his SiHu tũn!ga; to that man ego is WiBr, who is also termed tũn!ga.",reciprocal affinal terms / joking consistency,tũn!ga,symmetric,joking_relationship,0.9,,2026-07-06T10:16:33.824752+00:00
1217,/san_marshall_216_sv,SouthernAfrica,san,WiBr,kin_role,ego,kin_role,kinship,Text describes WiBr and ego sharing the same affinal term and joking relationship (reciprocal).,"For example, a man terms his SiHu tũn!ga; to that man ego is WiBr, who is also termed tũn!ga.",reciprocal affinal terms / joking consistency,tũn!ga,symmetric,joking_relationship,0.85,,2026-07-06T10:16:33.824752+00:00
1218,/san_marshall_216_sv,SouthernAfrica,san,WiSiHu,kin_role,ego,kin_role,kinship,Explicit statement that ego and WiSiHu are given sibling terms and are reciprocal (!go and tsĩ) and maintain joking ties.,"Ego and WiSiHu are !go and tsĩ to each other, and so forth.",,!go; tsĩ,symmetric,joking_relationship,0.9,,2026-07-06T10:16:33.824752+00:00
1219,/san_marshall_216_sv,SouthernAfrica,san,WiFa,kin_role,DaHu,kin_role,kinship,"Man terms his WiFa ≠tum and is himself DaHu to that man, both termed ≠tum; indicates reciprocal joking/term pair.","A man terms his WiFa ≠tum; he is DaHu to that man, also termed ≠tum.",,≠tum,symmetric,joking_relationship,0.9,,2026-07-06T10:16:33.824752+00:00
1220,/san_marshall_216_sv,SouthernAfrica,san,HuFa,kin_role,SoWi,kin_role,kinship,"A woman HuFa is ≠tum while she is SoWi to him, who terms her /utsu — reciprocal affinal joking terms indicated.","A woman HuFa is ≠tum; she is SoWi to him, termed /utsu.",,≠tum; /utsu,mixed,joking_relationship,0.85,Different term used by each side (/utsu vs ≠tum) but relationship described as reciprocal in terms and joking.,2026-07-06T10:16:33.824752+00:00
1221,/san_marshall_217_sv,SouthernAfrica,san,!hoa,kin_role,tsau,kin_role,kinship,Text states these affinal terms (husband/wife) allow joking between them.,"!Hoa and tsau are the two affinal terms (mentioned earlier) which, along with !gun!a (“big [old] name”) and !guma (“small [young] name”), are the only !Kung Kinship Terminology terms that are words rather than terms specific to kinship. !Hoa is the !Kung word for “man,” and tsau the !Kung word for “woman.” As kin terms they are used only between husband and wife.",allows joking,,symmetric,joking_relationship,0.9,,2026-07-06T10:16:59.159897+00:00
1222,/san_marshall_217_sv,SouthernAfrica,san,ego,kin_role,n!unba,kin_role,kinship,Document explicitly lists n!unba among kin terms that allow joking with ego/affines.,"As to the joking relationship: !hoa, tsau, n!unba, and n!untai allow joking; ≠tum and /utsu do not.",allows joking,n!unba,unclear,joking_relationship,0.9,,2026-07-06T10:16:59.159897+00:00
1223,/san_marshall_217_sv,SouthernAfrica,san,ego,kin_role,n!untai,kin_role,kinship,Text lists n!untai among kin terms permitting joking with ego/affines.,"As to the joking relationship: !hoa, tsau, n!unba, and n!untai allow joking; ≠tum and /utsu do not.",allows joking,n!untai,unclear,joking_relationship,0.9,,2026-07-06T10:16:59.159897+00:00
1224,/san_marshall_217_sv,SouthernAfrica,san,ego,kin_role,Tũn!ga w.s.,kin_role,kinship,Text explicitly states Tũn!ga w.s. allows joking (contrast with Tũn!ga m.s.).,Tũn!ga w.s. allows joking; tũn!ga m.s. does not.,allows joking,Tũn!ga w.s.,unclear,joking_relationship,0.9,,2026-07-06T10:16:59.159897+00:00
1225,/san_marshall_217_sv,SouthernAfrica,san,ego,kin_role,sibling of the same sex,kin_role,kinship,"Author states ego jokes with a sibling of the same sex as a patterned, recurrent relation.",Ego jokes with a sibling of the same sex and with the spouse of that sibling.,jokes with,,symmetric,joking_relationship,0.9,,2026-07-06T10:16:59.159897+00:00
1226,/san_marshall_217_sv,SouthernAfrica,san,ego,kin_role,spouse of that sibling,kin_role,kinship,Text describes recurrent joking between ego and the spouse of ego's same-sex sibling.,Ego jokes with a sibling of the same sex and with the spouse of that sibling.,jokes with,,symmetric,joking_relationship,0.9,,2026-07-06T10:16:59.159897+00:00
1227,/san_marshall_217_sv,SouthernAfrica,san,male ego,kin_role,WiSi,kin_role,kinship,Example shows male ego jokes with his WiSi as an institutionalized pattern.,"Husbands and wives are paired: thus, a male ego jokes with his WiSi and WiSiHu but not with his WiBr or WiBrWi;",jokes with,WiSi,symmetric,joking_relationship,0.9,,2026-07-06T10:16:59.159897+00:00
1228,/san_marshall_217_sv,SouthernAfrica,san,male ego,kin_role,WiSiHu,kin_role,kinship,Text explicitly lists WiSiHu as among those male ego jokes with (institutionalized).,"Husbands and wives are paired: thus, a male ego jokes with his WiSi and WiSiHu but not with his WiBr or WiBrWi;",jokes with,WiSiHu,symmetric,joking_relationship,0.9,,2026-07-06T10:16:59.159897+00:00
1229,/san_marshall_217_sv,SouthernAfrica,san,female ego,kin_role,HuBr,kin_role,kinship,Author states female ego jokes with HuBr as part of the patterned sibling-affine joking.,a female ego jokes with her HuBr and HuBrWi but not with her HuSi or HuSiHu.,jokes with,HuBr,symmetric,joking_relationship,0.9,,2026-07-06T10:16:59.159897+00:00
1230,/san_marshall_217_sv,SouthernAfrica,san,female ego,kin_role,HuBrWi,kin_role,kinship,Text explicitly lists HuBrWi as a joking partner for female ego.,a female ego jokes with her HuBr and HuBrWi but not with her HuSi or HuSiHu.,jokes with,HuBrWi,symmetric,joking_relationship,0.9,,2026-07-06T10:16:59.159897+00:00
1231,/san_marshall_21_1957_sv,SouthernAfrica,san,Men,group,Men,group,within_group,Text describes recurring sexual insults among men as part of the sanctioned joking relationship.,Men accuse each other of excessive preoccupation with sexual intercourse or of having genital organs of excessive size or abnormal condition (castration or circumcision).,Kin Relationships,,symmetric,joking_relationship,0.6,,2026-07-06T10:17:11.227327+00:00
1232,/san_marshall_21_1957_sv,SouthernAfrica,san,Men,group,Women,group,within_group,"Text reports recurrent sexual teasing between men and women within the society, with men accusing women and women retaliating.","Men accuse women with whom they may joke of being22 ugly, slovenly, or wanton. The women retaliate, perhaps accusing the men of being worthy only of castration or of unfaithful wives.",Kin Relationships,,mixed,joking_relationship,0.6,,2026-07-06T10:17:11.227327+00:00
1233,/san_marshall_221_sv,SouthernAfrica,san,ego,kin_role,!gun!a,kin_role,kinship,Text states !gun!a (and tũn) are terms applied to persons with whom ego may joke.,"The terms !gun!a and tũn are applied to the persons with whom ego may joke, tsu and //ga to persons with whom he avoids joking.",!gun!a (joking),!gun!a,unclear,joking_relationship,0.8,,2026-07-06T10:17:32.222641+00:00
1234,/san_marshall_221_sv,SouthernAfrica,san,ego,kin_role,tũn,kin_role,kinship,Text pairs tũn with !gun!a as terms for persons with whom ego may joke.,"The terms !gun!a and tũn are applied to the persons with whom ego may joke, tsu and //ga to persons with whom he avoids joking.",tũn (joking),tũn,unclear,joking_relationship,0.8,,2026-07-06T10:17:32.222641+00:00
1235,/san_marshall_221_sv,SouthernAfrica,san,ego,kin_role,tsu,kin_role,kinship,Text explicitly states tsu is applied to persons with whom ego avoids joking (institutionalized avoidance).,"The terms !gun!a and tũn are applied to the persons with whom ego may joke, tsu and //ga to persons with whom he avoids joking.",tsu (avoidance),tsu,unclear,avoidance,0.8,,2026-07-06T10:17:32.222641+00:00
1236,/san_marshall_221_sv,SouthernAfrica,san,ego,kin_role,//ga,kin_role,kinship,//ga is given as the term applied to persons with whom ego avoids joking.,"The terms !gun!a and tũn are applied to the persons with whom ego may joke, tsu and //ga to persons with whom he avoids joking.",//ga (avoidance),//ga,unclear,avoidance,0.8,,2026-07-06T10:17:32.222641+00:00
1237,/san_marshall_221_sv,SouthernAfrica,san,male ego,kin_role,BrWiSi,kin_role,kinship,Example states a male ego jokes with BrWiSi because he jokes with BrWi (institutionalized patterned joking).,"Thus, for example, a male ego would joke with his BrWiSi since he jokes with his BrWi, and he would refrain from joking with his BrWiBr.",joking with BrWiSi,,unclear,joking_relationship,0.8,Illustrative example linking joking status of BrWi to sibling of primary affine.,2026-07-06T10:17:32.222641+00:00
1238,/san_marshall_221_sv,SouthernAfrica,san,male ego,kin_role,BrWiBr,kin_role,kinship,Text explicitly says male ego would refrain from joking with BrWiBr (institutionalized avoidance).,"Thus, for example, a male ego would joke with his BrWiSi since he jokes with his BrWi, and he would refrain from joking with his BrWiBr.",avoidance with BrWiBr,,unclear,avoidance,0.8,,2026-07-06T10:17:32.222641+00:00
1239,/san_marshall_221_sv,SouthernAfrica,san,female ego,kin_role,BrWiSi,kin_role,kinship,"Text states a female ego would avoid joking with BrWiSi, opposite of male pattern (sex-differentiated institutional joking).","A female ego would avoid joking with BrWiSi since she does not joke with BrWi, and to her BrWiSi she would apply the term //ga-n!untai; she would take the opposite position with BrWiBr, whom she would term !gun!a- (or tũn!ga-) n!unba.",avoidance with BrWiSi,//ga-n!untai,unclear,avoidance,0.85,Local compound term provided in text.,2026-07-06T10:17:32.222641+00:00
1240,/san_marshall_221_sv,SouthernAfrica,san,female ego,kin_role,BrWiBr,kin_role,kinship,Text states female ego would take opposite position and use !gun!a/tũn!ga terms toward BrWiBr (institutionalized joking).,"A female ego would avoid joking with BrWiSi since she does not joke with BrWi, and to her BrWiSi she would apply the term //ga-n!untai; she would take the opposite position with BrWiBr, whom she would term !gun!a- (or tũn!ga-) n!unba.",joking with BrWiBr,!gun!a / tũn!ga,unclear,joking_relationship,0.85,Local compound terms provided.,2026-07-06T10:17:32.222641+00:00
1241,/san_marshall_222_sv,SouthernAfrica,san,Ego,kin_role,Spouses of Relatives,kin_role,kinship,Text states ego adopts terms giving a recurrent joking relationship with spouses of his kin/affines.,"Spouses of Relatives. When a person marries one of ego's kin or affines, ego drops whatever term he may have previously used for that person and adopts the term appropriate to the spouse of his kin or affine. Ego applies a term that gives him the same joking relationship with both members of the married couple.",joking relationship,,symmetric,joking_relationship,0.9,,2026-07-06T10:17:37.562941+00:00
1242,/san_marshall_225_1962_sv,SouthernAfrica,san,!gu!na,kin_role,!guma,kin_role,kinship,"Text states namesakes (!gu!na and !guma) have an open, recurrent joking relationship.",Behaviour between a !gu!na and a !guma is as open and free from formal restrictions as any in !Kung society. They have the joking relationship.,joking relationship,!gu!na—!guma,symmetric,joking_relationship,0.95,,2026-07-06T10:17:44.913928+00:00
1243,/san_marshall_228_sv,SouthernAfrica,san,ego,person,nephews and nieces named for ego's parents,kin_role,kinship,"Text states these relatives carry the same joking status/terms as parents, a recurrent kin-based joking position.","Some of ego's nephews and nieces would be named for ego's parents. ... The generational terms which have the same generational association and joking status as the terms for parents and offspring are tsu and //ga, and these are the terms ego uses for relatives named for his parents and offspring.",,"tsu, //ga",unclear,joking_relationship,0.9,,2026-07-06T10:17:55.932696+00:00
1244,/san_marshall_228_sv,SouthernAfrica,san,ego,person,relatives named for ego's sibling,kin_role,kinship,Text explicitly says ego applies sibling terms and has same joking position with such relatives as with the sibling.,"If a relative is named for ego's sibling, ego applies sibling terms to the relative, and ego has the same joking position with him that he would have with his sibling.",,,symmetric,joking_relationship,0.95,,2026-07-06T10:17:55.932696+00:00
1245,/san_marshall_228_sv,SouthernAfrica,san,ego,person,male named for ego,kin_role,kinship,Reciprocal naming relation is described with specific vocatives indicating a patterned joking/relational stance.,"!Gun!a is the term used for a male named for himself; but the term would be in its diminutive form, !guma. A male named for ego would be younger than ego. That male would reciprocate by calling ego !gun!a.",,"!Gun!a, !guma",symmetric,joking_relationship,0.9,,2026-07-06T10:17:55.932696+00:00
1246,/san_marshall_228_sv,SouthernAfrica,san,ego,person,cousins named for ego's parents,kin_role,kinship,Text notes cousins named for parents take parental generational terms and associated joking status.,"Cousins would be termed !gun!a or tũn by the generational method; however, if they are named for ego's parents, the terms applied must be tsu or //ga.",,"tsu, //ga",unclear,joking_relationship,0.8,Extracted because naming alters kin term and joking position.,2026-07-06T10:17:55.932696+00:00
1247,/san_marshall_229_sv,SouthernAfrica,san,ego,kin_role,persons named for ego's spouse,kin_role,kinship,Text says persons named for the spouse are classified with ego's generation and given the joking relationship.,"The terms applied to persons named for ego's spouse are also !gun!a (or tũn!ga w.s.) or tũn. The affinal terms !hoa and tsau for husband and wife are used only for ego's actual spouse. Persons named for the spouse, who is terminologically of ego's generation, have the generational terms applied to them that classify them with ego's generation and give them the joking relationship.",joking relationship,"!gun!a, tũn!ga, tũn",symmetric,joking_relationship,0.9,,2026-07-06T10:18:08.864813+00:00
1248,/san_marshall_229_sv,SouthernAfrica,san,ego,kin_role,person for whom he is named,kin_role,kinship,"Ego applies !gun!a to the person for whom he is named and that person reciprocates, indicating an institutional joking tie.","The term !gun!a has other applications. Ego applied it to the person for whom he is named, and also to anyone, related or not, who happens to have the same name as his, and to relatives named for him—with two exceptions:",!gun!a usage,!gun!a,symmetric,joking_relationship,0.9,,2026-07-06T10:18:08.864813+00:00
1249,/san_marshall_229_sv,SouthernAfrica,san,ego,kin_role,relatives named for him,kin_role,kinship,"Author states ego applies same term to relatives named for him, extending joking relationship down generations.","Ego applied it to the person for whom he is named, and also to anyone, related or not, who happens to have the same name as his, and to relatives named for him—with two exceptions:",joking relationship,!gun!a,symmetric,joking_relationship,0.85,Includes descendants named for ego (continuation down generations).,2026-07-06T10:18:08.864813+00:00
1250,/san_marshall_229_sv,SouthernAfrica,san,ego,kin_role,relatives named for another of ego's kin,kin_role,kinship,"Text explains ego applies same term to kin who are named for other of ego's kin, producing recurring joking classifications.","When some relative is named for another of ego's kin, ego applies the same term to him that he applied to the kinsman.",,,symmetric,joking_relationship,0.8,,2026-07-06T10:18:08.864813+00:00
1251,/san_marshall_22_1957_sv,SouthernAfrica,san,grandparents,kin_role,grandchildren,kin_role,kinship,Text explicitly states grandparents and grandchildren enjoy a cosy joking intimacy; culturally patterned kin joking.,"It is not thought proper to make blatant or insulting sexual jokes with old persons. The deference which is shown to aged persons is expressed by Kin Relationships moderation, and the joking relationship between an old person and a considerably younger person, especially between grandparents and grandchildren, becomes a cosy friendly intimacy without the sexual emphasis.",joking relationship,,symmetric,joking_relationship,0.9,,2026-07-06T10:18:26.337594+00:00
1252,/san_marshall_22_1957_sv,SouthernAfrica,san,parents,kin_role,children,kin_role,kinship,"Text describes joking with parents as restricted/forbidden, symbolizing sexual restraint — institutionalized prohibition.","It seems that respect in general is not required between siblings; only sexual restraint is required and this is Kinship Regulation Of symbolized by the restriction in joking imposed on siblings of opposite sex, Sex whereas ego may joke with a sibling of the same sex.",restriction on joking / non-joking,,symmetric,avoidance,0.85,Also stated earlier: 'It is not thought proper to make blatant or insulting sexual jokes with old persons' and prohibition applies to parents of both sexes.,2026-07-06T10:18:26.337594+00:00
1253,/san_marshall_22_1957_sv,SouthernAfrica,san,sibling (male),kin_role,sibling (female),kin_role,kinship,Explicit rule: joking is restricted between siblings of opposite sex; institutionalized sexual-restraint prohibition.,"It seems that respect in general is not required between siblings; only sexual restraint is required and this is Kinship Regulation Of symbolized by the restriction in joking imposed on siblings of opposite sex, Sex whereas ego may joke with a sibling of the same sex.",restriction on joking / non-joking,,symmetric,avoidance,0.9,,2026-07-06T10:18:26.337594+00:00
1254,/san_marshall_22_1957_sv,SouthernAfrica,san,strangers,group,local people (hosts/contacts),group,within_group,Joking with strangers is withheld until status is known; culturally patterned caution about joking with outsiders.,When they meet strangers they do not dare to joke until they find out whether or not it is proper for them to do so. They gave us !Kung names. This placed us in the scheme of things and people could know what their status was with us.,,koa,unclear,avoidance,0.7,Local term 'koa' used for fearing/avoiding those with whom joking is forbidden.,2026-07-06T10:18:26.337594+00:00
1255,/san_marshall_22_1957_sv,SouthernAfrica,san,name-relatives,kin_role,grandparents/grandchildren (when classified by name),kin_role,kinship,Text notes name-relationship can classify some grandparent–grandchild pairs into the non-joking category—institutionalized exception.,It is possible that the culture allows joking between grandparents and grandchildren (with the rather few exceptions when the factor of the name intervenes to classify them in the non-joking category) because joking is associated with a welcome ease and intimacy of relationship...,name-relationship exception (non-joking),,unclear,avoidance,0.8,Name-relationship is treated as part of kinship terminology influencing joking permissions.,2026-07-06T10:18:26.337594+00:00
1256,/san_marshall_230_sv,SouthernAfrica,san,secondary affines,kin_role,person for whom they were named,kin_role,kinship,Text states generational terms for secondary affines correspond in joking status to the named person.,"Some of ego's secondary affines would be named for his primary affines and some, possibly, for his offspring. These children would be ego's secondary Naming affines, and ego would apply generational terms to them which correspond in joking status to the term he applies to the person for whom they were named.",homonymous joking status correspondence,,symmetric,joking_relationship,0.9,,2026-07-06T10:18:47.585027+00:00
1257,/san_marshall_230_sv,SouthernAfrica,san,FaFa,kin_role,ego,kin_role,kinship,FaFa (and FaMo) are described as applying a diminutive term to ego in reciprocated patterned naming (joking terms).,"In Figure 5, ego is named for his FaFa, C. His FaFa and FaMo term ego !guma. He reciprocates calling them !gun!a and tũn.",,!guma ↔ !gun!a,mixed,joking_relationship,0.85,Reciprocal but different term forms for older vs. younger suggest mixed symmetry.,2026-07-06T10:18:47.585027+00:00
1258,/san_marshall_230_sv,SouthernAfrica,san,FaMo,kin_role,ego,kin_role,kinship,FaMo explicitly listed with FaFa as applying the diminutive term !guma to ego (patterned joking terminology).,"In Figure 5, ego is named for his FaFa, C. His FaFa and FaMo term ego !guma.",,!guma,non_symmetric,joking_relationship,0.8,Older kin apply diminutive; ego reciprocates with different terms.,2026-07-06T10:18:47.585027+00:00
1259,/san_marshall_230_sv,SouthernAfrica,san,A and B,kin_role,ego,kin_role,kinship,Siblings of C are described as using sibling term for ego because of naming—patterned joking/generational terms.,"A and B, siblings of C, term ego tsĩ, younger sibling, because he is named for their sibling; ego reciprocates giving them the sibling terms.",,tsĩ,mixed,joking_relationship,0.8,,2026-07-06T10:18:47.585027+00:00
1260,/san_marshall_230_sv,SouthernAfrica,san,E and F,kin_role,ego,kin_role,kinship,E and F term ego tsuma because he is named for their father; ego gives them corresponding terms—patterned reciprocity.,E and F term ego tsuma because he is named for their father; ego calls them tsu and // ga.,,tsuma ↔ tsu and // ga,mixed,joking_relationship,0.85,,2026-07-06T10:18:47.585027+00:00
1261,/san_marshall_233_1961_sv,SouthernAfrica,san,Men,group,Women,group,within_group,Text states men and women engage in culturally sanctioned sexual joking together.,Men and women must not speak openly together of sexual matters except as they make jokes in the joking relationship.,joking relationship,,symmetric,joking_relationship,0.9,,2026-07-06T10:18:51.707026+00:00
1262,/san_marshall_235_1961_sv,SouthernAfrica,san,men,group,women,group,within_group,Text describes recurrent sanctioned insults between men and women as a cultural joking relationship.,"In view of this, the joking relationship has its interesting side. Men and women who have the joking relationship insult each other in a facetious way and also point out actual faults or remark on actual episodes which embarrass a person.",joking relationship,,symmetric,joking_relationship,0.8,,2026-07-06T10:18:56.388887+00:00
1263,/san_marshall_23_1957_sv,SouthernAfrica,san,persons who have the same name,group,each other,group,kinship,Text describes name-relationship between persons with same name enabling joking; clearly kinship-based name-relatives.,"Whatever may be the answer to these questions, the !Kung have put to good use the belief that persons who have the same name partake of each other's entities. This belief has given them the name-relationship.",name-relationship,!gu!na,symmetric,joking_relationship,0.9,,2026-07-06T10:19:16.109729+00:00
1264,/san_marshall_23_1957_sv,SouthernAfrica,san,tun!ga (woman-speaking),kin_role,consanguineous kin,kin_role,kinship,Author states tun!ga applied to consanguineous kin allows joking when woman-speaking.,"Tun!ga is applied to consanguineous kin and affines and allows joking, woman-speaking.",tun!ga (woman-speaking),tun!ga,symmetric,joking_relationship,0.85,,2026-07-06T10:19:16.109729+00:00
1265,/san_marshall_23_1957_sv,SouthernAfrica,san,tun!ga (woman-speaking),kin_role,affines,kin_role,kinship,Text explicitly groups affines under tun!ga applied relations that allow joking (woman-speaking).,"Tun!ga is applied to consanguineous kin and affines and allows joking, woman-speaking.",tun!ga (woman-speaking),tun!ga,symmetric,joking_relationship,0.85,,2026-07-06T10:19:16.109729+00:00
1266,/san_marshall_23_1957_sv,SouthernAfrica,san,Gao,person,/Qui,person,kinship,"Two named men used the term !go for each other due to shared brother-name, indicating an institutional name-relative joking tie.",We know two men who used the term !go for each other because each of them had a brother named Dam.,!go,!go,symmetric,joking_relationship,0.8,Individuals exemplify recurring name-relative joking practice.,2026-07-06T10:19:16.109729+00:00
1267,/san_marshall_246_sv,SouthernAfrica,san,brother,kin_role,sister,kin_role,kinship,"Text states brother and sister use familiar address and joke until they grow up, marking an institutionalized joking tie.","The familiar pronoun, a, is used in addressing any child, and is used between persons who have the joking relationship, regardless of disparities in age. It is also used between brother and sister until they grow up, when they change to the respectful pronoun.",,,symmetric,joking_relationship,0.9,,2026-07-06T10:19:32.141438+00:00
1268,/san_marshall_251_sv,SouthernAfrica,san,Parents-In-Law,kin_role,Children-In-Law,kin_role,kinship,Text describes culturally mandated speaking avoidance and prohibition on joking between these kin roles.,The speaking avoidance under these circumstances does not impose excessive inconvenience. ... The interactions of people who accord each other reserved behavior are not constrained in any way except in the avoidance of joking and the practice of the other avoidances just described.,speaking avoidance / avoidance of joking,,symmetric,avoidance,0.95,,2026-07-06T10:19:41.118262+00:00
1269,/san_marshall_256_sv,SouthernAfrica,san,ego,kin_role,WiSiDa,kin_role,kinship,Text states marriage with WiSiDa is prohibited and joking is tied to marriage prohibitions.,"Why, we had asked, is marriage with WiSiDa and HuBrSo specifically prohibited? ≠Toma explained that a man often marries his WiSi if his wife should die, or as a second wife. His being her potential husband makes him “feel like” her husband even though he is not married to her.",,,symmetric,avoidance,0.9,,2026-07-06T10:20:10.629587+00:00
1270,/san_marshall_256_sv,SouthernAfrica,san,ego,kin_role,HuBrSo,kin_role,kinship,HuBrSo is listed with WiSiDa as specifically prohibited for marriage; prohibition aligns with joking avoidance.,"Why, we had asked, is marriage with WiSiDa and HuBrSo specifically prohibited? ≠Toma explained that a man often marries his WiSi if his wife should die, or as a second wife.",,,symmetric,avoidance,0.9,,2026-07-06T10:20:10.629587+00:00
1271,/san_marshall_256_sv,SouthernAfrica,san,ego,kin_role,SiHuFa,kin_role,kinship,SiHuFa is among affines ego must not marry; marriage and joking prohibitions coincide in sibling category.,"Marriage with a SiHu (as second wife or if her SiHu is a widower) or a man's with a BrWi (if the death or divorce of the brother makes the marriage with BrWi possible) is highly appropriate, and the parents of these affines, therefore, seem to ego “like” his spouse's parents.",,,symmetric,avoidance,0.85,,2026-07-06T10:20:10.629587+00:00
1272,/san_marshall_256_sv,SouthernAfrica,san,ego,kin_role,BrWiMo,kin_role,kinship,BrWiMo is listed with SiHuFa as an affine ego must not marry; tied to joking prohibition by table/discussion.,"Marriage with a SiHu (as second wife or if her SiHu is a widower) or a man's with a BrWi (if the death or divorce of the brother makes the marriage with BrWi possible) is highly appropriate, and the parents of these affines, therefore, seem to ego “like” his spouse's parents.",,,symmetric,avoidance,0.8,,2026-07-06T10:20:10.629587+00:00
1273,/san_marshall_256_sv,SouthernAfrica,san,ego,kin_role,SoWiFa,kin_role,kinship,SoWiFa explicitly listed among affines ego must not marry; table links no asterisk to prohibition of joking.,"Among the affines ego must not marry are SoWiFa, DaHuFa, SoWiMo, DaHuMo. Marriage with one of these would turn ego's So and SoWi, Da and DaHu into stepbrothers and stepsisters, which would be most awkward.",,,symmetric,avoidance,0.9,,2026-07-06T10:20:10.629587+00:00
1274,/san_marshall_256_sv,SouthernAfrica,san,ego,kin_role,DaHuFa,kin_role,kinship,DaHuFa listed among affines ego must not marry; marriage/joking prohibitions coincide.,"Among the affines ego must not marry are SoWiFa, DaHuFa, SoWiMo, DaHuMo. Marriage with one of these would turn ego's So and SoWi, Da and DaHu into stepbrothers and stepsisters, which would be most awkward.",,,symmetric,avoidance,0.9,,2026-07-06T10:20:10.629587+00:00
1275,/san_marshall_256_sv,SouthernAfrica,san,ego,kin_role,SoWiMo,kin_role,kinship,SoWiMo explicitly named among prohibited affines; linked to prohibition of joking in sibling category.,"Among the affines ego must not marry are SoWiFa, DaHuFa, SoWiMo, DaHuMo. Marriage with one of these would turn ego's So and SoWi, Da and DaHu into stepbrothers and stepsisters, which would be most awkward.",,,symmetric,avoidance,0.9,,2026-07-06T10:20:10.629587+00:00
1276,/san_marshall_256_sv,SouthernAfrica,san,ego,kin_role,DaHuMo,kin_role,kinship,DaHuMo is among affines ego must not marry; marriage taboos align with joking avoidance.,"Among the affines ego must not marry are SoWiFa, DaHuFa, SoWiMo, DaHuMo. Marriage with one of these would turn ego's So and SoWi, Da and DaHu into stepbrothers and stepsisters, which would be most awkward.",,,symmetric,avoidance,0.9,,2026-07-06T10:20:10.629587+00:00
1277,/san_marshall_256_sv,SouthernAfrica,san,ego,kin_role,HuSiHu,kin_role,kinship,HuSiHu marriage prohibited and explicitly linked to avoidance of joking; local term ≠tum applied to them.,"Marriage is prohibited with HuSiHu and WiBrWi, termed respectively ≠tum and / utsu; ego avoids joking with them as he avoids joking with HuSi and WiBr.",,≠tum,symmetric,avoidance,0.95,,2026-07-06T10:20:10.629587+00:00
1278,/san_marshall_256_sv,SouthernAfrica,san,ego,kin_role,WiBrWi,kin_role,kinship,WiBrWi marriage prohibited and explicitly linked to avoidance of joking; local term / utsu applied.,"Marriage is prohibited with HuSiHu and WiBrWi, termed respectively ≠tum and / utsu; ego avoids joking with them as he avoids joking with HuSi and WiBr.",,/ utsu,symmetric,avoidance,0.95,,2026-07-06T10:20:10.629587+00:00
1279,/san_marshall_256_sv,SouthernAfrica,san,ego,kin_role,HuSi,kin_role,kinship,Text explicitly states ego avoids joking with HuSi; tied to sibling-category joking rules.,"Marriage is prohibited with HuSiHu and WiBrWi, termed respectively ≠tum and / utsu; ego avoids joking with them as he avoids joking with HuSi and WiBr.",,,symmetric,avoidance,0.9,,2026-07-06T10:20:10.629587+00:00
1280,/san_marshall_256_sv,SouthernAfrica,san,ego,kin_role,WiBr,kin_role,kinship,Text explicitly states ego avoids joking with WiBr; linked to avoidance extended to specified affines.,"Marriage is prohibited with HuSiHu and WiBrWi, termed respectively ≠tum and / utsu; ego avoids joking with them as he avoids joking with HuSi and WiBr.",,,symmetric,avoidance,0.9,,2026-07-06T10:20:10.629587+00:00
1281,/san_marshall_258_sv,SouthernAfrica,san,cousins,kin_role,each other,kin_role,kinship,Text explicitly states joking is allowed among cousins as a recurrent kin-based pattern.,"In no category is marriage allowed when joking is prohibited, but in two categories marriage is prohibited while joking is allowed, namely, among cousins and among the parents of offspring's spouse.",,,symmetric,joking_relationship,0.9,The text treats cousins as a named kin category with licensed joking despite marriage prohibition.,2026-07-06T10:20:18.314887+00:00
1282,/san_marshall_258_sv,SouthernAfrica,san,parents of offspring's spouse,kin_role,each other,kin_role,kinship,Text explicitly names parents of offspring's spouse as a recurring joking-allowed kin category.,"In no category is marriage allowed when joking is prohibited, but in two categories marriage is prohibited while joking is allowed, namely, among cousins and among the parents of offspring's spouse.",,,symmetric,joking_relationship,0.9,Phrase indicates a culturally recognized joking tie between those parental affinal categories.,2026-07-06T10:20:18.314887+00:00
1283,/san_marshall_259_1965_sv,SouthernAfrica,san,man,kin_role,woman who has the same name as his mother,kin_role,kinship,Text describes a culturally regulated joking prohibition tied to name-relatives (incest taboo) between these kin roles.,"From the !Kung point of view the custom has two values. It regulates the incest taboo in its furthermost extension, especially the joking relationship that symbolizes the taboo. (For example, a man should not marry or make sexual jokes with a woman who has the same name as his mother.)",name relationship / joking relationship,name relationship,non_symmetric,joking_relationship,0.9,Example frames joking prohibition tied to shared personal name; broader 'name relatives' network implied across region.,2026-07-06T10:20:25.507571+00:00
1284,/san_marshall_259_sv,SouthernAfrica,san,ego,kin_role,anyone who has the name of his parents or offspring,kin_role,kinship,Text marks name-relatives as a category with joking allowed between ego and persons sharing parents'/offspring's names.,The fourth category comprises certain name-relatives. Ego should not marry (1) anyone who has the name of his parents or offspring;,name-relative (parent/offspring name),,symmetric,joking_relationship,0.8,,2026-07-06T10:20:37.558367+00:00
1285,/san_marshall_259_sv,SouthernAfrica,san,ego,kin_role,"the parent, offspring, or sibling of opposite sex of anyone who has the same name as ego",kin_role,kinship,Text explicitly lists these as a fourth category of name-relatives tied to marriage and joking permissions.,"Ego should not marry (2) the parent, offspring, or sibling of opposite sex of anyone who has the same name as ego;",name-relative (relatives of same-name person),,symmetric,joking_relationship,0.75,,2026-07-06T10:20:37.558367+00:00
1286,/san_marshall_259_sv,SouthernAfrica,san,ego,kin_role,anyone who has the same name as ego's spouse's parent or ego's son's or daughter's spouse,kin_role,kinship,"Text includes these specific name-based relatives in the same category, indicating patterned joking/licensed familiarity.",Ego should not marry (3) anyone who has the same name as ego's spouse's parent or ego's son's or daughter's spouse.,name-relative (spouse's parent/child's spouse name),,symmetric,joking_relationship,0.75,Asterisks in the document indicate varying allowances for joking in these name-relationships; specifics not given for each subcase.,2026-07-06T10:20:37.558367+00:00
1287,/san_marshall_260_sv,SouthernAfrica,san,cousins,kin_role,cousins,kin_role,kinship,Text states the system allows joking with cousins though marriage is prohibited; this is a recurrent kinship-patterned liberty.,"I believe that the system's allowing joking with cousins, although it prohibits marriage with them, may mitigate the force of the incest taboo and accounts to some extent for the tolerance toward the breakers of this rule.",joking allowed with cousins,,symmetric,joking_relationship,0.8,,2026-07-06T10:20:43.014813+00:00
1288,/san_marshall_261_sv,SouthernAfrica,san,men who are name-relatives (pre-marriage),kin_role,women who are name-relatives (pre-marriage),kin_role,kinship,Text describes recurrent joking between name‑relatives applied before preferred marriages.,In preferred marriages the man and women are name-relatives who have had the joking relationship before marriage and have applied to each other the terms !gun!a and tũn.,!gun!a and tũn,!gun!a; tũn,symmetric,joking_relationship,0.95,,2026-07-06T10:20:49.519182+00:00
1289,/san_marshall_262_sv,SouthernAfrica,san,husband,kin_role,wife,kin_role,kinship,Text states marriage confers a joking relationship between husband and wife.,and adjusts the joking status by giving to husband and wife the joking relationship as soon as marriage takes place.,joking relationship,,symmetric,joking_relationship,0.9,,2026-07-06T10:21:06.544154+00:00
1290,/san_marshall_262_sv,SouthernAfrica,san,Ego,kin_role,BrWi,kin_role,kinship,Author explicitly says ego has joking relationship with the named affine BrWi.,Marriage with a WiSi or HuBr is also highly approved. Ego has had the joking relationship with these affines.,joking relationship,,symmetric,joking_relationship,0.85,BrWi listed earlier as an approved affine; exact abbreviation copied as in text.,2026-07-06T10:21:06.544154+00:00
1291,/san_marshall_262_sv,SouthernAfrica,san,Ego,kin_role,WiSi,kin_role,kinship,Text pairs ego with WiSi among affines with which ego has joking relations.,Marriage with a WiSi or HuBr is also highly approved. Ego has had the joking relationship with these affines.,joking relationship,,symmetric,joking_relationship,0.85,,2026-07-06T10:21:06.544154+00:00
1292,/san_marshall_262_sv,SouthernAfrica,san,Ego,kin_role,HuBr,kin_role,kinship,Author explicitly links ego's joking relationship to the affine category HuBr.,Marriage with a WiSi or HuBr is also highly approved. Ego has had the joking relationship with these affines.,joking relationship,,symmetric,joking_relationship,0.85,,2026-07-06T10:21:06.544154+00:00
1293,/san_marshall_263_sv,SouthernAfrica,san,co-wives,kin_role,co-wives,kin_role,kinship,Text states co-wives have a recurring joking relationship and use special kin terms for each other.,"Marriage to the same man gives co-wives the joking relationship, and they do not observe the sitting or the name avoidance, though they may have observed those avoidances and may have avoided joking before marriage. Co-wives apply the kin terms !kwi or tsĩ (sister) to each other, or, if they have the same name, they apply the terms !gun!a and !guma.",joking relationship,!kwi; tsĩ; !gun!a; !guma; !gwa di,symmetric,joking_relationship,0.9,,2026-07-06T10:21:12.637687+00:00
1294,/san_marshall_265_1965_sv,SouthernAfrica,san,old men,kin_role,the girl,kin_role,kinship,Text explicitly names a culturally recognized joking relationship between old men and the girl during menstruation rites.,"The two old men should be free from even the most attenuated, symbolic extension of the incest taboo with respect to the girl, and it follows that they should have what is called the joking relationship with her.",joking relationship,,symmetric,joking_relationship,0.95,,2026-07-06T10:21:16.803215+00:00
1295,/san_marshall_275_1965_sv,SouthernAfrica,san,wife's brother's wife,kin_role,husband's sister's husband,kin_role,kinship,Text links marriage prohibition to a recurring 'joking relationship' between these affinal kin roles.,Marriage with the wife's brother's wife or the husband's sister's husband is also forbidden; the reason for this lies in a complexity of the joking relationship.,,,unclear,joking_relationship,0.6,Document names the joking relationship as the reason for prohibition but does not specify directional or symmetric privileges.,2026-07-06T10:21:24.447831+00:00
1296,/san_marshall_278_sv,SouthernAfrica,san,kinswoman,kin_role,bride,kin_role,kinship,Text names a culturally recognized 'joking relationship' held by kinswomen toward the bride in wedding rules.,"Any kinswoman (preferably a young one) who is tall enough and strong enough, whether she herself is married or not, and whether or not she has the joking relationship with the bride, may carry the bride and any may attend her.",joking relationship,,unclear,joking_relationship,0.8,,2026-07-06T10:21:34.519749+00:00
1297,/san_marshall_278_sv,SouthernAfrica,san,guest of mature years,group,bride,kin_role,kinship,Guests' permissive seating depends on having a recurrent 'joking relationship' with the bride (institutionalized teasing/licensed familiarity).,Guests of mature years might go and sit by the wedding fire only if they have the joking relationship with both the bride and the groom.,joking relationship,,unclear,joking_relationship,0.8,,2026-07-06T10:21:34.519749+00:00
1298,/san_marshall_278_sv,SouthernAfrica,san,guest of mature years,group,groom,kin_role,kinship,Text specifies guests need a culturally recognized joking relationship with the groom to sit by the wedding fire.,Guests of mature years might go and sit by the wedding fire only if they have the joking relationship with both the bride and the groom.,joking relationship,,unclear,joking_relationship,0.8,,2026-07-06T10:21:34.519749+00:00
1299,/san_marshall_290_sv,SouthernAfrica,san,Men,group,women,group,within_group,Text states men and women make jokes in recurrent joking relationships about sexual matters.,"As far as we know, only two general subjects are avoided in conversation. Men and women do not discuss sexual matters openly together except as they make jokes in the joking relationships.",joking relationships,,symmetric,joking_relationship,0.9,,2026-07-06T10:21:38.474484+00:00
1300,/san_marshall_294_sv,SouthernAfrica,san,Men,group,Women,group,within_group,Text describes a culturally recognized recurrent joking relationship practiced between men and women.,"In view of this, the joking relationship has its interesting side. Men and women who have the joking relationship insult each other in a facetious way and also point out actual faults or remark on actual episodes which embarrass a person.",joking relationship,,symmetric,joking_relationship,0.8,,2026-07-06T10:21:42.827092+00:00
1301,/san_marshall_339_1959_sv,SouthernAfrica,san,Parents,kin_role,Offspring,kin_role,kinship,Text states parents and offspring must never make sexual jokes and observe avoidances—an institutionalized kinship avoidance.,"About 18 inches is a minimum but is sufficient. The taboo is applied without sex differentiation: men must not sit near men or women, or women near women or men if they do not have the joking relationship. (3) With the exception of siblings of any age, the same persons who avoid joking avoid using each other's names in direct address. They use a kin term instead or the men may use a respect term for each other—!nau, ‘old man’. (4) Brothers and sisters do not sit near each other when they reach adolescence and, after marriage, when they have dwelling-places of their own, do not enter each other's scherms (shelters). (5) Parents and SoWi and DaHu, in addition to observing the joking, sitting, and name avoidances, do not enter each other's scherms and do not speak to each other in the first few years of their affinal relationship.",,,symmetric,avoidance,0.9,Combined quotes include multiple sentences mentioning parents must never make sexual jokes and general avoidances; explicit statement 'must never make sexual jokes' appears earlier in section.,2026-07-06T10:22:08.088034+00:00
1302,/san_marshall_339_1959_sv,SouthernAfrica,san,Parents and SoWi and DaHu,kin_role,Children-in-Law,kin_role,kinship,"Text describes parents and sons-/daughters-in-law (SoWi and DaHu) observing joking, sitting, and name avoidances and not speaking—institutionalized in-law avoidance.","Parents-In-Law And Children-In-Law

...
(5) Parents and SoWi and DaHu, in addition to observing the joking, sitting, and name avoidances, do not enter each other's scherms and do not speak to each other in the first few years of their affinal relationship. They are the only persons in !Kung society who must avoid speaking together.",,SoWi and DaHu,symmetric,avoidance,0.95,SoWi and DaHu appear as indigenous terms for affinal roles; relationship described as mutual avoidance.,2026-07-06T10:22:08.088034+00:00
1303,/san_marshall_339_1959_sv,SouthernAfrica,san,Brothers,kin_role,Sisters,kin_role,kinship,Text states brothers and sisters do not sit near each other at adolescence and avoid entering each other's shelters—institutionalized sibling avoidance.,"(4) Brothers and sisters do not sit near each other when they reach adolescence and, after marriage, when they have dwelling-places of their own, do not enter each other's scherms (shelters).",,,symmetric,avoidance,0.9,,2026-07-06T10:22:08.088034+00:00
1304,/san_marshall_340_1959_sv,SouthernAfrica,san,ego,person,members of the nuclear family and certain consanguineous relatives,kin_role,kinship,Text explicitly links joking relationship to nuclear/consanguineous relatives ('one people').,"And, although they must not direct sexual jokes or insults to each other, they may laugh as heartily when they overhear the jokes as relatives do who have the joking relationship together.
The !Kung use the expression ‘We are one people’ when they refer to certain consanguineous relatives—e.g. any lineal kin and the close collaterals listed in Fig. 2",,,symmetric,joking_relationship,0.8,,2026-07-06T10:22:17.122795+00:00
1305,/san_marshall_341_1959_sv,SouthernAfrica,san,ego,kin_role,siblings of parents (kin likened to parents' generation),kin_role,kinship,"Text says joking follows same rules with kin likened to parents' generation, a recurrent kinship-patterned liberty.","The kin who are likened, by being of the same generation, to his parents, to his offspring, and to his siblings, are those to whom a !Kung feels the marriage Regulation Of Marriage regulations are particularly directed. ... Joking is allowed or not as it is with ego's kin in these generations.",joking allowed with kin likened to parents' generation,,unclear,joking_relationship,0.85,Entities framed as kin-role categories; symmetry not explicitly stated.,2026-07-06T10:22:29.441325+00:00
1306,/san_marshall_341_1959_sv,SouthernAfrica,san,ego,kin_role,nephews and nieces (kin likened to offspring generation),kin_role,kinship,"Document links joking permissions to kin likened to one's offspring generation, indicating institutionalized kin joking.","Siblings of parents are ‘like’ parents, cousins are ‘like’ siblings, nephews and nieces are ‘like’ offspring. ... Joking is allowed or not as it is with ego's kin in these generations.",joking allowed with kin likened to offspring generation,,unclear,joking_relationship,0.8,,2026-07-06T10:22:29.441325+00:00
1307,/san_marshall_341_1959_sv,SouthernAfrica,san,ego,kin_role,parents of ego's SoWi and DaHu,kin_role,kinship,"Text explicitly states ego may joke with these affines, marking a culturally recognized joking tie.","Parents of ego's SoWi and DaHu are terminologically of ego's generation and he may joke with them but he must not marry them, for that would make his Regulation Of Marriage So and SoWi or Da and DaHu stepbrother and stepsister to each other, which would be most awkward.",may joke with (affines),,unclear,joking_relationship,0.9,SoWi and DaHu are affinal kin-terms from text; parents of these affines are treated as ego's generation.,2026-07-06T10:22:29.441325+00:00
1308,/san_marshall_342_1959_sv,SouthernAfrica,san,ego,person,WiSi,kin_role,kinship,Text explicitly states ego has a joking relationship with WiSi as an affine (kin-based pattern).,"Throughout the whole system (except among remote name relatives), ego maintains the same joking status with both members of a married couple, for example, with FaBr and FaBrWi, WiSi and WiSiHu, &c.",joking relationship,,symmetric,joking_relationship,0.95,,2026-07-06T10:22:49.161060+00:00
1309,/san_marshall_342_1959_sv,SouthernAfrica,san,ego,person,HuBr,kin_role,kinship,Author explains ego 'feels like' his WiSiHu and treats related affines (HuBr) with joking status—kin-based institutional pattern.,"Marriages with HuBr or WiSi are highly preferred marriages. This makes ≠Toma ‘feel like’ his WiSiHu, he said, even though he is not married to her, and, as a result, his WiSiDa seems to him like his own daughter.",joking relationship,,symmetric,joking_relationship,0.9,,2026-07-06T10:22:49.161060+00:00
1310,/san_marshall_342_1959_sv,SouthernAfrica,san,ego,person,FaBr,kin_role,kinship,Text names FaBr as an example where ego maintains joking status with married couple members (FaBr and FaBrWi).,"Throughout the whole system (except among remote name relatives), ego maintains the same joking status with both members of a married couple, for example, with FaBr and FaBrWi, WiSi and WiSiHu, &c.",joking relationship,,symmetric,joking_relationship,0.95,,2026-07-06T10:22:49.161060+00:00
1311,/san_marshall_342_1959_sv,SouthernAfrica,san,ego,person,FaBrWi,kin_role,kinship,FaBrWi is explicitly paired with FaBr as both receiving the same joking status from ego (institutionalized kin joking).,"Throughout the whole system (except among remote name relatives), ego maintains the same joking status with both members of a married couple, for example, with FaBr and FaBrWi, WiSi and WiSiHu, &c.",joking relationship,,symmetric,joking_relationship,0.95,,2026-07-06T10:22:49.161060+00:00
1312,/san_marshall_342_1959_sv,SouthernAfrica,san,ego,person,WiSiHu,kin_role,kinship,WiSiHu is cited as an example of the married couple member who shares joking status with WiSi toward ego.,"Throughout the whole system (except among remote name relatives), ego maintains the same joking status with both members of a married couple, for example, with FaBr and FaBrWi, WiSi and WiSiHu, &c.",joking relationship,,symmetric,joking_relationship,0.95,,2026-07-06T10:22:49.161060+00:00
1313,/san_marshall_342_1959_sv,SouthernAfrica,san,ego,person,WiBrWi,kin_role,kinship,Text states ego is constrained from joking with WiBrWi and thus avoidance is an institutional rule linked to marriage prohibitions.,"In the sibling category among affines ego is prohibited from marrying only WiBrWi or HuSiHu. ... As we list ego's siblings and affines in Fig. 4 we see that WiBrWi and HuSiHu are the only ones whose sex is opposite to ego's, making marriage possible, but with whom ego is constrained from joking because he does not joke with his WiBr or HuSi, according the same joking status to both members of a married couple.",avoidance / constrained from joking,,symmetric,avoidance,0.9,,2026-07-06T10:22:49.161060+00:00
1314,/san_marshall_342_1959_sv,SouthernAfrica,san,ego,person,HuSiHu,kin_role,kinship,HuSiHu is explicitly identified as a kin-role with which ego is constrained from joking (institutionalized avoidance tied to incest rules).,"In the sibling category among affines ego is prohibited from marrying only WiBrWi or HuSiHu. ... As we list ego's siblings and affines in Fig. 4 we see that WiBrWi and HuSiHu are the only ones whose sex is opposite to ego's, making marriage possible, but with whom ego is constrained from joking because he does not joke with his WiBr or HuSi, according the same joking status to both members of a married couple.",avoidance / constrained from joking,,symmetric,avoidance,0.9,,2026-07-06T10:22:49.161060+00:00
1315,/san_marshall_343_1959_sv,SouthernAfrica,san,ego,kin_role,name relatives classified as grandparents,kin_role,kinship,"Text states ego may joke with name-relatives classified as grandparents; this is recurrent, culturally patterned.","They may joke with name relatives whose names classify them with grandparents, a sibling of the same sex, or the spouse.",may joke,name relationship,symmetric,joking_relationship,0.9,,2026-07-06T10:22:59.281517+00:00
1316,/san_marshall_343_1959_sv,SouthernAfrica,san,ego,kin_role,name relatives classified as a sibling of the same sex,kin_role,kinship,"Ethnographer describes allowed, recurrent joking with same-sex siblings among name-relatives.","They may joke with name relatives whose names classify them with grandparents, a sibling of the same sex, or the spouse.",may joke,name relationship,symmetric,joking_relationship,0.9,,2026-07-06T10:22:59.281517+00:00
1317,/san_marshall_343_1959_sv,SouthernAfrica,san,ego,kin_role,name relatives classified as the spouse,kin_role,kinship,Text explicitly lists spouse-classified name-relatives as ones with whom ego may joke; culturally patterned.,"They may joke with name relatives whose names classify them with grandparents, a sibling of the same sex, or the spouse.",may joke,name relationship,symmetric,joking_relationship,0.9,,2026-07-06T10:22:59.281517+00:00
1318,/san_marshall_345_1959_sv,SouthernAfrica,san,name relatives (man),kin_role,name relatives (woman),kin_role,kinship,Text says preferred marriages occur when name relatives had an established joking relationship before marriage.,In preferred marriages the man and woman are name relatives who have had the joking relationship before marriage and have applied to each other the terms !gu!na and tũn.,!gu!na and tũn,!gu!na; tũn,symmetric,joking_relationship,0.9,,2026-07-06T10:23:13.844199+00:00
1319,/san_marshall_345_1959_sv,SouthernAfrica,san,Ego,person,BrWi,kin_role,kinship,Text explicitly states Ego has had the joking relationship with this affinal role.,"A man is expected to take care of his BrWi should she need his care, even though he is not required to marry her. ... Ego has had the joking relationship with these affines.",,,symmetric,joking_relationship,0.85,BrWi = brother's wife (affine); quoted sentence spans mention of duty and joking relationship with affines.,2026-07-06T10:23:13.844199+00:00
1320,/san_marshall_345_1959_sv,SouthernAfrica,san,Ego,person,WiSi,kin_role,kinship,"Author states Ego has had the joking relationship with these affines, including WiSi.",Marriage with a WiSi or HuBr is also highly approved. Ego has had the joking relationship with these affines.,,,symmetric,joking_relationship,0.85,WiSi is presented as an affinal role (husband of sister); joking relation applies to these affines.,2026-07-06T10:23:13.844199+00:00
1321,/san_marshall_345_1959_sv,SouthernAfrica,san,Ego,person,HuBr,kin_role,kinship,Text groups HuBr among affines with whom Ego has a joking relationship.,Marriage with a WiSi or HuBr is also highly approved. Ego has had the joking relationship with these affines.,,,symmetric,joking_relationship,0.85,HuBr is an affinal kin role listed alongside WiSi; joking relationship referenced collectively.,2026-07-06T10:23:13.844199+00:00
1322,/san_marshall_346_1959_sv,SouthernAfrica,san,co-wives,kin_role,each other (co-wives of the same man),kin_role,kinship,Text states marriage to same man creates an institutionalized joking relationship between co-wives.,"Marriage to the same man gives co-wives the joking relationship, and they do not observe the sitting or the name avoidance, though they may have avoided each other before marriage.",joking relationship,!Kwi,symmetric,joking_relationship,0.9,,2026-07-06T10:23:19.981705+00:00
1323,/san_marshall_354_1959_sv,SouthernAfrica,san,men who have the joking relationship,group,other men who have the joking relationship,group,within_group,Text names a culturally recognized recurrent joking relationship practiced among men teasing each other about hunting/women.,"Too frequent indulgence in sexual intercourse with one's wife, even when no hunt is in progress, is believed to diminish a man's hunting power. Some men believed that once in five nights was best; others thought once in three nights was all right. Men who have the joking relationship constantly play upon the theme of excess, taunting each other: ‘You do not know hunting, you know women’, ‘You cannot leave your wife long enough to hunt.’",joking relationship,,symmetric,joking_relationship,0.6,"Ethnographer describes recurrent, sanctioned taunting among men; text does not specify kin roles or named lineages.",2026-07-06T10:23:28.456889+00:00
1324,/san_marshall_356_1959_sv,SouthernAfrica,san,kinswoman,kin_role,bride,kin_role,kinship,Text describes culturally recognized joking relation between kinswomen and the bride in wedding ritual.,"Any (preferably young) kinswoman who is tall enough and strong enough, whether she herself is married or not, and whether or not she has the joking relation with the bride, may carry the bride; and any may attend her.",joking relation,,symmetric,joking_relationship,0.9,,2026-07-06T10:23:39.114154+00:00
1325,/san_marshall_356_1959_sv,SouthernAfrica,san,guest,group,bride,kin_role,within_group,Guests are admitted to sit by the wedding fire only if they hold a joking relationship with the bride.,Guests of mature years might go and sit by the wedding fire only if they have the joking relationship with both the bride and the groom.,joking relationship,,symmetric,joking_relationship,0.85,,2026-07-06T10:23:39.114154+00:00
1326,/san_marshall_356_1959_sv,SouthernAfrica,san,guest,group,groom,kin_role,within_group,Guests are admitted to wedding proximity only if they have a culturally recognized joking relation with the groom.,Guests of mature years might go and sit by the wedding fire only if they have the joking relationship with both the bride and the groom.,joking relationship,,symmetric,joking_relationship,0.85,,2026-07-06T10:23:39.114154+00:00
1327,/san_shostak_269_sv,SouthernAfrica,san,the men of the village,group,girls approaching puberty,age_set,within_group,"Recurring, culturally patterned teasing by village men toward adolescent girls during maturation rituals.","As a girl begins to mature, the men of the village offer running commentaries on the changes in her body—obvious in a culture where the breasts are not covered—and joke about wanting to marry her or to run away with her.",,,symmetric,joking_relationship,0.7,"Pattern described as recurrent and culturally normative; females respond with laughter, indicating licensed teasing.",2026-07-06T10:23:54.393805+00:00
1328,/san_shostak_306_sv,SouthernAfrica,san,a young woman,age_set,an older woman,age_set,within_group,"Text describes recurrent, culturally recognized teasing between younger and older women as a joking relationship.","Between two people who have a joking relationship, the following scene might transpire. A young woman walks into the village with a bright strand of beads around her neck. An older woman sees them and jokes, “Oh, those beads are already mine! Your past stinginess is going to be turned around today!”",joking relationship,,symmetric,joking_relationship,0.7,,2026-07-06T10:24:05.302934+00:00
1329,/san_shostak_306_sv,SouthernAfrica,san,in-laws,kin_role,respect relationship (older woman and her target),kin_role,kinship,Describes patterned teasing/laments between in-laws (a kin-based 'respect relationship') leading to reciprocal gift exchanges.,"If the two women are in-laws and have a respect relationship, the situation will be somewhat different. The older woman might sit in her hut and talk loudly to herself: “Does youth need anything to make it beautiful? How is it no one helps this old woman's heart feel young again?”",respect relationship,,unclear,joking_relationship,0.8,Text frames this as a culturally patterned interaction between affinal kin rather than casual individual joking.,2026-07-06T10:24:05.302934+00:00
1330,/san_silberbauer_143_1981_sv,SouthernAfrica,san,cross-cousins of the same sex and approximate age,kin_role,ego (reciprocal dyadic partner),kin_role,kinship,Text states cross-cousins of same sex/age are ideally close and free—patterned joking ties between kin roles.,There is a gradation of decreasing reserve in joking relationships. Behavior toward one's grandparents lacks many of the restraints of relationships with one's parents but is less free than that between cross-cousins of the same sex and approximate age. The last is ideally close and friendly.,joking relationship,,symmetric,joking_relationship,0.9,,2026-07-06T10:24:27.419146+00:00
1331,/san_silberbauer_143_1981_sv,SouthernAfrica,san,grandparents,kin_role,grandchildren,kin_role,kinship,"Text explicitly contrasts grandparents–grandchildren as less restrained, indicating a recurrent kin-based joking/affection relationship.",There is a gradation of decreasing reserve in joking relationships. Behavior toward one's grandparents lacks many of the restraints of relationships with one's parents but is less free than that between cross-cousins of the same sex and approximate age.,joking relationship (less restrained),,symmetric,joking_relationship,0.9,,2026-07-06T10:24:27.419146+00:00
1332,/san_silberbauer_143_1981_sv,SouthernAfrica,san,same-sex siblings,kin_role,each other (sibling dyad),kin_role,kinship,"Author states all kin are joking except parents and opposite-sex siblings, implying same-sex siblings occupy joking relations.","In general, all kin are in a joking relationship except one's parents and opposite-sex siblings and their classificatory and fictional equivalents, who are in the avoidance/respect category.",joking relationship,,symmetric,joking_relationship,0.85,Entity_b uses phrasing 'each other' to indicate dyadic reciprocal relation among same-sex siblings.,2026-07-06T10:24:27.419146+00:00
1333,/san_silberbauer_144_1981_sv,SouthernAfrica,san,Ego,kin_role,babama (grandfather),kin_role,kinship,List explicitly labels grandfather among 'terms in a joking relationship' with Ego; kinship-based.,"The terms in a joking relationship are:

babama (grandfather)",joking relationship,babama,symmetric,joking_relationship,0.9,,2026-07-06T10:24:45.688972+00:00
1334,/san_silberbauer_144_1981_sv,SouthernAfrica,san,Ego,kin_role,mamasa (grandmother),kin_role,kinship,Grandmother explicitly listed among 'terms in a joking relationship' with Ego; kinship-based.,"The terms in a joking relationship are:

mamasa (grandmother)",joking relationship,mamasa,symmetric,joking_relationship,0.9,,2026-07-06T10:24:45.688972+00:00
1335,/san_silberbauer_144_1981_sv,SouthernAfrica,san,Ego,kin_role,"n//odima (grandson, male cross-cousin)",kin_role,kinship,Text lists male cross-cousin (n//odima) among joking relationship terms; clearly kin-based.,"The terms in a joking relationship are:

n//odima (grandson, male cross-cousin)",joking relationship,n//odima,symmetric,joking_relationship,0.9,,2026-07-06T10:24:45.688972+00:00
1336,/san_silberbauer_144_1981_sv,SouthernAfrica,san,Ego,kin_role,"n//odisa (granddaughter, female cross-cousin)",kin_role,kinship,Female cross-cousin (n//odisa) specifically included in joking relationship list; kinship institution.,"The terms in a joking relationship are:

n//odisa (granddaughter, female cross-cousin)",joking relationship,n//odisa,symmetric,joking_relationship,0.9,,2026-07-06T10:24:45.688972+00:00
1337,/san_silberbauer_144_1981_sv,SouthernAfrica,san,Ego,kin_role,"g≠wa'usa (sister-in-law, potential wife)",kin_role,kinship,Sister-in-law/potential wife term listed among joking relationships; recurrent culturally patterned kin tie.,"The terms in a joking relationship are:

g≠wa'usa (sister-in-law, potential wife)",joking relationship,g≠wa'usa,symmetric,joking_relationship,0.9,Text notes masculine equivalent g≠wa'uma used for female ego; still institutionalized.,2026-07-06T10:24:45.688972+00:00
1338,/san_silberbauer_144_1981_sv,SouthernAfrica,san,Ego,kin_role,gjiba:xuma (younger brother),kin_role,kinship,Younger brother term explicitly included in joking relationship list; kin-based patterned teasing.,"The terms in a joking relationship are:

gjiba:xuma (younger brother)",joking relationship,gjiba:xuma,symmetric,joking_relationship,0.9,,2026-07-06T10:24:45.688972+00:00
1339,/san_silberbauer_144_1981_sv,SouthernAfrica,san,Ego,kin_role,gija:xuma (elder brother),kin_role,kinship,Elder brother appears in the enumerated joking relationship terms; kinship institutional tie.,"The terms in a joking relationship are:

gija:xuma (elder brother)",joking relationship,gija:xuma,symmetric,joking_relationship,0.9,,2026-07-06T10:24:45.688972+00:00
1340,/san_silberbauer_145_1981_sv,SouthernAfrica,san,Ego,kin_role,ancestors and descendants,kin_role,kinship,Text explicitly names joking (+) relationships between Ego and ancestors/descendants tied to kinship roles.,"Figure 9. Joking (+) and avoidance/respect (−) relationships between Ego and Kin Relationships
Ego's ancestors and descendants. (∫ = s.)",,,unclear,joking_relationship,0.6,Figure referenced; specific directionality or which ancestors/descendants joke not specified in excerpt.,2026-07-06T10:25:00.770790+00:00
1341,/san_silberbauer_145_1981_sv,SouthernAfrica,san,Ego,kin_role,siblings and offspring,kin_role,kinship,The text states joking (+) and avoidance/respect (−) relationships between Ego and siblings/offspring.,"Figure 10. Joking (+) and avoidance/respect (−) relationships between and
Ego's siblings and offspring. (∫ = s; (ɔ) = o.)",,,unclear,joking_relationship,0.6,Excerpt references a figure; exact patterned pairs (e.g. older vs younger sibling) are indicated but not fully detailed here.,2026-07-06T10:25:00.770790+00:00
1342,/san_silberbauer_145_1981_sv,SouthernAfrica,san,Ego,kin_role,patrilineal kin,kin_role,kinship,Figure caption notes joking and avoidance/respect relationships between Ego and patrilineal kin.,"Figure 11. Joking (+) and avoidance/respect (−) relationships between and
Ego's patrilineal kin. Gijaxu- denotes older sibling; gjibaxu- den younger
sibling. (∫ = s; (ɔ) = o.)",,,unclear,joking_relationship,0.6,Patrilineal sibling distinctions are mentioned but the excerpt lacks full pairwise mappings.,2026-07-06T10:25:00.770790+00:00
1343,/san_silberbauer_145_1981_sv,SouthernAfrica,san,Ego,kin_role,matrilineal kin,kin_role,kinship,Figure caption names joking (+) and avoidance/respect (−) ties between Ego and matrilineal kin.,"Figure 12. Joking (+) and avoidance/respect (−) relationships between and
Ego's matrilineal kin. Gijaxu- denotes older sibling; gjibaxu- der younger
sibling. (∫ = s; (ɔ) = o.)",,,unclear,joking_relationship,0.6,Matrilineal sibling distinctions referenced; details of which specific relatives joke are not included in excerpt.,2026-07-06T10:25:00.770790+00:00
1344,/san_silberbauer_145_1981_sv,SouthernAfrica,san,kinsman (quasi-kin),kin_role,kinsman (term-tied status within triad),kin_role,kinship,Text describes assumed quasi-kin joking/respect roles among kin-of-kin producing congruent joking triangles.,"An individual may assume a quasi- kinship relationship with a hitherto unrelated person who is kin
... The joking/respect roles in the triad are determined by the respective kinship links, in keeping with term-tied statuses, and work out as congruent triangles.",,,mixed,joking_relationship,0.6,Refers to patterned joking among triads formed by kin-of-kin extension; exact unit names not provided.,2026-07-06T10:25:00.770790+00:00
1345,/san_silberbauer_147_1981_sv,SouthernAfrica,san,Ego,kin_role,his cross-cousins,kin_role,kinship,Text states Ego has a recurring joking relationship with his cross-cousins; clearly kinship-based.,The principles of congruency and of alternating generations are both conditionally negated by the fact that Ego has joking relationships both with his cross-cousins and with their parents.,joking relationships,,symmetric,joking_relationship,0.9,,2026-07-06T10:25:12.317305+00:00
1346,/san_silberbauer_147_1981_sv,SouthernAfrica,san,Ego,kin_role,their parents,kin_role,kinship,"Author explicitly notes Ego has joking relations with the parents of his cross-cousins, with local terms given.",The principles of congruency and of alternating generations are both conditionally negated by the fact that Ego has joking relationships both with his cross-cousins and with their parents.,babama and mamasa (joking relatives),"babama, mamasa",symmetric,joking_relationship,0.9,"Text also explains these parents become in-laws (ba:/wima, gje:/wisa) and shift to avoidance after marriage; avoidance not extracted as joking.",2026-07-06T10:25:12.317305+00:00
1347,/san_silberbauer_149_sv,SouthernAfrica,san,n//odima,kin_role,n//odisa,kin_role,kinship,Text identifies the n//odima–n//odisa (cross-cousin) pair as a culturally recognized joking relationship.,"What did emerge was that all first marriages (as distinct from subsequent marriages of widowed or divorced persons) had been between boys and girls in a n//odima-n//odisa relationship, which is the terminological equivalent of cross-cousinship and, hence, placed the two in a joking relationship.",joking relationship,n//odima-n//odisa,symmetric,joking_relationship,0.9,,2026-07-06T10:25:19.449969+00:00
1348,/san_silberbauer_151_1981_sv,SouthernAfrica,san,a boy,kin_role,"babama (MB, FZH)",kin_role,kinship,Text states boy and babama are 'joking kin' prior to becoming avoidance affines.,"According to my informants, a boy would treat his babama (MB, FZH) and his ma:sa (fz, mbw) as avoidance kin as soon as he began to court their daughter, anticipating their conversion from joking kin to avoidance affines by the fact of his marrying their daughter.",joking kin,,symmetric,joking_relationship,0.9,,2026-07-06T10:25:29.476994+00:00
1349,/san_silberbauer_151_1981_sv,SouthernAfrica,san,a boy,kin_role,"ma:sa (fz, mbw)",kin_role,kinship,Text explicitly identifies boy and ma:sa as joking kin before conversion to avoidance affines.,"According to my informants, a boy would treat his babama (MB, FZH) and his ma:sa (fz, mbw) as avoidance kin as soon as he began to court their daughter, anticipating their conversion from joking kin to avoidance affines by the fact of his marrying their daughter.",joking kin,,symmetric,joking_relationship,0.9,,2026-07-06T10:25:29.476994+00:00
1350,/san_silberbauer_156_1981_sv,SouthernAfrica,san,the offending husband or wife,person,his or her joking partners,group,within_group,Text reports culturally recognized public teasing by 'joking partners' of an adulterous spouse within the band.,"An adulterous spouse is quietly told by friends to mend his or her ways, or if it can be done without precipitating marital disaster, the offending husband or wife is publicly teased by his or her joking partners.",joking partners,,unclear,joking_relationship,0.8,Document names 'joking partners' but does not specify kin roles or named corporate units; coded as within_group patterned teasing.,2026-07-06T10:25:36.175347+00:00
1351,/san_silberbauer_161_1981_sv,SouthernAfrica,san,husband,kin_role,his wife's kin group,kin_role,kinship,"Text states a culturally recognized joking/respect status of husband within wife's kin, a recurring kinship-patterned relation.","The husband comes under the tutelage of his wife's father in a dependent role, which approximates that of a child in the family. The joking/respect status of the husband within his wife's kin group is the same as hers and vice versa.",joking/respect status,,symmetric,joking_relationship,0.9,,2026-07-06T10:25:43.693438+00:00
1352,/san_silberbauer_165_sv,SouthernAfrica,san,elder brother,kin_role,younger brother,kin_role,kinship,Text states same-sex siblings' relationship includes recurrent joking and respect.,"Consistent with this vicarious authority, the relationship between same-sex siblings before the younger attains independent status is a mixture of joking and respect.",,,symmetric,joking_relationship,0.9,,2026-07-06T10:25:55.671286+00:00
1353,/san_silberbauer_165_sv,SouthernAfrica,san,elder sister,kin_role,younger sister,kin_role,kinship,Same-sex sister pairs are described as having joking alongside respect and close bonds.,"Consistent with this vicarious authority, the relationship between same-sex siblings before the younger attains independent status is a mixture of joking and respect.",,,symmetric,joking_relationship,0.9,,2026-07-06T10:25:55.671286+00:00
1354,/san_silberbauer_165_sv,SouthernAfrica,san,junior sister,kin_role,young spouses,group,kinship,"Text explicitly calls the junior sister a 'joking partner' of the young spouses, a recurring kinship role.","A junior sister, by contrast, is a joking partner of both the young spouses and spends a good deal of time with them, reinforcing the bond of same-sex siblinghood.",,,symmetric,joking_relationship,0.95,,2026-07-06T10:25:55.671286+00:00
1355,/san_silberbauer_172_1981_sv,SouthernAfrica,san,≠ xwa:,person,N/udukhwe,person,kinship,Text describes recurrent licensed criticism between classificatory brothers; joking relationship anchored in kin role.,“There are men so mean as to deny meat to a gjiba:xuma [younger brother] who has helped all day with work.” ... (≠ xwa: and N/udukhwe were classificatory brothers).,joking relationship,,symmetric,joking_relationship,0.9,,2026-07-06T10:26:03.918111+00:00
1356,/san_silberbauer_173_1981_sv,SouthernAfrica,san,joking partners,group,migrants,group,within_group,Text shows culturally patterned teasing by 'joking partners' used to publically pressure migrants within the band.,"His joking partners sniped away at him without result, but matters came to a head over some arrows he had borrowed without returning and his refusal to make any gifts of meat to the owner, contrary to custom.",joking partners,,non_symmetric,joking_relationship,0.9,Patterned teasing used instrumentally to 'ease out' offenders; migrants were the recurring targets in this example.,2026-07-06T10:26:17.414300+00:00
1357,/san_silberbauer_173_1981_sv,SouthernAfrica,san,N/udukhwe,person,classificatory elder brother,kin_role,kinship,"Verbal duel context describes interaction with a classificatory elder brother, indicating a patterned kin-role verbal relationship.",N/udukhwe had shown restraint toward his classificatory elder brother by addressing his complaint to a third party and avoiding direct confrontation.,,,non_symmetric,joking_relationship,0.6,"Passage implies recurrent, role-based verbal duel behavior between classificatory siblings; example involves a named person.",2026-07-06T10:26:17.414300+00:00
1358,/san_silberbauer_180_1981_sv,SouthernAfrica,san,visiting band,group,home band,group,within_group,Text reports recurrent joking partners across band boundaries within band alliances.,"Having numerical superiority and also a generally “pushing” manner, they dominated the home band after a few weeks. The remarks of joking partners across band boundaries became more and more pointed, cooperative ventures virtually ceased, and games, dances, and discussion increasingly became one-band occasions.",,,mixed,joking_relationship,0.9,Extracted as band-level joking partnership within the same society's inter-band alliances; visitors vs. home band roles implied.,2026-07-06T10:26:25.810918+00:00
1359,/san_silberbauer_236_1981_sv,SouthernAfrica,san,joking relative,kin_role,avoidance relatives,kin_role,kinship,Text contrasts culturally recognized 'joking' vs 'avoidance' kin with different borrowing liberties.,"Avoidance relatives may borrow “general use” artifacts after asking permission, but a joking relative may borrow without the formality of a request.",licensed liberties / borrowing without formality,,unclear,joking_relationship,0.9,The passage frames 'joking relative' as an institutionalized kin role contrasted with 'avoidance relatives' regarding permitted familiar behavior.,2026-07-06T10:26:33.327333+00:00
1360,/san_silberbauer_238_1981_sv,SouthernAfrica,san,joking relatives,kin_role,joking relatives,kin_role,kinship,"Text describes recurring, obligated teasing/gifting between 'joking relatives' as a cultural institution tied to kin roles.","Joking relatives are obliged to grant each others' requests for goods and services and to give these priority over normal (i.e., other) exchange obligations.",joking relatives,,symmetric,joking_relationship,0.9,,2026-07-06T10:26:42.119310+00:00
1361,/san_silberbauer_254_1981_sv,SouthernAfrica,san,initiation mates,age_set,joking partners,group,within_group,"Text explicitly links initiation mates with a recurrent circle of joking partners, a culturally patterned exchange network.","This, then, is comparable with the generalized-balanced reciprocity that occurs in the circle of initiation mates, joking partners, and others.","circle of initiation mates, joking partners",,symmetric,joking_relationship,0.8,,2026-07-06T10:26:54.008935+00:00
1362,/san_silberbauer_296_1981_sv,SouthernAfrica,san,joking relatives,kin_role,joking partners,kin_role,kinship,"Text describes culturally patterned, recurrent teasing between kin-role 'joking relatives' as 'joking partners'.","In this context joking relatives function as feedback loops that provide an individual with information about others' reactions to his behavior, reducing randomness both in his behavior and his anticipation of its social consequences. The exchanges of joking partners include opportunity for making amends and for extending forgiveness, which, because it is a public performance, gives emotional comfort not only to the partners but to the whole band as well.",joking partners / joking relatives,,symmetric,joking_relationship,0.6,Document uses general kin-role categories rather than naming specific lineages or villages; coded as kinship-level institutionalized joking.,2026-07-06T10:27:03.131510+00:00
1363,/san_silberbauer_302_1981_sv,SouthernAfrica,san,one woman,kin_role,the husband of another,kin_role,kinship,"Text contrasts restricted speech toward another man's wife with greater freedom toward her husband, indicating institutionalized liberties.","Although I must be circumspect in my communicative behavior toward another man's wife, I am allowed considerable freedom when talking to her husband.",,,non_symmetric,joking_relationship,0.6,Document frames differential licensed liberties tied to kinship roles (restrained toward another's wife; freer with her husband).,2026-07-06T10:27:12.260191+00:00
1364,/san_silberbauer_310_1972_sv,SouthernAfrica,san,kin,kin_role,kin (permitted playmates),kin_role,kinship,Text states kin relationships are categorized into joking (ho:khwudi) allowing 'play' between kin.,"Relationships between kin are categorized as either joking (ho:khwudi) or avoidance (gjiukxekxu), and an individual distinguishes between those of his kin whom he should !ao (fear, respect) and those with whom he may “play.”",joking (ho:khwudi),ho:khwudi,unclear,joking_relationship,0.8,"Document gives a categorical institutionalized joking relationship among kin but does not specify particular kin roles (e.g., mother's brother, cross-cousin).",2026-07-06T10:27:19.336321+00:00
1365,/san_silberbauer_311_1972_sv,SouthernAfrica,san,ego,person,cross-cousins,kin_role,kinship,Text explicitly states cross-cousins are in the joking category with ego.,"There are some situations in which it does not operate, for example, both cross-cousins and their parents are in the joking category, but this is changed if ego marries his cross-cousin, in which case the latter's parents are transferred to the avoidance category.",joking category,,symmetric,joking_relationship,0.95,,2026-07-06T10:27:30.468749+00:00
1366,/san_silberbauer_311_1972_sv,SouthernAfrica,san,cross-cousins,kin_role,their parents,kin_role,kinship,Author states cross-cousins and their parents are both in the joking category (unless marriage alters it).,"There are some situations in which it does not operate, for example, both cross-cousins and their parents are in the joking category, but this is changed if ego marries his cross-cousin, in which case the latter's parents are transferred to the avoidance category.",joking category,,symmetric,joking_relationship,0.9,Text implies a culturally recognized joking tie between cross-cousins and the parents of those cross-cousins; marriage can convert parents to avoidance.,2026-07-06T10:27:30.468749+00:00
1367,/san_silberbauer_312_1972_sv,SouthernAfrica,san,ba:bama,kin_role,ego,kin_role,kinship,Text lists ba:bama among kin ‘in the joking category’ implying recurrent joking with ego; kinship-based.,"The following kin are in the joking category: 
ba:bama (patri- or matrilateral grandfather, spouse's grandfathers, FSiH, MBr)",joking category,ba:bama,symmetric,joking_relationship,0.9,,2026-07-06T10:27:44.314594+00:00
1368,/san_silberbauer_312_1972_sv,SouthernAfrica,san,ma:masa or ma:sa,kin_role,ego,kin_role,kinship,Listed as female counterpart in joking category with ego; recurrent kin-role joking.,"The following kin are in the joking category: 
ma:masa or ma:sa (female counterpart of ba:bama, including FSi, MBrW)",joking category,ma:masa or ma:sa,symmetric,joking_relationship,0.9,,2026-07-06T10:27:44.314594+00:00
1369,/san_silberbauer_312_1972_sv,SouthernAfrica,san,n//odima or n//odisa,kin_role,ego,kin_role,kinship,"Grandchildren listed as joking category, indicating patterned joking relation with ego generation.","The following kin are in the joking category: 
n//odima or n//odisa (grandchildren, the generation after g/wâ)",joking category,n//odima or n//odisa,symmetric,joking_relationship,0.9,,2026-07-06T10:27:44.314594+00:00
1370,/san_silberbauer_312_1972_sv,SouthernAfrica,san,g/wauma,kin_role,ego,kin_role,kinship,"g/wauma (WsiH) explicitly listed under joking kin, indicating institutionalized joking with ego.","The following kin are in the joking category: 
g/wauma (WsiH)",joking category,g/wauma,symmetric,joking_relationship,0.9,,2026-07-06T10:27:44.314594+00:00
1371,/san_silberbauer_312_1972_sv,SouthernAfrica,san,g/wausa,kin_role,ego,kin_role,kinship,"g/wausa (WSi, BrW) listed among joking kin, showing recurrent teasing role relative to ego.","The following kin are in the joking category: 
g/wausa (WSi, BrW)",joking category,g/wausa,symmetric,joking_relationship,0.9,,2026-07-06T10:27:44.314594+00:00
1372,/san_silberbauer_312_1972_sv,SouthernAfrica,san,siblings (same sex),kin_role,siblings (same sex),kin_role,kinship,Sentence states siblings of same sex are joking partners — a patterned kinship-based joking relation.,"Siblings, whether own or classificatory, are avoidance kin if of opposite sex and joking partners if of same sex.",joking partners,,symmetric,joking_relationship,0.95,,2026-07-06T10:27:44.314594+00:00
1373,/san_silberbauer_318_1972_sv,SouthernAfrica,san,band members,group,his joking partners,group,within_group,"Text describes recurrent, culturally used teasing by band members to correct offenders within the band.","If the expression of a band's decision against him does not mend an offender's ways and he is impenitent in the face of the barbed comments of his joking partners, he will eventually be eased out of the band by means of a public conspiracy to keep him on the wrong foot.",joking partners,,non_symmetric,joking_relationship,0.8,Document frames teasing as an institutional corrective practice by band members toward an offender.,2026-07-06T10:27:55.639609+00:00
1374,/san_silberbauer_326_1972_sv,SouthernAfrica,san,ho:khwudi,kin_role,kin,kin_role,kinship,Document gives local term for an institutionalized joking relation tied specifically to kin.,ho:khwudi:joking relation between kin,joking relation,ho:khwudi,unclear,joking_relationship,0.6,"Text names the institution but does not specify which kin roles (e.g. mother's brother, cross-cousins) participate.",2026-07-06T10:28:03.398289+00:00
1375,/san_silberbauer_65_sv,SouthernAfrica,san,a young man,kin_role,a girl,kin_role,kinship,Text states young man and girl who are joking partners are culturally recognized potential marriage partners.,A young man and a girl who are joking partners and of the appropriate ages are considered potential marriage partners.,joking partners,,symmetric,joking_relationship,0.9,,2026-07-06T10:28:31.454029+00:00
1376,/san_silberbauer_65_sv,SouthernAfrica,san,A's parents,kin_role,B,kin_role,kinship,Text prescribes that the parents (proximate generation) of a joking partner A are placed in avoidance vis-à-vis B.,"if A is B's joking partner, than A's children and parents (i.e. his two proximate generations) will be in the avoidance category vis-a-vis B, while the grandparents and grandchildren will be in the joking category.",avoidance category,,symmetric,avoidance,0.95,,2026-07-06T10:28:31.454029+00:00
1377,/san_silberbauer_65_sv,SouthernAfrica,san,A's children,kin_role,B,kin_role,kinship,Text prescribes that the children (proximate generation) of a joking partner A are placed in avoidance vis-à-vis B.,"if A is B's joking partner, than A's children and parents (i.e. his two proximate generations) will be in the avoidance category vis-a-vis B, while the grandparents and grandchildren will be in the joking category.",avoidance category,,symmetric,avoidance,0.95,,2026-07-06T10:28:31.454029+00:00
1378,/san_silberbauer_65_sv,SouthernAfrica,san,A's grandparents,kin_role,B,kin_role,kinship,Text states grandparents of A are in the joking category with B (alternation of generations).,"if A is B's joking partner, than A's children and parents (i.e. his two proximate generations) will be in the avoidance category vis-a-vis B, while the grandparents and grandchildren will be in the joking category.",joking category,,symmetric,joking_relationship,0.95,,2026-07-06T10:28:31.454029+00:00
1379,/san_silberbauer_65_sv,SouthernAfrica,san,A's grandchildren,kin_role,B,kin_role,kinship,Text states grandchildren of A are in the joking category with B (alternation of generations).,"if A is B's joking partner, than A's children and parents (i.e. his two proximate generations) will be in the avoidance category vis-a-vis B, while the grandparents and grandchildren will be in the joking category.",joking category,,symmetric,joking_relationship,0.95,,2026-07-06T10:28:31.454029+00:00
1380,/san_silberbauer_65_sv,SouthernAfrica,san,all kin,group,joking or avoidance categories,group,kinship,Text defines kin as being classified into joking or avoidance categories as a reciprocal institutional system.,"All kin are in either the joking or the avoidance categories and the behaviour is reciprocal, i.e. if I am in a cousin's joking category, he is also in mine.",joking vs avoidance classification,,symmetric,joking_relationship,0.85,Represents the general institution of joking/avoidance across kin rather than a specific pair.,2026-07-06T10:28:31.454029+00:00
1381,/san_silberbauer_67_sv,SouthernAfrica,san,joking partners,kin_role,opposite sexes (potential marriageable),kin_role,kinship,Text describes culturally sanctioned 'joking partners' ties between kin/sex categories tied to marriageability.,"It has been mentioned that joking partners of opposite sexes, if of appropriate ages, are considered to be potentially marriageable. The intimate relationships permitted between them give them a good opportunity68 to get to know each other, and for others to judge their suitability to each other, before marrying.",joking partners,,symmetric,joking_relationship,0.6,Document does not name specific kin categories; coder treated 'joking partners' as a kin-role institution involving opposite-sex pairs.,2026-07-06T10:28:38.879326+00:00
1382,/san_silberbauer_68_sv,SouthernAfrica,san,Grandparents,kin_role,Grandchildren,kin_role,kinship,Text states alternate generations are institutionalized joking partners (grandparents with grandchildren).,"It is a feature of many cultures that a specially friendly or affectionate relationship exists between alternate generations. Among the G/wi, where Regulation Of Marriage these are joking partners, this serves the useful purpose of allowing the grandparents to act as a counterweight to the perhaps somewhat austere authority of the parents and also to explain the parents' point of view to the children on a more friendly basis.",joking partners,,symmetric,joking_relationship,0.9,,2026-07-06T10:28:44.378712+00:00
1383,/san_sugawara_187_1988_sv,SouthernAfrica,san,siblings-in-law of the opposite sex,kin_role,siblings-in-law of the opposite sex,kin_role,kinship,Text describes recurrent joking/contact (giba-ku) specifically between opposite-sex siblings-in-law.,"The typical pattern of giba-ku is frequently observed between the residents of the same sex in very affinitive relationships with each other. In the context of visiting, the most interesting is the giba-ku interaction between siblings-in-law of the opposite sex.",joking relationship,giba-ku,symmetric,joking_relationship,0.9,,2026-07-06T10:29:22.483150+00:00
1384,/san_sugawara_187_1988_sv,SouthernAfrica,san,adolescent or pubescent boys (residents),age_set,adolescent or pubescent boys (visitors),age_set,within_group,Play-fighting //gaikari-ku between adolescent boys is a recurrent joking relation across resident–visitor boundaries.,"The third type of bodily contact occurs in a distinctive pattern of interaction called //gaikari-ku. Typically, //gaikari-ku means the play fighting between adolescent or pubescent boys which is performed in a way similar to a boxing match, but the verbal exchange of jokes or quasi abuse is also referred to by the same term.",play fighting / joking relation,//gaikari-ku,symmetric,joking_relationship,0.9,,2026-07-06T10:29:22.483150+00:00
1385,/san_sugawara_200_1988_sv,SouthernAfrica,san,adolescent boy,age_set,adult man,age_set,within_group,Greeting by an adolescent to an adult is culturally treated as banter; age roles pattern joking.,"Then an adolescent boy (Tabu:ka) who was lying near the open-air fire called jokingly to Hxara:, “≠Kai, Hxara:be”. Immediately, Hxara: approached and shook Tabu:ka roughly and even attempting to step on his head. Tabu:ka rolled about on the sand. crying “Stop it! Hxara:!” ... In spite of the violent way in which Hxara: treated Tabu:ka, both of them remained smiling.",banter,,symmetric,joking_relationship,0.85,,2026-07-06T10:29:36.014444+00:00
1386,/san_sugawara_200_1988_sv,SouthernAfrica,san,newcomer woman,group,attendant visitor,group,within_group,Mock blows and physical teasing followed a 'superfluous' greeting between women who share close ties; patterned social practice.,"After she sat down at a distance of 1 m from one of the resident women, she exchanged greeting with 3 older residents, one after another. And then, she called to !kaoba, “≠Kai”. Immediately, !kaoba stood up and approached kju:, sitting in face-to-face proximity to her. These two women exchanged mock blows with each other, laughing cheerfully.",mock blows / banter,,symmetric,joking_relationship,0.8,,2026-07-06T10:29:36.014444+00:00
1387,/san_sugawara_25_1984_sv,SouthernAfrica,san,ego,kin_role,adjacent generation,kin_role,kinship,Text states avoidance relationship applies to adjacent generation (kinship-based prohibition).,"1) Avoidance relationship is applied to the adjacent generation, except for mother's brother, father's sister, and their spouses.",,,symmetric,avoidance,0.95,,2026-07-06T10:30:01.307983+00:00
1388,/san_sugawara_25_1984_sv,SouthernAfrica,san,ego,kin_role,mother's brother,kin_role,kinship,"Mother's brother is explicitly excepted from avoidance, implying a distinct joking/ non-avoidance tie.","1) Avoidance relationship is applied to the adjacent generation, except for mother's brother, father's sister, and their spouses.",,,symmetric,joking_relationship,0.85,Text treats mother's brother as exception to avoidance and thus part of joking/allowed familiarity.,2026-07-06T10:30:01.307983+00:00
1389,/san_sugawara_25_1984_sv,SouthernAfrica,san,ego,kin_role,father's sister,kin_role,kinship,Father's sister is excepted from avoidance indicating a joking/allowed tie.,"1) Avoidance relationship is applied to the adjacent generation, except for mother's brother, father's sister, and their spouses.",,,symmetric,joking_relationship,0.85,,2026-07-06T10:30:01.307983+00:00
1390,/san_sugawara_25_1984_sv,SouthernAfrica,san,ego,kin_role,their spouses,kin_role,kinship,Spouses of the excepted relatives are also excepted from avoidance — culturally patterned privileged familiarity.,"1) Avoidance relationship is applied to the adjacent generation, except for mother's brother, father's sister, and their spouses.",,,symmetric,joking_relationship,0.8,Entity name 'their spouses' copied exactly from text; refers to spouses of the excepted kin.,2026-07-06T10:30:01.307983+00:00
1391,/san_sugawara_25_1984_sv,SouthernAfrica,san,ego,kin_role,same generation,kin_role,kinship,Text explicitly assigns joking relationship to same-generation kin (kinship-based institution).,"2) Joking relationship is applied to the same generation, except siblings of the opposite sex, parallel cousin of the opposite sex, and their spouses.",,,symmetric,joking_relationship,0.95,,2026-07-06T10:30:01.307983+00:00
1392,/san_sugawara_25_1984_sv,SouthernAfrica,san,ego,kin_role,siblings of the opposite sex,kin_role,kinship,"Opposite-sex siblings are explicitly excluded from same-generation joking, indicating a different relationship (avoidance).","2) Joking relationship is applied to the same generation, except siblings of the opposite sex, parallel cousin of the opposite sex, and their spouses.",,,symmetric,avoidance,0.9,,2026-07-06T10:30:01.307983+00:00
1393,/san_sugawara_25_1984_sv,SouthernAfrica,san,ego,kin_role,parallel cousin of the opposite sex,kin_role,kinship,Parallel cousins of opposite sex are excepted from joking; text frames this as a patterned kin-role exclusion.,"2) Joking relationship is applied to the same generation, except siblings of the opposite sex, parallel cousin of the opposite sex, and their spouses.",,,symmetric,avoidance,0.9,,2026-07-06T10:30:01.307983+00:00
1394,/san_sugawara_25_1984_sv,SouthernAfrica,san,ego,kin_role,their spouses,kin_role,kinship,Spouses of excluded same-generation relatives are also excluded from joking (explicitly listed).,"2) Joking relationship is applied to the same generation, except siblings of the opposite sex, parallel cousin of the opposite sex, and their spouses.",,,symmetric,avoidance,0.8,This refers to spouses of the excluded categories in same generation.,2026-07-06T10:30:01.307983+00:00
1395,/san_sugawara_25_1984_sv,SouthernAfrica,san,ego,kin_role,alternate generations,kin_role,kinship,Author states joking relationship is applied to alternate generations — institutionalized cross-generational joking.,3) Joking relationship is applied to the persons belonging to the alternate generations.,,,symmetric,joking_relationship,0.95,,2026-07-06T10:30:01.307983+00:00
1396,/san_sugawara_26_1984_sv,SouthernAfrica,san,uncle/aunt in 'cross' position,kin_role,nephew/niece,kin_role,kinship,Text states the joking relationship principle applies between cross-position uncles/aunts and nephews/nieces.,"This high frequency of dyads in proximity might be due to the fact that all of these relations between uncle/aunt and nephew/niece are ‘cross’ relations (i.e., relations between ego and ego's mother's brother or ego's father's sister). In other words, the principle that the joking relationship is to be applied to the uncle or aunt in ‘cross’ position, though they are belonging to the adjacent generation to ego's, may be reflected in the above result.",joking relationship,,symmetric,joking_relationship,0.9,,2026-07-06T10:30:06.793923+00:00
1397,/san_sugawara_29_1984_sv,SouthernAfrica,san,parent-in-law,kin_role,child-in-law,kin_role,kinship,Text states physical contact is strongly avoided between parent-in-law and child-in-law—an institutionalized kin-role avoidance.,"Although the parent-in-law and child-in-law are very often in proximity with each other, physical contact is strongly avoided between them.",,,symmetric,avoidance,0.9,,2026-07-06T10:30:31.205259+00:00
1398,/san_sugawara_29_1984_sv,SouthernAfrica,san,siblings of the opposite sex,kin_role,each other,kin_role,kinship,Author reports contact is far less frequent between opposite-sex siblings—patterned avoidance based on kin role/sex.,"In summary in comparing close consanguineous or affinal relations, it is evident that contact is far less frequent between the siblings of the opposite sex than between those of the same sex.",,,symmetric,avoidance,0.85,,2026-07-06T10:30:31.205259+00:00
1399,/san_sugawara_29_1984_sv,SouthernAfrica,san,"siblings-in-law (i.e., ego and ego's sibling's spouses or spouse's sibling)",kin_role,each other,kin_role,kinship,Text explicitly groups siblings-in-law and notes reduced contact—an institutionalized avoidance relation among affinal kin.,"This is also true for the relations between siblings-in-law (i.e., ego and ego's sibling's spouses or spouse's sibling).",,,symmetric,avoidance,0.8,,2026-07-06T10:30:31.205259+00:00
1400,/san_sugawara_29_1984_sv,SouthernAfrica,san,persons of an adjacent upper generation,kin_role,persons of alternate generations,kin_role,kinship,Text contrasts required 'reserved' behavior toward adjacent upper generation with 'relaxed' behavior toward alternate generations—institutionalized generational interaction norms.,"Generally, it has been accepted that the joking-avoidance relationship is closely related to both sex and generation. Namely, ‘reserved’ or ‘respectful’ behavior is required toward the persons of an adjacent upper generation, while relaxed behavior is tolerated toward those of alternate generations.",joking-avoidance relationship,,mixed,unclear,0.75,Contrast encodes both avoidance (adjacent upper) and relaxed/joking (alternate); relation_type set to unclear because sentence frames both behaviors.,2026-07-06T10:30:31.205259+00:00
1401,/san_sugawara_29_1984_sv,SouthernAfrica,san,males and females belonging to genealogically the same generation,kin_role,each other,kin_role,kinship,Statistical result shows contact is avoided between males and females of same genealogical generation—institutionalized kin/generation rule.,"Only for male-female dyads, are significant chi-square values obtained from the distributions of number of dyads in contact among both of the genealogical and biological generation categories. Namely, contact is apt to be avoided between males and females belonging to genealogically the same generation (X2=4.8153, p&0.05, df=1).",,,symmetric,avoidance,0.9,,2026-07-06T10:30:31.205259+00:00
1402,/san_sugawara_29_1984_sv,SouthernAfrica,san,males and females belonging to biologically alternate generations,kin_role,each other,kin_role,kinship,Text reports contact frequently occurs between males and females of biologically alternate generations—patterned relaxed/joking interaction.,"At the same time, contact tends to frequently occur between males and females belonging to biologically alternate generations (X2=7.3516, p&0.01, df=1).",,,symmetric,joking_relationship,0.85,,2026-07-06T10:30:31.205259+00:00
1403,/san_sugawara_31_1984_sv,SouthernAfrica,san,CH-6,person,KR-12,person,within_group,Text explicitly labels CH-6–KR-12 interaction as a 'joking relation' between non-consanguine males.,Especially the relations between CH-6 and these 2 adolescent males very properly fall under the concept of the ‘joking relation’.,joking relation,,mixed,joking_relationship,0.9,Recorded episodes show playful physical teasing initiated by KR-12 and reciprocal tolerant response by CH-6.,2026-07-06T10:30:40.890567+00:00
1404,/san_sugawara_31_1984_sv,SouthernAfrica,san,CH-6,person,HO-13,person,within_group,Ethnographer describes CH-6–HO-13 interactions as part of the recurring 'joking relation'.,Especially the relations between CH-6 and these 2 adolescent males very properly fall under the concept of the ‘joking relation’.,joking relation,,mixed,joking_relationship,0.9,Recorded incidents include CH-6 fumbling HO-13's belly and related playful behavior.,2026-07-06T10:30:40.890567+00:00
1405,/san_tanaka_105_sv,SouthernAfrica,san,babam and masi (grandparents),kin_role,n!odim and n!odisi (grandchildren),kin_role,kinship,Text explicitly places grandparents and grandchildren in the joking category; recurrent kin-role pattern.,"Grandparents (babam and masi) and grandchildren (n!odim and n!odisi), separated from ego by one generation, enter into the joking category.",joking category,,symmetric,joking_relationship,0.95,,2026-07-06T10:31:02.229191+00:00
1406,/san_tanaka_105_sv,SouthernAfrica,san,same-sex siblings (for a male ego: brothers kiyaxom and dabaxom),kin_role,ego,kin_role,kinship,Author states same-sex siblings (brothers for male ego) are held in a joking relationship with ego.,"Siblings are divided according to sex; for a male ego, his brothers (kiyaxom and dabaxom) are held in a joking relationship and his sisters (kiyaxosi and dabaxosi) in an avoidance relationship.",joking relationship,,symmetric,joking_relationship,0.9,Phrase framed from perspective of male ego; applies similarly for same-sex siblings of other egos.,2026-07-06T10:31:02.229191+00:00
1407,/san_tanaka_105_sv,SouthernAfrica,san,parents' opposite-sex siblings (those called by the terms for grandparents),kin_role,ego,kin_role,kinship,Text explicitly lists parents' opposite-sex siblings among joking-category kin relative to ego.,"A parent's opposite-sex siblings (those called by the terms for grandparents) and one's cross cousins (those called by the terms for grandchildren) are in the joking category,",joking category,,symmetric,joking_relationship,0.9,,2026-07-06T10:31:02.229191+00:00
1408,/san_tanaka_105_sv,SouthernAfrica,san,opposite-sex cross cousins (those called by the terms for grandchildren),kin_role,ego,kin_role,kinship,Author explicitly places opposite-sex cross cousins in joking category with ego.,"A parent's opposite-sex siblings (those called by the terms for grandparents) and one's cross cousins (those called by the terms for grandchildren) are in the joking category,",joking category,,symmetric,joking_relationship,0.9,,2026-07-06T10:31:02.229191+00:00
1409,/san_tanaka_105_sv,SouthernAfrica,san,ego,kin_role,"ego's grandparents, same-sex siblings, opposite-sex cross cousins, and parents' opposite-sex siblings",kin_role,kinship,Passage summarizes recurrent free relations (joking) between ego and these specific kin categories.,"Within the joking category, particularly free relations hold between ego and ego's grandparents, same-sex siblings, opposite-sex cross cousins, and parents' opposite-sex siblings, to the extent that they may exchange gossip and criticism about others, tell sexual stories, play pranks on each other, and so on.",,,symmetric,joking_relationship,0.9,Composite assertion grouping multiple explicitly listed joking kin relations described together in the text.,2026-07-06T10:31:02.229191+00:00
1410,/san_wiessner_106_1994_sv,SouthernAfrica,san,nuclear family,kin_role,collaterals,kin_role,kinship,Text states kin terms assign joking or respect between nuclear family and collaterals as culturally patterned.,"Standard !Kung kinship terms are structured by relative age and generation, and each term carries with it a relationship of joking or respect that delimits eligibility for marriage and a range of permitted behavior.",relationship of joking or respect,,symmetric,joking_relationship,0.8,,2026-07-06T10:31:27.014320+00:00
1411,/san_wiessner_106_1994_sv,SouthernAfrica,san,collaterals,kin_role,affinal kin,kin_role,kinship,Ethnographer notes kin terms (and corresponding joking/respect) generally distinguish collaterals from affines.,"Standard !Kung kinship terms are structured by relative age and generation, and each term carries with it a relationship of joking or respect that delimits eligibility for marriage and a range of permitted behavior.",relationship of joking or respect,,symmetric,joking_relationship,0.8,,2026-07-06T10:31:27.014320+00:00
1412,/san_wiessner_106_1994_sv,SouthernAfrica,san,spouses' siblings and siblings' spouses,kin_role,collateral kin,kin_role,kinship,"Text states spouses' siblings and siblings' spouses are given terms not distinguishing them from collateral kin, implying same joking/respect rules.",Only spouses' siblings and siblings' spouses are given terms that do not distinguish them from collateral kin.,same kinship joking/respect terms,,symmetric,joking_relationship,0.85,,2026-07-06T10:31:27.014320+00:00
1413,/san_wiessner_108_1988_sv,SouthernAfrica,san,people sharing their name,group,ego's nuclear family (core),kin_role,kinship,Text says name-sharers are given generational terms carrying joking status relative to the nuclear family.,People sharing their name are given a generational term carrying the appropriate joking status (Marshall 1976).,joking status extended by homonymous method,,unclear,joking_relationship,0.6,Document frames joking status as tied to kin-term extension via shared names; units coded as 'people sharing their name' vs 'core' nuclear family.,2026-07-06T10:31:36.087661+00:00
1414,/san_wiessner_108_1988_sv,SouthernAfrica,san,one who shares a name with a person's sister,kin_role,person's sister,kin_role,kinship,"The text explicitly treats the name-sharer as 'like' the sister, indicating a patterned kin-based joking relation.",The one who shares a name with a person's sister is said to be ‘like’ his sister (note that the San clearly do not say that this person then ‘is’ his sister as the term giving and term receiving groups are kept distinct).,like (name-based joking extension),,unclear,joking_relationship,0.7,"Extracted as a patterned, recurrent kin-based teasing/licensed familiarity via the homonymous method.",2026-07-06T10:31:36.087661+00:00
1415,/san_wiessner_114_1988_sv,SouthernAfrica,san,one's own generation,kin_role,one's own generation,kin_role,kinship,Text states peers in the same generation are permitted a reciprocal joking relationship.,"Essentially one is allowed to joke with everybody in one's own generation except siblings of the opposite sex and their spouses, one's spouse's siblings of the same sex and their spouses as well as everybody in alternate generations to yours.",,,symmetric,joking_relationship,0.95,"Exclusions (siblings, in-laws, alternate generations) are avoidance rules and not extracted as joking ties.",2026-07-06T10:31:48.642132+00:00
1416,/san_wiessner_114_1988_sv,SouthernAfrica,san,homonymous method (individual for whom one is given a term),kin_role,person given the kin term (ego's referent),kin_role,kinship,Homonymous kin-terms transfer the same joking relationship reciprocally to the holder of the term.,"The homonymous method of applying terms again takes precedence over the generational and one has the same joking relationship as the individual for whom one is given a term. The joking relationship is always reciprocal and as soon as one person has a kin term for another, both know within what bounds they must behave.",,,symmetric,joking_relationship,0.9,Models how kin-term assignment creates recurring licensed teasing between ego and referent's relations.,2026-07-06T10:31:48.642132+00:00
1417,/san_wiessner_144_1988_sv,SouthernAfrica,san,hxaro partner,group,joking relative,kin_role,kinship,"Text describes joking behaviour between hxaro partners who are joking relatives, a patterned kin-based licensed teasing tied to exchange.","A San may just wait quietly for a return or if his hxaro partner lives nearby and is a joking relative, after a respectable period of time, a minimum of two weeks, the giver may go to the receiver and jokingly remind him that he has a debt.",,hxaro,symmetric,joking_relationship,0.9,Hxaro is the delayed-exchange relationship; joking reminders are a culturally patterned licensed familiarity between kin-role partners.,2026-07-06T10:31:58.464049+00:00
1418,/san_wiessner_355_1988_sv,SouthernAfrica,san,Nunamiut,ethnic group,joking partners,group,within_group,Text states Nunamiut use joking partnerships as an institutional channel to make non-kin into quasi-kin.,"If it is not possible for them to find a common relative other channels are still open—a name relationship, a dancing partnership, joking partnership, etc..",joking partnership,,symmetric,joking_relationship,0.6,Document lists joking partnership as a culturally recognized channel among the Nunamiut; textual detail on specific paired categories is limited.,2026-07-06T10:32:05.718576+00:00
1419,/shona_aschwanden_175_1982_sv,SouthernAfrica,shona,muzukuru,kin_role,Tendai,kin_role,kinship,Text explicitly says Tendai and the muzukuru have a culturally established joking relationship tied to marriage roles.,"Tendai treats Muzhara as kindly as she would treat Farai, thus establishing a so-called joking relationship with him.",so-called joking relationship,,symmetric,joking_relationship,0.9,Muzhara is the muzukuru (nephew) acting in the ritual/marriage context toward the bride (Tendai).,2026-07-06T10:32:13.845046+00:00
1420,/shona_aschwanden_74_1982,SouthernAfrica,shona,man,kin_role,varamu,kin_role,within_group,Text states varamu are women with whom a man can have a joking relationship; clearly a patterned cultural tie.,"Adolescent boys have hardly any sexual contact with girls. However, possible partners in intimate relationships (which may lead to sexual intercourse) are the varamu — those women with whom a man can have a joking relationship (cf below).",,varamu,symmetric,joking_relationship,0.7,,2026-07-06T10:32:22.759974+00:00
1421,/shona_aschwanden_75_1982,SouthernAfrica,shona,the youth,kin_role,his elder brother's wife,kin_role,kinship,Text describes a culturally sanctioned recurring joking relationship between youth and elder brother's wife.,"During this period of his life the boy is also given more thorough instruction on sexual matters by some older members of the family such as, for instance, an elder brother and his wife. With the latter the youth is on special terms — the so-called “joking relationship”.",joking relationship,,symmetric,joking_relationship,0.9,,2026-07-06T10:32:29.217428+00:00
1422,/shona_aschwanden_78_1982_sv,SouthernAfrica,shona,growing Karanga girl,kin_role,her sisters' husbands,kin_role,kinship,Text explicitly calls the permitted interaction between girls and sisters' husbands a 'joking relationship'.,"At the beginning of puberty, the girls are separated from the boys, but despite this it is then that the first sexual “concessions” are made and the young girls learn more about their future sex-life. The growing Karanga girl is permitted to mix with her sisters' husbands, to eat and joke with them, the latter including the exchange of obscenities. This is what is called a joking relationship.",joking relationship,,symmetric,joking_relationship,0.9,Culturally patterned permitted teasing between adolescent females and their sisters' husbands; intended to ease potential future polygyny.,2026-07-06T10:32:36.202140+00:00
1423,/shona_ashwanden_277_1987_sv,SouthernAfrica,shona,muzukuru,kin_role,dead man's clan,clan,kinship,Text explicitly links muzukuru to a culturally recognized 'joking relationship' involving the dead man's clan.,"By drinking the “beer of the water”, however, the muzukuru represents still something else. He demonstrates, the Karanga explain, that he himself reaps the “benefit” of the “amniotic fluid” because he can marry women from the dead man's clan (cf p. *, the joking relationship).",the joking relationship,,unclear,joking_relationship,0.6,,2026-07-06T10:32:44.293018+00:00
1424,/shona_bourdillon_49_sv,SouthernAfrica,shona,the sister's son,kin_role,his mother's brother,kin_role,kinship,Text describes recurrent culturally recognized avuncular joking privileges (ukama hwokutamba).,"This relationship is cordial and intimate: the Shona refer to it as ukama hwokutamba (‘a relationship of playing’) and anthropologists call it a joking relationship. The sister's son can normally avail himself of anything belonging to his mother's brother without even asking for it, and no action should be taken against him.",ukama hwokutamba,ukama hwokutamba,mixed,joking_relationship,0.95,,2026-07-06T10:32:51.973424+00:00
1425,/shona_bullock_81_sv,SouthernAfrica,shona,Maromo,kin_role,Paratema,kin_role,kinship,Explicit avuncular joking license between mother's brother and nephew described as ritualized privileges.,"To Paratema, Maromo is muzukuru, his sister's son, and he is privileged in many respects above the sons of the house. He takes precedence over them at meals, sitting next his sekuru, and, in a joking way, may rob him even of his raiment.",,muzukuru,mixed,joking_relationship,0.9,,2026-07-06T10:33:11.646036+00:00
1426,/shona_bullock_81_sv,SouthernAfrica,shona,Maromo,kin_role,Marutenga,person,kinship,Joking licence extended to the mother's brother's wife; culturally patterned with limits and blame.,"extended to some extent with Marutenga, Paratema's wife; and if Maromo exceeds its limits with her, it is she who will be blamed by Paratema, for there is a very cordial bond between sekuru and muzukuru.",,,non_symmetric,joking_relationship,0.7,Marutenga is an individual but cited as role-holder (Paratema's wife) in the joking institution.,2026-07-06T10:33:11.646036+00:00
1427,/shona_bullock_81_sv,SouthernAfrica,shona,Maromo,person,Whera,person,within_group,Recurrent privileged familiarity: Whera acts as bride-confidante and greets Maromo with licensed familiarity.,"He is on excellent terms with her, and she runs out to greet him when she sees him coming, calling out “Our husbands have arrived”, and takes his impedimenta, putting them in her hut. He is the honoured guest during his visit.",,,symmetric,joking_relationship,0.6,Whera's exact kin-role is not specified; treated as patterned privileged familiarity within the society.,2026-07-06T10:33:11.646036+00:00
1428,/shona_fortune_72_sv,SouthernAfrica,shona,husband,kin_role,ritual friend,group,within_group,Text describes licensed banter between ritual friends where husbands praise their own and tease friends' wives.,The most mature love poetry appears to be that composed during marriage. In the examples collected the praises form part of the licensed banter between ritual friends. Each one praises his own wife for her qualities and criticizes the wife of his friend.,licensed banter,,symmetric,banter,0.9,,2026-07-06T10:33:19.304930+00:00
1429,/shona_gelfand_41_1973_sv,SouthernAfrica,shona,the nephew (muzukuru),kin_role,his aunt,kin_role,kinship,Text states nephew and his aunt exchange jokes and retorts as a culturally recognized allowance.,"Thus a nephew may become familiar with his aunt because he holds this position in the family and enjoys this peculiar freedom in his uncle's village. He can joke with his aunt who can retort in the same vein saying that he (the muzukuru) is a muroora, implying that he is like a young wife as he is descended from her husband's sister.",joking relationship,muzukuru; muroora,symmetric,joking_relationship,0.9,,2026-07-06T10:33:29.465855+00:00
1430,/shona_gelfand_41_1973_sv,SouthernAfrica,shona,the nephew (muzukuru),kin_role,his cousins' wives,kin_role,kinship,Author explicitly notes joking relationship is more in evidence between nephew and his cousins' wives.,"However, the joking relationship is much more in evidence between the nephew and his cousins' wives.",joking relationship,muzukuru,symmetric,joking_relationship,0.9,,2026-07-06T10:33:29.465855+00:00
1431,/shona_gelfand_42_1979_sv,SouthernAfrica,shona,ritual friends,group,the bereaved,kin_role,within_group,"Ritual friends repeatedly console mourners and make jokes during funerary events, a culturally patterned role.","The ritual friends try to console the bereaved, and they do most of the cooking and even make jokes.",ritual friends consoling and joking,,non_symmetric,joking_relationship,0.9,,2026-07-06T10:33:39.951023+00:00
1432,/shona_gelfand_51_1968_sv,SouthernAfrica,shona,two individuals unrelated to one another,person,sahwira (each other),person,within_group,Text describes ritualized lifelong joking friendship (sahwira) between two unrelated individuals in the same society.,"Of great value to an African is the bond of friendship formed between two individuals unrelated to one another. This lifelong friend is called sahwira ... Social anthropologists have referred sometimes to such a friendship as a joking relationship, thus stressing the fact that the friends can tease or rag one another without either losing his temper.","sahwira (ritual bondship, joking relationship)",sahwira,symmetric,joking_relationship,0.8,"Document describes a formalized, reciprocal joking friendship (sahwira) with ceremonial establishment and lifetime duration.",2026-07-06T10:33:48.605987+00:00
1433,/shona_gelfand_59_1967_sv,SouthernAfrica,shona,ritual friends (sahwira),group,ritual friends (sahwira),group,within_group,"Text states sahwira routinely joke with one another, permitting serious accusations as jest; patterned ritual pair relation.",The only time a person can call another a witch is when two ritual friends ( sahwira) joke with one another and do not take the matter seriously.,sahwira,sahwira,symmetric,joking_relationship,0.9,,2026-07-06T10:33:54.328733+00:00
1434,/shona_gelfand_62_1968_sv,SouthernAfrica,shona,ritual friends,kin_role,ritual friends,kin_role,within_group,Text explicitly names a recurring joking form practiced between 'ritual friends'.,"There is, however, a special type of scolding among ritual friends which takes the form of a joke and is not taken seriously.",special type of scolding among ritual friends,,symmetric,joking_relationship,0.9,Term 'ritual friends' treated as a culturally defined recurring joking partnership; reciprocity implied.,2026-07-06T10:33:59.759160+00:00
1435,/shona_gelfand_84_1973_sv,SouthernAfrica,shona,vasahwira,group,vasahwira,group,within_group,"Text states scolding-as-joke is permitted among ritual friends (vasahwira), a recurrent culturally recognized tie.",The first takes the form of a joke and is permitted only among ritual friends ( vasahwira) who allow derogatory things to be said by each other without their causing annoyance.,ritual friends,vasahwira,symmetric,joking_relationship,0.9,,2026-07-06T10:34:05.936635+00:00
1436,/shona_holleman_46_sv,SouthernAfrica,shona,Sekuru,kin_role,muzukuru,kin_role,kinship,Text explicitly names a 'joking relationship' between grandparents and grandchildren in Hera kinship.,"I think it is clear that the ‘joking relationship’, between grandparents and grandchildren, that is, between members and uterine members of a lineage, has a logical and structural basis in Hera kinship.",joking relationship,,symmetric,joking_relationship,0.9,Granddaughters (vazukuru kadzi) mentioned as enjoying privileged treatment similar to brothers.,2026-07-06T10:34:16.150399+00:00
1437,/shona_holleman_46_sv,SouthernAfrica,shona,vakarahwe,kin_role,vakwasha,kin_role,kinship,"Describes recurrent, culturally expected teasing/respect relations between parents-in-law (mukarahwe) and children-in-law (mukwasha).","The basis of this relationship is partly brought out by the term mukarahwe. The literal translation, ‘stone-sister’, is also a literal description of the position of a ‘father-in-law’ in his son-in-law's kraal... The general basis for this relationship is, therefore, clearly established: the vakarahwe are entitled to respectful treatment from their vakwashabecause they are the ‘higher’ and the ‘elder’ ones.",,"mukarahwe, mukwasha, tezwara",non_symmetric,joking_relationship,0.9,Text notes mukwasha must honour/fear and tolerate bullying from wife's younger brothers; asymmetric power and licensed liberties.,2026-07-06T10:34:16.150399+00:00
1440,/tonga_cliggett_114_sv,SouthernAfrica,tonga,grandmother,kin_role,grandson,kin_role,kinship,Text explicitly calls grandmother-grandson a common form of 'joking relations' in this society.,"This grandmother-grandson relationship represents a common form of “joking relations,” as research throughout Africa documents (Colson 1951; Murdock 1959; Stucki 1995).",joking relations,,symmetric,joking_relationship,0.9,,2026-07-06T10:34:42.887904+00:00
1441,/tonga_colson_100_1967_sv,SouthernAfrica,tonga,a man,kin_role,his mother's brother's wife,kin_role,kinship,Text states a culturally recognized 'free joking relationship' between a man and his mother's brother's wife.,"Here a man has a free joking relationship with his mother's brother's wife, or with his sister's son's wife, and he is often suspect of being her lover.",free joking relationship,,symmetric,joking_relationship,0.8,,2026-07-06T10:34:54.316770+00:00
1442,/tonga_colson_100_1967_sv,SouthernAfrica,tonga,a man,kin_role,his sister's son's wife,kin_role,kinship,Text explicitly describes a recurrent joking tie between a man and his sister's son's wife.,"Here a man has a free joking relationship with his mother's brother's wife, or with his sister's son's wife, and he is often suspect of being her lover.",free joking relationship,,symmetric,joking_relationship,0.8,,2026-07-06T10:34:54.316770+00:00
1443,/tonga_colson_140_1958_sv,SouthernAfrica,tonga,men,group,women,group,within_group,Ritualized cross-dressing in masabe dance creates recurrent joking/entertainment between gender groups.,"During masabe dancing, which may be performed either as a curing ritual or as pure entertainment, either men or women may dress as members of the opposite sex. Women masabe leaders carry an axe.",masabe dancing cross-dressing,masabe,symmetric,joking_relationship,0.8,Tied to ritual performance; patterned licensed role-reversal between genders.,2026-07-06T10:35:00.922520+00:00
1444,/tonga_colson_145_1958_sv,SouthernAfrica,tonga,matrilineal group,lineage,clan joking-partners,clan,within_group,Text describes recurrent ritualized joking by clan joking-partners with the person's matrilineal group after purification.,"If a person tries to commit suicide and fails, then his matrilineal group must find a goat to kill for him so that the clan joking-partners can come and joke with him and eat the meat.",clan joking-partners,,symmetric,joking_relationship,0.9,Generic named units in text; extracted as matrilineal group ↔ clan joking-partners (within society).,2026-07-06T10:35:07.536960+00:00
1445,/tonga_colson_15_1958_sv,SouthernAfrica,tonga,clan,clan,paired clan,clan,within_group,Text states clans are linked/paired in bujwanyina where joking is a recurrent aspect between clans.,"Each clan is linked or paired with several others individually in what is known as bujwanyina, a relationship of which joking is only one aspect of a wider range of duties and rights.",bujwanyina,bujwanyina,unclear,joking_relationship,0.9,Document does not list specific clan names; extracted generic paired-clan joking institution (bujwanyina).,2026-07-06T10:35:14.172710+00:00
1446,/tonga_colson_177_1967_sv,SouthernAfrica,tonga,Baleya,clan,Bantanga,clan,within_group,Text names Baleya and Bantanga as (possible) clan joking-partners within the Valley region.,"Upper River clans do not have joking-partners, with the possible exception of the Baleya and Bantanga,",joking-partners,,symmetric,joking_relationship,0.9,,2026-07-06T10:35:24.363930+00:00
1447,/tonga_colson_177_1967_sv,SouthernAfrica,tonga,a lineage,lineage,various others of its own clan,clan,within_group,Text describes lineages linked in a permanent alliance within their clan as silufulo partners (institutionalized linkage).,a lineage is linked with various others of its own clan in a permanent alliance as silufulo partners. Silufulo can be translated as ‘calabash man’ and refers to the calabash ladle with which offerings are poured.,silufulo partners,silufulo,symmetric,alliance,0.85,Silufulo described as a permanent alliance within the clan; may involve ritualized licensed behavior related to offerings.,2026-07-06T10:35:24.363930+00:00
1448,/tonga_colson_178_1967_sv,SouthernAfrica,tonga,clan,clan,clan,clan,within_group,Text describes permanent inter-clan joking-partnerships (bujwanyina) with recurrent roles and obligations.,"Briefly, each clan is linked with a number of others in a permanent joking-relationship known as bujwanyina. Clan joking-partners perform various services for one another, particularly during funerals.",bujwanyina (joking-relationship),bujwanyina,symmetric,joking_relationship,0.95,Generic inter-clan joking partnerships described for Plateau and Valley Tonga; obligations indicate institutionalization.,2026-07-06T10:35:36.950542+00:00
1449,/tonga_colson_178_1967_sv,SouthernAfrica,tonga,Sinafwala,village,Madonda,village,cross_group,Drum-team songs publicly mock another named village; recurring use of song-makers to publicize scandal constitutes patterned licensed insult.,"The young people of Sinafwala danced gaily to a song that described the thievish nature of the people of Madonda Village after the latter had stolen hippo meat apportioned to Sinafwala. Both Sinafwala and Madonda belong to the CHEZIA Drum, so the song of the hippo never became a Drum song.",Drum-song public shaming,,non_symmetric,insulting_license,0.75,"Madonda's refusal to dance suggests asymmetric acceptance of the mockery; institutions (Drum, song-makers) enable inter-village public teasing.",2026-07-06T10:35:36.950542+00:00
1450,/tonga_colson_179_1967_sv,SouthernAfrica,tonga,clans,clan,the same clans paired together in all the territory stretching from the Zambezi to the Plateau,clan,within_group,"Text describes recurring, constant clan-to-clan joking alliances across Tonga territory.",they are a constant one with the same clans paired together in all the territory stretching from the Zambezi to the Plateau.,clan joking-relationship,,symmetric,joking_relationship,0.9,General statement of institutionalized clan pairs across Tonga area; specific clan names not listed.,2026-07-06T10:35:54.536981+00:00
1451,/tonga_colson_179_1967_sv,SouthernAfrica,tonga,clan of the sikatongo,clan,Clans in a joking-relationship with the clan of the sikatongo,clan,within_group,Explicitly states certain clans have a recurrent joking-relationship with the clan of the sikatongo and set ritual duties.,Clans in a joking-relationship with the clan of the sikatongo have their set duties in the building or repair of a shrine and in the various rites performed at the shrine.,joking-relationship,,symmetric,joking_relationship,0.85,Text links joking-relationship to specific ritual obligations involving the sikatongo clan.,2026-07-06T10:35:54.536981+00:00
1452,/tonga_colson_179_1967_sv,SouthernAfrica,tonga,Tonga,ethnic group,Lozi,ethnic group,cross_group,Author states Lozi treat Tonga men as joking-partners in an intertribal joking-relationship.,"Then Tonga men are treated as joking-partners by Lozi, and the two help one another.",Lozi-Tonga joking-relationship,bujwanyina,symmetric,joking_relationship,0.9,Intertribal joking tie; author notes it may be a relatively recent development among younger men.,2026-07-06T10:35:54.536981+00:00
1453,/tonga_colson_180_1967_sv,SouthernAfrica,tonga,silufulo lineage (grandchildren),lineage,lineage of the dead (lineage mates of the dead),lineage,within_group,Ritualized recurring teasing by 'grandchildren' of silufulo toward lineage mates at funerals; institutionalized within society.,"Whenever joking is institutionalized in a ritual context, the duty is performed by ‘grandchildren'. These are never the grandchildren of the lineage involved; they are grandchildren of the silufulo lineage. During a funeral grain from the store of the dead man or woman is poured upon the grave. The grandchildren of the silufulo lineage are the ones to scramble for it while they jest with one another and with lineage mates of the dead.",grandchildren (ritual jesters) / clan joking-partners,silufulo,non_symmetric,joking_relationship,0.9,"Text also notes Middle River variant where clan joking-partners perform this duty, but no specific clan names are given.",2026-07-06T10:36:01.996743+00:00
1454,/tonga_colson_22_1967_sv,SouthernAfrica,tonga,Middle River clans,clan,other Middle River clans,clan,within_group,"Text states Middle River clans are linked as clan joking-partners, a recurrent institutionalized tie within the society.","Middle River clans are linked together as clan joking-partners in a manner comparable to that found among the Plateau Tonga,",clan joking-partners,,symmetric,joking_relationship,0.85,Document does not specify particular paired clans; encoded as general inter-clan joking network within Middle River.,2026-07-06T10:36:27.978461+00:00
1455,/tonga_colson_22_1967_sv,SouthernAfrica,tonga,Middle River man,kin_role,wives of his sister's sons,kin_role,kinship,Explicitly described recurring joking basis between a Middle River man and these affinal women (institutionalized kin joking).,A Middle River man is on a joking basis with the wives of both his sister's sons and his mother's brothers.,joking basis with affinal wives,,symmetric,joking_relationship,0.9,,2026-07-06T10:36:27.978461+00:00
1456,/tonga_colson_22_1967_sv,SouthernAfrica,tonga,Middle River man,kin_role,wives of his mother's brothers,kin_role,kinship,Text explicitly states recurring joking ties between a Middle River man and these affinal women (institutionalized kin joking).,A Middle River man is on a joking basis with the wives of both his sister's sons and his mother's brothers.,joking basis with affinal wives,,symmetric,joking_relationship,0.9,,2026-07-06T10:36:27.978461+00:00
1457,/tonga_colson_268_1958_sv,SouthernAfrica,tonga,grandfather,kin_role,grandchild,kin_role,kinship,Text describes elders teasing grandchildren as culturally appropriate joking between kin roles.,"A small child may rush home in dismay under the teasing of an old man or woman, to be told by its mother that this is appropriate joking because the teaser is his ‘grandfather’ or ‘grandmother’ and that he must joke back.",appropriate joking,,symmetric,joking_relationship,0.9,,2026-07-06T10:36:38.382893+00:00
1458,/tonga_colson_268_1958_sv,SouthernAfrica,tonga,cross-cousins,kin_role,cross-cousins,kin_role,kinship,"Explicitly states 'free and easy joking' characterizes dealings of cross-cousins, indicating institutionalized joking.",The free and easy joking which marks the dealings of cross-cousins is very different from the relatively restrained behaviour which spouses should observe towards one another in public.,free and easy joking,,symmetric,joking_relationship,0.9,,2026-07-06T10:36:38.382893+00:00
1459,/tonga_colson_322_1958_sv,SouthernAfrica,tonga,basimukowa,kin_role,basyanausi,kin_role,kinship,Text describes these two matrilineal generational roles as involved in joking-relationship conflicts.,"for the son would have become a ‘brother-in-law’ of his father's generation, and thus on a joking relationship basis with them. The old rules which prevented the two generations of a matrilineal group from appearing as basimukowa and basyanausi in the same marriage also prevented the possibility of such conflicts.",joking relationship basis,,symmetric,joking_relationship,0.8,,2026-07-06T10:36:50.035577+00:00
1460,/tonga_colson_325_1958_sv,SouthernAfrica,tonga,clan,clan,clan joking-partners,clan,within_group,"Text describes recurrent, institutionalized clan-level joking obligations between partnered clans within the society.","This is still done in clan joking-partners for a public shaming of the culprit.
...joking-partners have a general obligation to cast slighting remarks which touch upon one another's misdeeds.",clan joking-partners,,symmetric,joking_relationship,0.7,Document does not name specific clans; coded as clan↔clan joking partnership described as institutionalized.,2026-07-06T10:37:01.252108+00:00
1461,/tonga_colson_327_1958_sv,SouthernAfrica,tonga,children of brother,kin_role,children of sister,kin_role,kinship,Text states these groups were formerly 'friendly joking partners'—a recurrent kin-based joking institution.,It is possible that the change reflects the increased tension between the children of brother and sister—for they now see themselves on many occasions as rivals for the wealth of the single man through whom they trace their relationship rather than as friendly joking partners.,friendly joking partners,,symmetric,joking_relationship,0.8,,2026-07-06T10:37:10.955301+00:00
1462,/tonga_colson_45_1958_sv,SouthernAfrica,tonga,those of the same clan,clan,clan joking-partners,clan,within_group,"Text identifies recurring, institutionalized 'clan joking-partners' relationship between clans within Tonga society.","Those of the same clan, or those who were clan joking-partners, ought not to enslave or hold one another in slavery, but they could turn a blind eye to encroachments upon the life or freedom of one who could only cite his membership in a clan as a claim upon them.",clan joking-partners,,symmetric,joking_relationship,0.8,,2026-07-06T10:37:18.920415+00:00
1463,/tonga_colson_53_1967_sv,SouthernAfrica,tonga,a clan,clan,father's clan,clan,kinship,Text describes culturally recognized 'clan joking partner' status allocated between clans and a father's clan as artificial kinship.,"In Middle River region, I had a quasi-kinship position based on the fact that years before the Plateau Tonga had playfully allocated me to a clan and a father's clan. Almost everyone could therefore address me as a fellow clansman, a child of the clan, a grandmother through clan, an affine, or as a clan joking partner.",clan joking partner,,unclear,joking_relationship,0.7,,2026-07-06T10:37:28.751638+00:00
1464,/tonga_colson_55_1958_sv,SouthernAfrica,tonga,Children,kin_role,sisters' children,kin_role,kinship,Text states children and sisters' children are cross-cousins with licensed familiarity (institutionalized joking).,"The same generation of basyanausi also has responsibility for and authority over the generation of their sisters' sons, but this authority is different in kind from that which it exercises over its children. Children and sisters' children therefore are in somewhat of an equivocal position in relation to one another. They call one another ‘cross-cousin’ and have a relationship of licensed familiarity.",cross-cousin; licensed familiarity,,symmetric,joking_relationship,0.9,,2026-07-06T10:37:42.612851+00:00
1465,/tonga_colson_55_1958_sv,SouthernAfrica,tonga,Those not of this generation,kin_role,his generation,kin_role,kinship,Explicit statement that members 'not of this generation' are joking partners and equals to the person's generation.,"A child is bound primarily to its own father and through him to his generation whether of the same branch or not. It is to this generation that a person owes respect and to its members he turns for assistance. Those not of this generation are joking partners and equals, and would be treated as ‘fathers’ only in the absence of any member of the paternal generation.",joking partners and equals,,symmetric,joking_relationship,0.8,Entities quoted verbatim from text as generational categories rather than named kin terms.,2026-07-06T10:37:42.612851+00:00
1466,/tonga_colson_56_1958_sv,SouthernAfrica,tonga,cross-cousins,kin_role,cross-cousins,kin_role,kinship,Text states joking and easy familiarity pertains to cross-cousin relationships; clearly kinship-tied institutional joking.,"This last, however, causes little difficulty since joking and easy familiarity pertains to all such relationships.",,,symmetric,joking_relationship,0.9,Extracted as general recurrent joking among cross-cousin categories (kin-role based).,2026-07-06T10:37:57.375567+00:00
1467,/tonga_colson_56_1958_sv,SouthernAfrica,tonga,grandfathers' matrilineal groups,lineage,their grandchildren,kin_role,kinship,Passage explicitly describes a joking relationship between grandchildren and their grandfathers' matrilineal groups.,"Between men and women and their grandfathers, and indeed all members of the grandfathers' matrilineal groups, there exists a joking relationship comparable in many ways to that which is found between cross-cousins.",,,symmetric,joking_relationship,0.95,,2026-07-06T10:37:57.375567+00:00
1468,/tonga_colson_56_1958_sv,SouthernAfrica,tonga,paternal cross-cousins,kin_role,father's mother's brother,kin_role,kinship,"Text equates paternal cross-cousins with the father's mother's brother and notes familiarity, indicating recurring joking relation.","Her brother is usually called ‘grandfather’, though he is likely to be treated with familiarity since he is on the same generation level as paternal cross-cousins, who are equated with him, and he is not of the father's generation.",,,unclear,joking_relationship,0.85,Relation framed by generational equivalence and familiarity; directionality not specified.,2026-07-06T10:37:57.375567+00:00
1469,/tonga_colson_58_1958_sv,SouthernAfrica,tonga,sister's husband,kin_role,brother's wife,kin_role,kinship,Text states these affines are grouped as 'mukwaasi' and share a joking relationship comparable to cross-cousins.,"Sister's husband and brother's wife (both sexes speaking), husband's sister, husband's brother, wife's brother and wife's sister are all equated, and with them are grouped spouse's grandparents and grandchild's spouse. All alike are mukwaasi, and they share a joking relationship comparable to that between cross-cousins.",mukwaasi,mukwaasi,symmetric,joking_relationship,0.95,Represents the institutional joking tie among affines of the same generation; the passage groups many roles together.,2026-07-06T10:38:14.281283+00:00
1470,/tonga_colson_58_1958_sv,SouthernAfrica,tonga,mother's brother,kin_role,father,kin_role,kinship,Mother's brother and father of same children are described as having good fellowship within the mukwaasi relationship.,"Eventually as mother's brother and father of the same children, they may be at odds, but equally the existence of these children forms a common bond between them whatever happens to the marriage.",mukwaasi,mukwaasi,mixed,joking_relationship,0.9,Text implies both convivial joking and potential rivalry; coded mixed symmetry because roles have different social positions but share joking ties.,2026-07-06T10:38:14.281283+00:00
1471,/tonga_colson_58_1958_sv,SouthernAfrica,tonga,cross-cousins,kin_role,affines of the same generation (mukwaasi),kin_role,kinship,"The term for these affines is interchangeable with that for cross-cousin, indicating comparable joking relations.","All alike are mukwaasi, and they share a joking relationship comparable to that between cross-cousins. Indeed, the term for affine of this generation is interchangeable with that for cross-cousin and for spouse.",mukwaasi / comparable to cross-cousins,mukwaasi,symmetric,joking_relationship,0.9,Covers equivalence of cross-cousin joking relations and the mukwaasi affine category (including spouses possibly).,2026-07-06T10:38:14.281283+00:00
1472,/tsonga_jaques_340_sv,SouthernAfrica,tsonga,hahane,kin_role,nephews and nieces,kin_role,kinship,Text describes recurrent licensed familiarity and joking between paternal aunt and her nephews/nieces.,"For the majority of the Thonga people, a great familiarity with the hahane seems to be the rule. All kinds of jokes can be made in her presence, and a girl, even a boy, will not be ashamed to tell her all the foolish things they have done. She is the proper “confidente” of her nephews and nieces.",confidente / great familiarity,hahane,symmetric,joking_relationship,0.9,,2026-07-06T10:38:26.394500+00:00
1473,/tsonga_jaques_343_sv,SouthernAfrica,tsonga,paternal grandparents,kin_role,maternal grandparents,kin_role,kinship,"Text describes culturally patterned cordial, jocular familiarity between the two grandparent sets.","It may be recorded here that a special pattern regulates the behaviour of my paternal and maternal grandparents towards one another. My paternal grandfathers call my maternal grandfather and grandmother, masebe, in the Khosen country (Portuguese East), Ngwatsweku or Ntswalane in the Transvaal. My maternal grandparents use the same term when addressing my paternal grandparents. The behaviour is of cordial and jocular familiarity. The men joke especially with the women of the other couple.",,"masebe, Ngwatsweku or Ntswalane",symmetric,joking_relationship,0.95,,2026-07-06T10:38:39.136960+00:00
1474,/tsonga_jaques_343_sv,SouthernAfrica,tsonga,maternal uncles and their wives,kin_role,ntukulu,kin_role,kinship,Described as a culturally defined relationship (kokwana–ntukulu) with maximal familiarity and patterned behaviour.,"It is not our intention to repeat here the excellent account given by Mr. Junod of the nature of the relationship between a kokwana and a ntukulu. (See Life, I, p. – .) I shall only, as a complement to the description of this pattern of behaviour, give a typical account by one of my informants.

(b) The maternal uncles and their wives.—Among the Ronga, Zulu, Sotho, Pedi and Venda, these uncles have the special name of malume. Thongas, of the Transvaal, under the influence of these tribes, use also the appellation of malume, but the proper Thonga term is kokwana. In this relationship, familiarity attains its maximum.",,kokwana,non_symmetric,joking_relationship,0.9,ntukulu is the reciprocal kin role (nephew/niece); text implies patterned joking/familiarity.,2026-07-06T10:38:39.136960+00:00
1475,/tsonga_jaques_347_sv,SouthernAfrica,tsonga,a woman (the man's wife),kin_role,his younger brothers (the husband's younger brothers),kin_role,kinship,Text states recurrent joking (bungunya) between a wife and her husband's younger brothers—an institutionalized in-law joking tie.,"Reciprocally also, a woman will avoid her husband's elder brothers, and joke (bungunya) with his younger brothers.",bungunya,bungunya,symmetric,joking_relationship,0.8,,2026-07-06T10:38:46.292817+00:00
1476,/tsonga_junod_214_1927,SouthernAfrica,tsonga,ntukulu,kin_role,maternal uncles,kin_role,kinship,Text states ntukulu has culturally sanctioned right to tease/insult his maternal uncles during mourning.,"The ntukulu, as we shall see, is very free with his maternal uncles. He has the right of teasing them, even insulting them.",very free; right of teasing,ntukulu,non_symmetric,insulting_license,0.9,,2026-07-06T10:38:52.841052+00:00
1477,/tsonga_junod_247_1927_sv,SouthernAfrica,tsonga,husband (my),kin_role,daughter of my wife's brother (Shaputa versus Mboza),kin_role,kinship,Text describes culturally permitted intimate joking liberties between husband and his wife's brother's daughter (nsati).,In this first category is included the daughter of my wife's brother (Shaputa versus Mboza). With her the relations are perhaps even more free than with my wife's younger sisters. I call her nsati. The intimacy is so great that I can hold her breasts (tamele mabele).,nsati,nsati,symmetric,joking_relationship,0.9,,2026-07-06T10:39:08.603892+00:00
1478,/tsonga_junod_247_1927_sv,SouthernAfrica,tsonga,husband (my),kin_role,all the girls belonging to my bakoñwana,kin_role,kinship,"Author states all girls of his bakoñwana occupy same open, joking/marriage-possible position (tinamu), implying patterned familiarity.","As already pointed out, all the girls belonging to my bakoñwana are in the same position towards me. I can marry them all… if I am rich enough to “lobola” them.",tinamu / bakoñwana,bakoñwana,symmetric,joking_relationship,0.85,,2026-07-06T10:39:08.603892+00:00
1479,/tsonga_junod_247_1927_sv,SouthernAfrica,tsonga,husband (my),kin_role,wives of my elder brothers,kin_role,kinship,"Text explicitly: these wives are inherited and 'Relations with them are easy. We joke together', indicating institutionalized joking.","The second category of tinamu includes those women whom I might marry, not on account of the prior right of a group to the women of another group, but because I might inherit them. They are the wives of my elder brothers. If their husbands die, I am their legal heir. Relations with them are easy. We joke together, but there is more reserve towards these tinamu than towards those of the first category.",tinamu,tinamu,symmetric,joking_relationship,0.9,,2026-07-06T10:39:08.603892+00:00
1480,/tsonga_sunod_248_1927_sv,SouthernAfrica,tsonga,a woman,kin_role,his younger brothers (tinamu),kin_role,kinship,"Text states women generally have free, joking intercourse with husband's younger brothers (tinamu).","A woman will generally respect the elder brothers of her husband (bengi), and hold very free intercourse with his younger brothers (tinamu), and vice-versa.",tinamu,tinamu,symmetric,joking_relationship,0.95,,2026-07-06T10:39:23.463936+00:00
1481,/tsonga_sunod_248_1927_sv,SouthernAfrica,tsonga,a man,kin_role,those of his elder brothers (tinamu),kin_role,kinship,"Text states men play with the wives of their elder brothers (tinamu), a recurrent licensed familiarity.",One does not marry a ñwingi! ... A man will keep away from his younger brother's wives (bengi) and play with those of his elder brothers (tinamu).,tinamu,tinamu,symmetric,joking_relationship,0.95,,2026-07-06T10:39:23.463936+00:00
1482,/tsonga_webster_265_sv,SouthernAfrica,tsonga,women,group,men,group,within_group,"Recurring, culturally patterned public humiliation and banter between women and men (gender categories).","Rock stripping is strictly a female preserve. Any man happening by is subjected to the most humiliating insults, invariably of a sexual nature.

Women have developed the technique of humiliation to a fine art. It is the most frequently used weapon in the gender context and is played out in public, whenever there is a suitable audience.",gendered joking / humiliation,,non_symmetric,joking_relationship,0.9,,2026-07-06T10:39:32.126020+00:00
1483,/tsonga_webster_265_sv,SouthernAfrica,tsonga,women,group,returning migrants,group,within_group,"Regular, hostile humorous parody and verbal humiliation by women directed at returning migrants.","Particularly abrasive and hostile humour is reserved for returning migrants, especially if they are prone to parading around the community in new clothes, fancy shoes and mirrored sunglasses. Drink parties, or the communal waterhole, serve as the stage where women of all ages act out elaborate charades—parodying such dandies, playing with particular relish if one such unfortunate is present.",hostile parody / humiliation,,non_symmetric,joking_relationship,0.85,,2026-07-06T10:39:32.126020+00:00
1484,/tsonga_webster_266_sv,SouthernAfrica,tsonga,older women,age_set,migrant men,group,within_group,"Text describes recurrent, ritualised joking by older women toward migrant men within the society.","There is a definite sense in which women close ranks in solidarity against migrant men and attempt to restore them to lowered status by what has become a new form of a secular ritualised joking relationship. They also recognise very clearly their own dependence on the men's migrant earnings, which partly explains why it is the older women, many of whom are widows or divorcees ... who are the main perpetrators of this joking relationship, while younger women tend to be willing and amused witnesses.",secular ritualised joking relationship,,non_symmetric,joking_relationship,0.9,,2026-07-06T10:39:38.215087+00:00
1485,/tsonga_webster_268_sv,SouthernAfrica,tsonga,mother's brother,kin_role,sister's son,kin_role,kinship,"Text cites the mother's brother–sister's son tie as a modelled, ritualised joking relationship among the Thonga.","Perhaps this too, has its role model and legitimacy in the now fading mother's brother-sister's son relationship among the Thonga, so celebrated in the anthropological literature.",mother's brother–sister's son relationship,,unclear,joking_relationship,0.8,,2026-07-06T10:39:47.468962+00:00
1486,/tsonga_webster_268_sv,SouthernAfrica,tsonga,women,group,men,group,within_group,"Document describes a new, recurrent male/female joking form with licensed personal licence and humiliation linked to migrant labour.","The new form of joking relationship, with overtones of sexual innuendo, personal licence, and humiliation has arisen out of women's resentment of migrant labour. ... The new form, with its almost ritualised antagonism is particularly apposite, for the relationship which spawns it is the pivotal one in male/female interaction today.",new form of joking relationship (male/female),,non_symmetric,joking_relationship,0.85,Women-based teasing/hostility against men emphasized; categorized as within-group gender-based institutionalized joking.,2026-07-06T10:39:47.468962+00:00
1496,/zulu_hanretta_403_sv,SouthernAfrica,zulu,umNdlunkulu,group,powerful men,group,within_group,Text describes umNdlunkulu's sanctioned verbal harassment of men as a recurrent licensed liberty.,"UmNdlunkulu could verbally harass and taunt men to an extent usually permitted to most women only during their omula puberty ceremony, and powerful men who were allowed verbally to assault most women were forced to demur in regard to umNdlunkulu.",verbally harass and taunt,omula,non_symmetric,insulting_license,0.9,,2026-07-06T10:40:44.059468+00:00
1497,/zulu_krige_27_sv,SouthernAfrica,zulu,mother's mother,kin_role,grandchild,kin_role,kinship,Text describes recurrent teasing/play privileges between grandchild and mother's mother.,"The mother's mother, umakhulu, umamekhulu or simply ukhulu, or ukoko, is the one who pets and spoils you, with whom you may play and whom you may tease.","petting, spoiling, play and tease","umakhulu, umamekhulu, ukhulu, ukoko",symmetric,joking_relationship,0.9,,2026-07-06T10:40:51.759465+00:00
1498,/zulu_krige_27_sv,SouthernAfrica,zulu,father's mother,kin_role,grandchild,kin_role,kinship,"Text states grandchildren may tease the father's mother, though the relationship is less playful than with mother's mother.","The father's mother, called by the same terms as the mother's mother, may also be teased and played with, but the relationship with her is not quite so good as that between the mother's mother and the grandchild.",may be teased and played with (lesser),,mixed,joking_relationship,0.85,Less permissive joking than with mother's mother; reciprocity unclear.,2026-07-06T10:40:51.759465+00:00
1499,/zulu_krige_33,SouthernAfrica,zulu,a man,kin_role,his brother's wives,kin_role,kinship,Described recurrent 'playmates' relationship with licensed liberties between man and his brother's wives.,"""My brother's wives would be my playmates, and if I find that they have cooked something, I would take it without their permission unless it was intended for my brother. I am allowed to give them work to do for me, e.g., the weaving of a mat or a bead decoration for my sticks.""",playmates,,non_symmetric,joking_relationship,0.9,,2026-07-06T10:41:02.499484+00:00
1500,/zulu_krige_33,SouthernAfrica,zulu,a man,kin_role,his wife's sisters,kin_role,kinship,"Text states wife's sisters are 'allowed to joke widely' with the man—recurring, sanctioned joking with in-laws.","""Similarly all the sisters of my wife are allowed to joke widely with me, while there is some strain between me and my brother-in-law""",allowed to joke widely,,symmetric,joking_relationship,0.9,,2026-07-06T10:41:02.499484+00:00
1501,/zulu_raum_106_sv,SouthernAfrica,zulu,a bride,kin_role,"her HSis, her Sis-in-l",kin_role,kinship,Text states bride is forbidden to joke with in-laws except with husband's sisters—an institutionalized kin joking allowance.,"The bride's respectful conduct towards her F-in-l is clearly defined in speech avoidance.  She must not talk with her HF at all is the first generalized statement made.  ... She avoids any talk that may be considered disrespectful.  Such submissiveness is extended to all in-laws: she may not joke with any of them except her HSis, her Sis-in-l.",exception for joking,,symmetric,joking_relationship,0.9,,2026-07-06T10:41:09.392553+00:00
1502,/zulu_reader_156_sv,SouthernAfrica,zulu,abazala,kin_role,abazala,kin_role,kinship,"Text explicitly names reciprocal joking (ukulawula) between abazala, opposite-sex relatives taking licensed liberties.","It is between abazala that the reciprocal joking relationship (ukulawula) formerly obtained, wherein relatives of opposite sexes could take conversational liberties with one another to the extent of insult and indecency.",ukulawula,ukulawula,symmetric,joking_relationship,0.9,,2026-07-06T10:41:27.501720+00:00
1503,/zulu_reader_156_sv,SouthernAfrica,zulu,okанina,kin_role,okанina,kin_role,kinship,Author states remarks about abazala (including joking liberties) apply to okanina (mother's sister's children) as well.,"The okanina, the children of the mamekazi, mother's sister, rank for practical purposes in the same degree of closeness as the abazala, the children of the babekazi or of the malume. All the above remarks about abazala can be applied to okanina, the latter being distinguished by a special term to emphasize that they are children of one's mother's sister, that is, like children of one's own mother.",,,symmetric,joking_relationship,0.85,Document uses 'okанina' (mother's sister's children); joking liberties inferred via statement that remarks about abazala apply to okanina.,2026-07-06T10:41:27.501720+00:00
1504,/zulu_reader_175_sv,SouthernAfrica,zulu,boys (young men),group,girls (pagan girls / young women),group,within_group,"Recurring, culturally patterned teasing between adolescent males and females described as learned practices.","There is accordingly an aggressive as well as a compliant element in relations between the sexes during adolescence. ... Pagan girls, as they come into the love-game, accordingly learn from their elder sisters the methods of quick repartee and ridiculing young men by words. Correspondingly the latter, by listening to their brothers and older men, learn how to kilela the girls—to entrap them in speech.",,soma,symmetric,joking_relationship,0.8,"Patterned, recurrent teasing between age-sex categories during courtship; local verb 'soma' links joking and intercourse.",2026-07-06T10:41:36.035402+00:00
1505,/zulu_vilazaki_44_sv,SouthernAfrica,zulu,brothers-in-law,kin_role,sisters-in-law,kin_role,kinship,Text describes a culturally recognized recurring joking familiarity between abalamu (brothers- and sisters-in-law).,"Among the abalamu, i.e. brothers-in-law and sisters-in-law, there is an easy familiarity and joking relationship which marks them as potential spouses. At a gathering among the Qadi, a young man was talking to a group of girls and making quite a lot of verbal play on the word lala, i.e. to sleep, which can also mean sexual intercourse; and an interested person immediately remarked: “Obviously you are abalamu since this fellow is so fond of verbal play on the word lala.”",abalamu,abalamu,symmetric,joking_relationship,0.9,,2026-07-06T10:41:44.949291+00:00
388,/Akan_Clark_19_nk,WesternAfrica,Akan,one elderly woman,person,her middle-aged daughter,person,kinship,Recurring teasing between a mother and daughter at the market; kin-role patterned joking.,One elderly women trader continually startled me by interjecting comments on the theme of “My husband! You will bring me cloth!” into my peaceful conversations with her middle-aged daughter at their stall.,,,symmetric,joking_relationship,0.8,Individual dyad described repeatedly; treated as kinship joking between mother and daughter.,2026-07-06T08:53:38.384999+00:00
389,/Akan_Clark_19_nk,WesternAfrica,Akan,elderly women traders,group,male toddlers and preschoolers,kin_role,within_group,"Widespread, recurrent pastime of adults proposing marriage/kin relations to young boys — patterned adult↔child teasing.","very similar joking aimed at male toddlers and preschoolers was a popular pastime, proposing marriage and kin relations considered hilarious because of the boy's age and incomprehension.",,,non_symmetric,joking_relationship,0.85,"Described as a popular, recurrent joking pastime among traders/older women toward young boys.",2026-07-06T08:53:38.384999+00:00
390,/Akan_Fortes_273_NK,WesternAfrica,Akan,brothers and sisters,kin_role,each other,kin_role,kinship,"Text states siblings may joke and tease without offence, a culturally patterned kinship allowance.","Brothers and sisters may joke with each other, tease each other, and even quarrel, as they are prone to do in childhood, without causing offence.",easy informality of manners and dress,,symmetric,joking_relationship,0.9,,2026-07-06T08:53:48.063139+00:00
391,/Akan_Fortes_273_NK,WesternAfrica,Akan,Ashanti,ethnic group,Nzima,ethnic group,cross_group,Author identifies privileged familiarity between Ashanti and neighbouring Akan peoples like the Nzima as nearest joking relationship.,Conventionalized joking is not customary in any Ashanti kinship relationship. The nearest approach to a joking relationship is the privileged familiarity that obtains between Ashanti and some neighbouring Akan peoples like the Nzima.,privileged familiarity,,unclear,joking_relationship,0.85,Text lists Nzima as example of neighbouring Akan peoples with privileged familiarity; symmetry not explicitly stated.,2026-07-06T08:53:48.063139+00:00
392,/Akan_Fortes__273_KS,WesternAfrica,Akan,brother,kin_role,sister,kin_role,kinship,"Text states brothers and sisters routinely joke and tease without offense, a recurrent culturally permitted kinship behavior.","Brothers and sisters may joke with each other, tease each other, and even quarrel, as they are prone to do in childhood, without causing offence.",,,symmetric,joking_relationship,0.9,,2026-07-06T08:53:57.621905+00:00
393,/Akan_Fortes__273_KS,WesternAfrica,Akan,Ashanti,ethnic group,Nzima,ethnic group,cross_group,Author identifies a recurrent 'privileged familiarity' between Ashanti and neighbouring Nzima resembling a joking relationship.,Conventionalized joking is not customary in any Ashanti kinship relationship. The nearest approach to a joking relationship is the privileged familiarity that obtains between Ashanti and some neighbouring Akan peoples like the Nzima.,privileged familiarity,,symmetric,joking_relationship,0.85,,2026-07-06T08:53:57.621905+00:00
394,/Akan_Mead_303_KS,WesternAfrica,Akan,brothers,kin_role,sisters,kin_role,kinship,Text states joking and chaffing are permitted between brothers and sisters; clearly a recurrent kin-based joking tie.,"Joking and chaffing are permitted between brothers and sisters, between a man and his wife's sister, and between a woman and her husband's brother.",joking and chaffing,,symmetric,joking_relationship,0.9,,2026-07-06T08:54:10.830284+00:00
395,/Akan_Mead_303_KS,WesternAfrica,Akan,a man,kin_role,his wife's sister,kin_role,kinship,Author explicitly permits joking between a man and his wife's sister — a patterned affinal kin joking relation.,"Joking and chaffing are permitted between brothers and sisters, between a man and his wife's sister, and between a woman and her husband's brother.",joking and chaffing,,symmetric,joking_relationship,0.9,Entities kept as kin-role phrases exactly as in text.,2026-07-06T08:54:10.830284+00:00
396,/Akan_Mead_303_KS,WesternAfrica,Akan,a woman,kin_role,her husband's brother,kin_role,kinship,Text affirms permitted joking between a woman and her husband's brother — recurrent affinal joking institution.,"Joking and chaffing are permitted between brothers and sisters, between a man and his wife's sister, and between a woman and her husband's brother.",joking and chaffing,,symmetric,joking_relationship,0.9,,2026-07-06T08:54:10.830284+00:00
397,/Akan_Mead_303_NK,WesternAfrica,Akan,brothers,kin_role,sisters,kin_role,kinship,Text explicitly states joking permitted between brothers and sisters; clearly kinship-based institutional pattern.,"Joking and chaffing are permitted between brothers and sisters, between a man and his wife's sister, and between a woman and her husband's brother.",,,symmetric,joking_relationship,0.9,,2026-07-06T08:54:22.947153+00:00
398,/Akan_Mead_303_NK,WesternAfrica,Akan,man,kin_role,his wife's sister,kin_role,kinship,Explicitly named recurrent permitted joking between a man and his wife's sister; an affinal kinship pattern.,"Joking and chaffing are permitted between brothers and sisters, between a man and his wife's sister, and between a woman and her husband's brother.",,,symmetric,joking_relationship,0.9,,2026-07-06T08:54:22.947153+00:00
399,/Akan_Mead_303_NK,WesternAfrica,Akan,woman,kin_role,her husband's brother,kin_role,kinship,Text explicitly permits joking between a woman and her husband's brother; an affinal kinship institution.,"Joking and chaffing are permitted between brothers and sisters, between a man and his wife's sister, and between a woman and her husband's brother.",,,symmetric,joking_relationship,0.9,,2026-07-06T08:54:22.947153+00:00
400,/Akan_Ratray_371_KS,WesternAfrica,Akan,lender,group,borrower,group,within_group,Recurrent joking allusion tied to the bo mmokwa loan relationship between friends (lender vs borrower).,"there is a joking allusion to the custom which runs, Wo de wo tuo bo mmokwa gye abasa a, ete (‘When you lend your gun in hope of getting a foreleg, it will burst’).",joking allusion,"Wo de wo tuo bo mmokwa gye abasa a, ete",unclear,joking_relationship,0.6,Text frames the proverb as culturally recognized joke tied to the loan custom between friends; roles encoded as lender/borrower.,2026-07-06T08:54:30.653435+00:00
401,/Akan_Rattray_99_NK,WesternAfrica,Akan,mother-in-law,kin_role,son-in-law,kin_role,kinship,"Text describes recurring culturally patterned jokes, sayings and practices between sons-in-law and mothers-in-law.","There is a well-known saying which when repeated generally causes a sly giggle, ‘ ase, fie yenko’, which might be rendered by ‘You don't catch us going to mother-in-law's hut’. ... An Ashanti would not ordinarily eat out of the same dish as his mother-in-law.",mother-in-law tags / sayings,"ase, fie yenko",non_symmetric,joking_relationship,0.9,Also includes taboo/avoidance behavior and jocular insults; relationship framed as culturally recurring teasing of mother-in-law by children-in-law.,2026-07-06T08:54:37.394578+00:00
402,/Akan_Warren_34_KS,WesternAfrica,Akan,male related consanguineally or affinally,kin_role,female related consanguineally or affinally,kin_role,kinship,Text states opposite‑sex relatives (consanguineal/affinal) may have a joking relationship allowing platonic 'friend' ties.,"The Bono-Twi term adamfo[unavailable] (usually translated into English as “friend”) can be used to describe relationships between individuals of the same sex; if used by a person to describe a relationship with someone of the opposite sex, that person would usually be related either consanguineally or affinally in such a way that sexual intercourse between the two persons would be either taboo or considered highly deviant. In only this latter sense, involving a joking relationship, may there be platonic, “friendly” relationships between the sexes.",joking relationship,adamfo,symmetric,joking_relationship,0.9,,2026-07-06T08:54:54.089688+00:00
456,/Bambara_119_NK,WesternAfrica,Bambara,Koulibali,patronym,Kéita,patronym,within_group,Text states Koulibali is a Kéita's senãnku among the Bambara—institutional joking between family names within society.,"Thus, a Koulibali is a Kéita's senãnku among the Bambara; Bozo and Dogon as well as Bozo and Somono are also senãnku",senãnku,senãnkuya,symmetric,joking_relationship,0.9,,2026-07-06T09:00:40.969272+00:00
457,/Bambara_119_NK,WesternAfrica,Bambara,Bozo,ethnic group,Dogon,ethnic group,cross_group,Document repeatedly describes Dogon–Bozo as a named senãnku/allianced pair across peoples with ritualized joking.,"Thus, a Koulibali is a Kéita's senãnku among the Bambara; Bozo and Dogon as well as Bozo and Somono are also senãnku",senãnku / alliance,"măgu (Dogon), dagana (Bozo), senãnkuya",symmetric,joking_relationship,0.95,,2026-07-06T09:00:40.969272+00:00
458,/Bambara_119_NK,WesternAfrica,Bambara,Bozo,ethnic group,Somono,ethnic group,cross_group,"Text explicitly lists Bozo and Somono as 'senãnku', indicating institutionalized joking between these peoples.","Thus, a Koulibali is a Kéita's senãnku among the Bambara; Bozo and Dogon as well as Bozo and Somono are also senãnku",senãnku,senãnkuya,symmetric,joking_relationship,0.9,,2026-07-06T09:00:40.969272+00:00
459,/Bambara_119_NK,WesternAfrica,Bambara,Bozo,ethnic group,Peul,ethnic group,cross_group,Text mentions Bozo and Peul as an example of alliances involving exogamy and joking relationships between tribes.,"Moreover, within this last group, several types of alliances can be observed: some involve exogamy (Dogon and Bozo: Bozo and Peul, etc…); others exclude the possibility of carrying out purification rites.",senãnku / alliance,senãnkuya,symmetric,joking_relationship,0.85,,2026-07-06T09:00:40.969272+00:00
460,/Bambara_119_NK,WesternAfrica,Bambara,Koulibali,patronym,Tangara,ethnic group,cross_group,Koulibali and a Tangara sealed a long durable friendship by blood—explicit institutionalized alliance with joking relationship context.,"Koulibali and a Tangara, bound by a long and durable friendship, decided to seal it in a lasting way. They opened their veins and put a little blood from one wound into the other, thus realizing the alliance through this exchange.",blood alliance,,symmetric,alliance,0.9,Blood-alliance described as sealing long-term joking/alliance tie; treated as cross-group.,2026-07-06T09:00:40.969272+00:00
461,/Bambara_65_NK,WesternAfrica,Bambara,children of father's sister (kalame),kin_role,children of mother's brother (kalame),kin_role,kinship,"Text states kalame categories routinely 'joke and insult each other' on meeting, a recurring kinship-based joking tie.","The children of the ntene-muso are called kalame, and they call the66 children of their mother's brother kalame. The kalame-wjoke and insult each other when they meet.",,kalame,symmetric,joking_relationship,0.9,,2026-07-06T09:00:47.574446+00:00
462,/Bambara_79_NK,WesternAfrica,Bambara,Bozo,ethnic group,Dogon,ethnic group,cross_group,"Text explicitly states a recurring joking relationship between Bozo and Dogon, an intertribal tie.","The myths of both groups mention the apparition of the Bozo on earth as coinciding with the beginning of 51 Faro's actions which, in turn, coincides with the development of techniques among the Bambara, and with the “third word” of the Dogon (1). In addition, the “joking relationships” which they maintain with the Dogon and which go back to the origin of a whole system of tribal and intertribal alliances clearly indicate the importance of the symbolic role conferred upon them (2).",joking relationships,,symmetric,joking_relationship,0.9,,2026-07-06T09:00:55.044558+00:00
463,/Bambara_Dieterlen_153_NK,WesternAfrica,Bambara,numu (blacksmiths),caste,other Blacks,group,within_group,Text states numu practice senankuya (joking relationships) with other Blacks within the society.,"They practice endogamy, maintain joking relationships, senankuya, with other Blacks, and are in charge of certain cults dedicated to ancestors and to Faro.",senankuya,senankuya,symmetric,joking_relationship,0.8,,2026-07-06T09:01:03.333640+00:00
464,/Bambara_Dieterlen_157_NK,WesternAfrica,Bambara,blacksmiths,caste,other Blacks,group,within_group,Text states blacksmiths have senankuya joking ties with other members of the society.,"Every blacksmith is regarded as the holder of an excellent tere. He is well-intentioned, affable, and never hurts anyone. It is easy to make friends with him, to joke with him, even if one knows him but a short time. The senankuya relationships which he has with other Blacks also contribute to the cordiality of these ties.",senankuya relationships,senankuya,unclear,joking_relationship,0.8,Document frames blacksmiths as a social category with culturally recognized joking ties (senankuya) to others in the community.,2026-07-06T09:01:11.629165+00:00
465,/Bambara_Dieterlin_108_KS,WesternAfrica,Bambara,Kouloubali,clan,Diara,clan,kinship,Text links Kouloubali and Diara as family allies with patterned joking/taboo-based rites (senãnku); clearly kinship-family alliance.,"On the other hand, relationships commonly known as “joking relationships” are established between families respecting different taboos and bearing different names. ... One of the men, who belonged to the Diara family, asked them their family names. They answered that they had none. “What does that matter?” he replied. “You will live on a great mountain and take the name of Kouloubali.” They then asked the name of their ally (senãnku).",ally (senãnku) / joking relationship,senãnku,symmetric,joking_relationship,0.9,,2026-07-06T09:01:18.703937+00:00
466,/Bambara_Dieterlin_119_KS,WesternAfrica,Bambara,Koulibali,patronym,Kéita,patronym,within_group,Text names Koulibali as a Kéita's senãnku (joking relationship) within Bambara family names.,"Thus, a Koulibali is a Kéita's senãnku among the Bambara;",senãnku,dyo benatye / senãnkuya,symmetric,joking_relationship,0.9,,2026-07-06T09:01:36.949828+00:00
467,/Bambara_Dieterlin_119_KS,WesternAfrica,Bambara,Bozo,ethnic group,Dogon,ethnic group,cross_group,Text repeatedly describes Dogon–Bozo as a named institutional joking/alliance across peoples (senãnkuya type).,"A Dogon and a Bozo are twins, each carrying a particle of the other in his body and soul.",senãnkuya,senãnkuya / măgu (Dogon) / dagana (Bozo),symmetric,joking_relationship,0.95,,2026-07-06T09:01:36.949828+00:00
468,/Bambara_Dieterlin_119_KS,WesternAfrica,Bambara,Bozo,ethnic group,Somono,ethnic group,cross_group,Text lists Bozo and Somono as senãnku (joking/allied peoples).,"Thus, a Koulibali is a Kéita's senãnku among the Bambara; Bozo and Dogon as well as Bozo and Somono are also senãnku",senãnku,dyo benatye / senãnkuya,symmetric,joking_relationship,0.9,,2026-07-06T09:01:36.949828+00:00
469,/Bambara_Dieterlin_119_KS,WesternAfrica,Bambara,Bozo,ethnic group,Peul,ethnic group,cross_group,Text notes Dogon and Bozo; Bozo and Peul as types of alliances involving exogamy and joking ties.,"Moreover, within this last group, several types of alliances can be observed: some involve exogamy (Dogon and Bozo: Bozo and Peul, etc…)",senãnkuya / alliance,senãnkuya,symmetric,joking_relationship,0.85,Text groups Bozo–Peul as allied/exogamous; implies joking relationship type among such alliances.,2026-07-06T09:01:36.949828+00:00
470,/Bambara_Germaine_79_KS,WesternAfrica,Bambara,Bozo,ethnic group,Dogon,ethnic group,cross_group,Text explicitly states recurrent 'joking relationships' between Bozo and Dogon as intertribal alliance practice.,"The myths of both groups mention the apparition of the Bozo on earth as coinciding with the beginning of 51 Faro's actions which, in turn, coincides with the development of techniques among the Bambara, and with the “third word” of the Dogon (1). In addition, the “joking relationships” which they maintain with the Dogon and which go back to the origin of a whole system of tribal and intertribal alliances clearly indicate the importance of the symbolic role conferred upon them (2).",joking relationships,,symmetric,joking_relationship,0.9,,2026-07-06T09:01:43.686100+00:00
471,/Bambara_Pacques_65_KS,WesternAfrica,Bambara,children of father's sister,kin_role,children of mother's brother,kin_role,kinship,Text states kalame (these two kin categories) 'joke and insult each other'—a recurrent kinship-patterned teasing.,"The children of the ntene-muso are called kalame, and they call the children of their mother's brother kalame. The kalame-wjoke and insult each other when they meet.",,kalame,symmetric,joking_relationship,0.9,,2026-07-06T09:01:53.406403+00:00
506,/Dogon_Calame_280_NK,WesternAfrica,Dogon,kú¸nõ,kin_role,twins,kin_role,kinship,Text explicitly names a recurrent joking relationship between kú¸nõ and twins.,Relations between the kú¸nõ and twins are maintained by a sort of “joking relationship” (mà[unavailable]u). They traditionally exchange jokes on this theme.,“joking relationship”,mà[unavailable]u,symmetric,joking_relationship,0.9,,2026-07-06T09:07:06.428903+00:00
507,/Dogon_Calame_305_NK,WesternAfrica,Dogon,Dogon,ethnic group,Bozo,ethnic group,cross_group,"Text explicitly describes a recurring 'joking relationship' between Dogon and Bozo (cross-ethnic, ritualized insults).","These two people are joined in a “joking relationship” or “cathartic association,” má[unavailable]a which means to “knead into a ball.” According to Griaule this relationship gives rise to several forms of exchange of “material, moral and religious services rendered: hospitality, the administering of food and of purification, and ritual activities” (1948a: ). The relationship also gives rise to various taboos chiefly concerning sexual relationships, spilled blood, and release of tension through taunts and insults.",joking relationship; cathartic association,má[unavailable]a; má[unavailable]u,symmetric,joking_relationship,0.9,The passage notes reciprocal use of Bozo tongue insults by Dogon and Bozo; institution includes ritual exchanges and sanctioned taunts.,2026-07-06T09:07:15.362689+00:00
508,/Dogon_Calame_373_NK,WesternAfrica,Dogon,Dogon men,group,his maternal uncle's wife,kin_role,kinship,Text explicitly lists maternal uncle's wife as a recurrent mà[...]u joking partner (kin-based).,"Dogon tell sexual jokes to women with whom they have joking relationships (mà[unavailable]u), which includes his maternal uncle's wife, and the wives of friends and brothers, but they do not exchange them with their own wives.",mà[unavailable]u,mà[unavailable]u,symmetric,joking_relationship,0.9,,2026-07-06T09:07:35.049446+00:00
509,/Dogon_Calame_373_NK,WesternAfrica,Dogon,Dogon men,group,the wives of friends,group,within_group,"Text names 'wives of friends' as recurring mà[...]u joking partners, a patterned intra-societal relation.","Dogon tell sexual jokes to women with whom they have joking relationships (mà[unavailable]u), which includes his maternal uncle's wife, and the wives of friends and brothers, but they do not exchange them with their own wives.",mà[unavailable]u,mà[unavailable]u,symmetric,joking_relationship,0.9,,2026-07-06T09:07:35.049446+00:00
510,/Dogon_Calame_373_NK,WesternAfrica,Dogon,Dogon men,group,the wives of brothers,kin_role,kinship,Wives of brothers are listed as recurring mà[...]u joking partners—an affinal kin-based joking institution.,"Dogon tell sexual jokes to women with whom they have joking relationships (mà[unavailable]u), which includes his maternal uncle's wife, and the wives of friends and brothers, but they do not exchange them with their own wives.",mà[unavailable]u,mà[unavailable]u,symmetric,joking_relationship,0.9,,2026-07-06T09:07:35.049446+00:00
511,/Dogon_Calame_375_NK,WesternAfrica,Dogon,couples,kin_role,couples,kin_role,kinship,"Text explicitly reports frequent, culturally patterned joking between husband–wife couples.","Although frequent joking between couples would give the impression that their relationships are always harmonious, in reality there remains a latent tension. Dogon men live in constant fear that their wives will leave them, and Dogon women are aware that on leaving they will be left entirely to their own resources.",joking between couples,,symmetric,joking_relationship,0.9,,2026-07-06T09:07:41.987728+00:00
512,/Dogon_Calame_402_NK,WesternAfrica,Dogon,women,group,two young men,age_set,within_group,Text states recurrent joking relationships between women and specific young men in musical contexts.,"Two women beat the dance rhythms, with more or less competence; usually they merely begin the rhythms and then get two young men with whom they have joking relationships to carry it on by offering them beer.",joking relationships,,symmetric,joking_relationship,0.9,Women solicit specific young men for ritualized teasing/banter during musical performances; treated as a patterned cultural practice.,2026-07-06T09:07:49.878441+00:00
513,/Dogon_Calame_450_NK,WesternAfrica,Dogon,Dogon,ethnic group,Bozo,ethnic group,cross_group,Text states Dogon joking institution models kinship ties with the Bozo (institutionalized interethnic alliance).,"We should recall that this institution among the Dogon is the model for their kinship ties with the Bozo and that a system of relationship of the same type can be found internally between regions, villages, and families (Griaule 1948b: ).",kinship ties modeled on joking relationship,mà[unavailable]u mà[unavailable]a,unclear,joking_relationship,0.85,,2026-07-06T09:08:13.447819+00:00
514,/Dogon_Calame_450_NK,WesternAfrica,Dogon,Upper Ogol,village,Lower Ogol,village,cross_group,Describes recurring inter-village 'village taunts' in contest leading to taunts and near-violence; institutionalized inter-village teasing.,"In the competition the men from Upper Ogol were proved inferior to the contestants from Lower Ogol, and the winners assailed the losers with taunts. A veritable pitched battle ensued with an exchange of blows using staffs and rocks, and only the intervention of the masks brought it successfully to an end.",village taunts / inter-village teasing,,mixed,joking_relationship,0.9,,2026-07-06T09:08:13.447819+00:00
515,/Dogon_Calame_450_NK,WesternAfrica,Dogon,people of different dialect groups,group,each other,group,cross_group,"Text explicitly notes 'village taunts' exchanged by different dialect groups when they meet as a patterned, merry dialogic practice.",It is the same with “village taunts” exchanged by people of different dialect groups when they meet. Straight away they stamp their dialogue with a merry spirit.,village taunts,,symmetric,joking_relationship,0.75,Entity_b_raw uses literal phrasing from text to indicate reciprocal joking between dialect groups.,2026-07-06T09:08:13.447819+00:00
516,/Dogon_Griaule_107_NK,WesternAfrica,Dogon,Dogon,ethnic group,Bozo,ethnic group,cross_group,Text describes an institutionalized 'mangu' joking/cathartic alliance between Dogon and Bozo.,"The original situation of the ideal couple—twins enclosed in the same egg—is also illustrated in a religious and economic relationship maintained between the Dogon and the Bozo which has existed, it is said, from the earliest times. This institution, which flourishes over a wide area, is known as a ‘joking relationship’, though the term ‘cathartic alliance’ has been suggested for it.",mangu; joking relationship,mangu,symmetric,joking_relationship,0.9,,2026-07-06T09:08:24.790960+00:00
517,/Dogon_Griaule_215_NK,WesternAfrica,Dogon,Bozo,ethnic group,Dogon,ethnic group,cross_group,Text explicitly states a recurrent 'joking relationship' between Bozo and Dogon; cross-community ethnic groups.,"Fish and men are twins, and the Bozo is himself of water, being the first fisherman of the Niger and the master of the river. The Bozo maintain what is called a ‘joking relationship’ with the Dogon who traditionally refer to them as ‘fish that walk on land’.",‘joking relationship’,fish that walk on land,symmetric,joking_relationship,0.9,,2026-07-06T09:08:31.543824+00:00
518,/Dogon_Griaule_222_NK,WesternAfrica,Dogon,Sanga,village,Ireli,village,cross_group,Sanga habitually mock/taunt Ireli in sung jibes; inter-community patterned teasing.,"The people of Sanga mock the people of Ireli by saying:

yogo ireli s˛o yakoh[unknown]
ad[unknown]n[unknown] ¯na ku diana.
Tomorrow there will be tales at Ireli
Because (someone named) Adene has cooked an Ox's head.
Sanga.",mockery,,non_symmetric,joking_relationship,0.8,,2026-07-06T09:08:43.661576+00:00
519,/Dogon_Griaule_222_NK,WesternAfrica,Dogon,Sanga,village,Yendoumman,village,cross_group,Sanga sing songs celebrating superiority over Yendoumman; recurring inter-community mockery.,"According to the people of Sanga, the villages of Yendoumman were built
upon ground that is without rocks, which to their eyes is an inconvenience,
perhaps because of the termites which cannot live in a rocky place but swarm
in the loose earth.

In order to celebrate their superiority, the people of Sanga sing:

yendummã de sãga ir[unknown]
sãgana taba yak˛o.
Sanga is worth more than Yendoumman
At Sanga, there are rocks.",mockery / superiority song,,non_symmetric,joking_relationship,0.8,,2026-07-06T09:08:43.661576+00:00
520,/Dogon_Griaule_26_NK,WesternAfrica,Dogon,Dogon,ethnic group,Bozo,ethnic group,cross_group,Text explicitly describes a recurrent 'joking kinship' (cathartic relationship) with prohibitions and mutual aid.,"The Dogon, who are farmers, maintain special relations with the Bozo, fishermen of the Niger, which the Dogon call sorogon; they are united through a cathartic relationship or “joking kinship,” which implies the observance of a certain number of prohibitions and also mutual aid. both rigorously defined.",joking kinship / cathartic relationship,sorogon,symmetric,joking_relationship,0.9,,2026-07-06T09:08:52.131545+00:00
521,/Dogon_Griaule_289_NK,WesternAfrica,Dogon,very young children,age_set,the Fox (manu),group,within_group,"Text explicitly names a recurrent 'joking relationship' between young children and the Fox, a cultural play partner.","This idea of the expansion of the human domain, progressively impinging upon that of the Fox (who show the way), is illustrated or inaugurated (one may say) in children's games. The role of the very young children, who have a “joking relationship” with the Fox ( manu), is to play with his “earth,” both to look for him and to chase him away.",joking relationship,manu,symmetric,joking_relationship,0.9,,2026-07-06T09:09:00.359390+00:00
522,/Dogon_Parin_506_NK,WesternAfrica,Dogon,Dogon,ethnic group,the White,ethnic group,cross_group,Text describes ritual/mock joking directed at a White as an institutionalized restorative mocking relationship.,"For example, if an attitude of the analyst led to the fact that the analysand felt dependent on him, as on a patron, he might address a ritual joke to the White. This immediately restored his self-awareness and made possible another form of transference.",mocking-relationship,,unclear,joking_relationship,0.6,Document treats ritualized 'mocking-relationship' as a cultural institution; only explicit cross-group example involves addressing a White (analyst).,2026-07-06T09:09:08.886199+00:00
523,/Dogon_Parin_59_NK,WesternAfrica,Dogon,All Dogon,ethnic group,the Bozo,ethnic group,cross_group,Text states all Dogon have mock-kinship (mangu) with the Bozo; cross-community institutional joking.,"All Dogon have a mock-kinship with the Bozo, members of a tribe of fishermen who live somewhat beyond, on the Niger.",mock-kinship,mangu,symmetric,joking_relationship,0.95,,2026-07-06T09:09:32.658879+00:00
524,/Dogon_Parin_59_NK,WesternAfrica,Dogon,boys,age_set,girls,age_set,within_group,"Describes recurring mock-relationship between boys and girls during shared work, a patterned licensed joking.","If boys and girls have a mock-relationship with one another while they are sharing some work such as harvesting po, the innuendos are even more obscene.",mock-relationship,,symmetric,joking_relationship,0.9,,2026-07-06T09:09:32.658879+00:00
525,/Dogon_Parin_59_NK,WesternAfrica,Dogon,paternal family,lineage,maternal family,lineage,within_group,Text explains the two mocking each other are regarded as paternal vs maternal family; recurring institutional role.,"It explains why, according to legend, the two mocking each other are usually regarded as the paternal family and the maternal family.",,,symmetric,joking_relationship,0.9,,2026-07-06T09:09:32.658879+00:00
526,/Dogon_Parin_59_NK,WesternAfrica,Dogon,wife of the maternal uncle,kin_role,wife of the grandfather (nani),kin_role,kinship,Both kin roles are listed as kinfolk who must be treated by mock-relationship (licensed joking) with ego.,"Kinfolk who must be treated in this way are the ones who, in other circumstances, might be thought of as a married couple, such as the brother's wives or those with whom a sexual approach would be the same as incest, such as the wife of the maternal uncle and the wife of the grandfather ( nani).",,,unclear,joking_relationship,0.7,Text indicates these kin roles are treated with mock-relationship toward ego; pairwise joking between these two roles is inferred as both are listed as treated thus.,2026-07-06T09:09:32.658879+00:00
527,/Fon_Herskovits_151_NK,WesternAfrica,Fon,woman,kin_role,husband's grandfather,kin_role,kinship,Explicit culturally patterned 'playmate' address (asúchi) between a woman and her husband's grandfather.,"In the present instance, information concerning these configurations developed from an analysis of the significance of the terms employed by a person toward his spouse's grandparents. In address, a woman calls her husband's grandfather asúchi, “my husband,” and this usage reflects the existence of a playmate relationship",playmate relationship,asúchi,unclear,joking_relationship,0.9,,2026-07-06T09:10:18.976219+00:00
528,/Fon_Herskovits_151_NK,WesternAfrica,Fon,wives,kin_role,husband's brothers,kin_role,kinship,Text states wives may joke with all their husband's brothers as part of the playmate configuration.,"Thus, a woman may joke with all her husband's brothers, whether these brothers have the same mother or not, regardless of age, the reason for this being that when the husband dies, some of his wives become the wives of his brothers.",playmate relationship,,symmetric,joking_relationship,0.9,,2026-07-06T09:10:18.976219+00:00
529,/Fon_Herskovits_151_NK,WesternAfrica,Fon,man,kin_role,mother-in-law,kin_role,kinship,Author notes men may joke with their mother-in-law and that mothers-in-law and sons-in-law often joke.,"A man may joke with his mother-in-law, in spite of the fact that the feeling between mother-in-law and son-in-law is ordinarily not too cordial. It was stated, indeed, that mothers-in-law and sons-in-law joke all the more for this reason.",,,symmetric,joking_relationship,0.9,,2026-07-06T09:10:18.976219+00:00
530,/Fon_Herskovits_151_NK,WesternAfrica,Fon,mother-in-law,kin_role,daughter-in-law,kin_role,kinship,Text explicitly states a mother-in-law may joke with her daughter-in-law as part of supervised intimacy.,"A mother-in-law may joke with her daughter-in-law, because the mothers of both the bride and the groom supervise the first sexual contacts between a man and his wife.",,,symmetric,joking_relationship,0.9,,2026-07-06T09:10:18.976219+00:00
531,/Fon_Herskovits_151_NK,WesternAfrica,Fon,brothers-in-law,kin_role,each other,group,kinship,Brothers-in-law are described as often very close friends who joke with one another.,"Brothers-in-law are often very close friends, and sisters-in-law usually joke with each other, but this is only an indication of the freedom bred of more or less intimate everyday contact.",,,symmetric,joking_relationship,0.85,,2026-07-06T09:10:18.976219+00:00
532,/Fon_Herskovits_151_NK,WesternAfrica,Fon,sisters-in-law,kin_role,each other,group,kinship,Sisters-in-law are stated to usually joke with each other as a patterned social freedom.,"Brothers-in-law are often very close friends, and sisters-in-law usually joke with each other, but this is only an indication of the freedom bred of more or less intimate everyday contact.",,,symmetric,joking_relationship,0.85,,2026-07-06T09:10:18.976219+00:00
533,/Fon_Herskovits_151_NK,WesternAfrica,Fon,man,kin_role,brothers of his grandfather,kin_role,kinship,The text permits joking between a man and his grandfather's brothers (patterned kin joking).,"A man may not joke with his father's brothers, but he may do so with the brothers of his grandfather.",,,unclear,joking_relationship,0.9,,2026-07-06T09:10:18.976219+00:00
534,/Fon_Herskovits_296_NK,WesternAfrica,Fon,operator,person,boys of a village,kin_role,within_group,Operator performs ritual horse-play and teasing toward initiated boys during circumcision ceremony.,"The operator, according to this account, goes through some horse-play with the boys before he actually operates. He may, for example, take hold of the foreskin and tug at it, all the while watching his charge to see if the boy is nervous; and then tug harder still, or he will place the knife on the thigh of his subject, and look into his face to see if he shows fear.",horse-play / teasing by operator,,non_symmetric,teasing,0.9,,2026-07-06T09:10:34.220827+00:00
535,/Fon_Herskovits_296_NK,WesternAfrica,Fon,friends and relatives,kin_role,boys of a village,kin_role,within_group,Friends and relatives publicly tease boys during the circumcision ceremony as a patterned practice.,"The ceremony is public, and friends and relatives stand about teasing the boys and joking with them, in order to dissipate any squeamishness, and more than that, to make them ashamed of showing fear.",teasing / joking,,non_symmetric,joking_relationship,0.95,,2026-07-06T09:10:34.220827+00:00
536,/Fon_Herskovits_296_NK,WesternAfrica,Fon,men (holding the boys' shoulders),group,boys of a village,kin_role,within_group,Men hold boys to steady them during operation and are described as part of the ritual setting involving teasing.,"Ordinarily, two men are beside each boy, holding his shoulders to steady him. The wound is washed on the third day, and again the organ is pinched so that undue scarification will not occur, and this is repeated daily until the wound is healed.",holders / steadyers (ritual interaction),,non_symmetric,joking_relationship,0.8,"Men are involved in the ritual context; explicit teasing mainly attributed to bystanders and operator, but holders are part of patterned interaction.",2026-07-06T09:10:34.220827+00:00
537,/Fulani_Dupire_349_NK,WesternAfrica,Fulani,Bororo,ethnic group,dillalai-mahautaa,caste,cross_group,Text describes recurring dendiraagal joking alliance between Bororo and dillalai-mahautaa as institutionalized.,"Among the Bororo, servile relations have become very much lessened in content and have actually been assimilated into a sort of joking relationship (dendiraagal).",dendiraagal,dendiraagal,non_symmetric,joking_relationship,0.9,,2026-07-06T09:10:49.103082+00:00
538,/Fulani_Dupire_349_NK,WesternAfrica,Fulani,brother's children,kin_role,sister's children,kin_role,kinship,"Described as an internal, asymmetrical dendiraagal joking relation between specified kin roles (masters vs ""slaves"").","Even within Bororo society this relationship is asymmetrical, the brother's children playing the role of “masters” in relation to the sister's children, called the “slaves.”",dendiraagal,dendiraagal,non_symmetric,joking_relationship,0.95,,2026-07-06T09:10:49.103082+00:00
539,/Fulani_Dupire_349_NK,WesternAfrica,Fulani,sedentary Fulani,ethnic group,sarakolle,group,cross_group,Author notes a parallel institutional protected/trader joking relation in Fouta-Jalon between sedentary Fulani and 'sarakolle'.,In Fouta-Jalon this relationship existed in a parallel form between the sedentary Fulani and the traders whom they protected and whom they called “their sarakolle.”,sarakolle,sarakolle,non_symmetric,joking_relationship,0.7,"Parallel, regional example rather than core Tahoua case.",2026-07-06T09:10:49.103082+00:00
540,/Fulani_Dupire_71_NK,WesternAfrica,Fulani,daughter-in-law,kin_role,husband's younger brothers,kin_role,kinship,Text explicitly describes a recurring joking relationship between these kin roles in camp context.,"She has, on the other hand, a joking relationship with her husband's younger brothers, and they call each other “old fellow” and “my wife”.",joking relationship,“old fellow” and “my wife”,symmetric,joking_relationship,0.9,,2026-07-06T09:10:56.725691+00:00
541,/Fulani_Dupire_72_NK,WesternAfrica,Fulani,a married woman,kin_role,her younger brothers-in-law,kin_role,kinship,Text explicitly states a recurrent joking relationship between married women and younger brothers-in-law.,"Thus, deferent towards her husband's parents and her elder brothers, a woman is on equal terms often of an affectionate and friendly nature with her sisters-in-law, and has a joking relationship with her younger brothers-in-law.",,,symmetric,joking_relationship,0.9,,2026-07-06T09:11:04.431954+00:00
542,/Fulani_Kaartinen_121_NK,WesternAfrica,Fulani,Dadi,person,Mariyama,person,kinship,Text explicitly calls their rapport a joking relationship likened to cross-cousins (kinship-based).,"Dadi, one of my friends from the city who works as a migrant laborer, is back to stay at his mother's house for a few weeks. He is a little older than I am, and our relationship has developed into a kind of a joking relationship, almost as if we were cross-cousins (denDiraaBe).",joking relationship (cross-cousin),denDiraaBe,symmetric,joking_relationship,0.9,,2026-07-06T09:11:12.766526+00:00
543,/Fulani_Kaartinen_7_NK,WesternAfrica,Fulani,brothers,lineage,sister's children,lineage,within_group,Text describes dendiraagal/cross-cousin alliance producing joking relations between these lineage categories.,"Dendiraagal, “cross-cousinship”, between two distinct “lineages” can imply either alliance and a joking relationship, or a competitive opposition between the groups. Two primary lineages that have intermarried in the past and are thus related through cognatic ties are “brothers” and “sister's children”, or “men” and “women” towards each other (Dupire 1962, – ).",dendiraagal / cross-cousinship,Dendiraagal,symmetric,joking_relationship,0.8,,2026-07-06T09:11:37.620051+00:00
544,/Fulani_Kaartinen_7_NK,WesternAfrica,Fulani,Wodaabe,ethnic group,Beriberi,ethnic group,cross_group,Ancient marital alliances produced dendiraagal (joking/alliance) between Wodaabe and Beriberi neighbors.,"Ancient marriages8 between Wodaabe headmen and their Beriberi and Kanouri neighbors, as well as between Wodaabe and the slaves they acquired during the period of jihad, have remained as a basis of dendiraagal between Woodaabe and their ancient allies and serfs (ibid.: 27, 29, 37, ; 1970, ).",dendiraagal,Dendiraagal,non_symmetric,joking_relationship,0.7,Text links these alliances with hierarchical relations; subordination is implied.,2026-07-06T09:11:37.620051+00:00
545,/Fulani_Kaartinen_7_NK,WesternAfrica,Fulani,Wodaabe,ethnic group,Kanouri,ethnic group,cross_group,Marital ties with Kanouri are cited as basis for dendiraagal (joking/alliance) between groups.,"Ancient marriages8 between Wodaabe headmen and their Beriberi and Kanouri neighbors, as well as between Wodaabe and the slaves they acquired during the period of jihad, have remained as a basis of dendiraagal between Woodaabe and their ancient allies and serfs (ibid.: 27, 29, 37, ; 1970, ).",dendiraagal,Dendiraagal,non_symmetric,joking_relationship,0.7,Hierarchy between groups is mentioned alongside these alliances.,2026-07-06T09:11:37.620051+00:00
546,/Fulani_Kaartinen_7_NK,WesternAfrica,Fulani,Wodaabe,ethnic group,the slaves they acquired during the period of jihad,group,cross_group,Text states marriages between Wodaabe and their acquired slaves form dendiraagal tying Wodaabe and serfs into joking/allied relations.,"Ancient marriages8 between Wodaabe headmen and their Beriberi and Kanouri neighbors, as well as between Wodaabe and the slaves they acquired during the period of jihad, have remained as a basis of dendiraagal between Woodaabe and their ancient allies and serfs (ibid.: 27, 29, 37, ; 1970, ).",dendiraagal,Dendiraagal,non_symmetric,joking_relationship,0.6,Serf relationship implies hierarchical subordination; text frames as basis for dendiraagal.,2026-07-06T09:11:37.620051+00:00
547,/Fulani_Kristin_159_NK,WesternAfrica,Fulani,WoDaaBe cross-cousins,kin_role,WoDaaBe cross-cousins,kin_role,kinship,Text states cross-cousins stand in culturally defined joking-relationships within WoDaaBe.,"Young men, for example, who stand in culturally defined joking-relationships (either in the same age group or cross-cousins) often refer to one another as Hausa or Tuaregs, intended then as a friendly insult.",joking-relationships,,symmetric,joking_relationship,0.9,,2026-07-06T09:11:57.735594+00:00
548,/Fulani_Kristin_159_NK,WesternAfrica,Fulani,WoDaaBe young men in the same age group,age_set,WoDaaBe young men in the same age group,age_set,within_group,Author notes same age-group young men have culturally defined joking-relationships.,"Young men, for example, who stand in culturally defined joking-relationships (either in the same age group or cross-cousins) often refer to one another as Hausa or Tuaregs, intended then as a friendly insult.",joking-relationships,,symmetric,joking_relationship,0.9,,2026-07-06T09:11:57.735594+00:00
549,/Fulani_Kristin_159_NK,WesternAfrica,Fulani,WoDaaBe,ethnic group,Beriberi,ethnic group,cross_group,Text explicitly describes interrelations between WoDaaBe and Beriberi as a joking-relationship.,"Interrelations with the Beriberi in Niamey are characterized by a joking-relationship, which is similar to that between WoDaaBe cross-cousins (Dupire 1962a:27).",joking-relationship,,unclear,joking_relationship,0.95,,2026-07-06T09:11:57.735594+00:00
597,/Hausa_Baba_102_NK,WesternAfrica,Hausa,Barebare,ethnic group,Fulani,ethnic group,cross_group,"Text explicitly calls Barebare (Bornu people) and Fulani 'joking relations', a recurrent cross-group institutional tie.","we are Kado—Habe, the people who have been here since long before the Fulani came; Habe are free, not like a dimajo or a bacucane, they are two names for the same thing—the son of a slave, a man born in captivity. We came from Bornu but we were like Habe, and my family did not like to marry

 ) But the chief of the town was a Fulani, and

Regulation Of

Avuncular And
Nepotic Relatives

Regulation Of

into families who  held ruling titles, in spite of the fact that Bornu people
and Fulani are joking relations—Barebare and Fulani. (
 ) That was why
could not marry Sarkin Zarewa’s son.",joking relations,,symmetric,joking_relationship,0.9,,2026-07-06T09:17:56.870119+00:00
598,/Hausa_Baba_138_NK,WesternAfrica,Hausa,husband,person,his joking relations,group,within_group,"Text names recurrent 'joking relations' who assist husband in ritual work, indicating an institutionalized joking tie within the society.","Then at the seventh month, or earlier, the husband begins to cut down wood in the bush and collect it, he and his younger brother and his joking relations.",,,unclear,joking_relationship,0.6,Document uses the phrase 'his joking relations' as a recognized social category allied with husband; parties not further named.,2026-07-06T09:18:03.827094+00:00
599,/Hausa_Baba_145_NK,WesternAfrica,Hausa,wife,kin_role,husband's younger brother,kin_role,kinship,Text states wives joking with husband's younger brother as a culturally patterned relation.,"You joke with his younger brother, and you joke with all your husband's joking relations—his grandparents and cross-cousins.",joke with,,unclear,joking_relationship,0.9,,2026-07-06T09:18:12.585478+00:00
600,/Hausa_Baba_145_NK,WesternAfrica,Hausa,wife,kin_role,husband's grandparents,kin_role,kinship,Grandparents are listed among the husband's 'joking relations' with whom the wife jokes recurrently.,"You joke with his younger brother, and you joke with all your husband's joking relations—his grandparents and cross-cousins.",joking relations,,unclear,joking_relationship,0.9,,2026-07-06T09:18:12.585478+00:00
601,/Hausa_Baba_145_NK,WesternAfrica,Hausa,wife,kin_role,husband's cross-cousins,kin_role,kinship,Cross-cousins are explicitly named as part of the husband's joking relations with the wife.,"You joke with his younger brother, and you joke with all your husband's joking relations—his grandparents and cross-cousins.",joking relations,,unclear,joking_relationship,0.9,,2026-07-06T09:18:12.585478+00:00
602,/Hausa_Baba_151_NK,WesternAfrica,Hausa,Uwa,person,Baba,person,kinship,"Text explicitly calls Uwa 'my kawa' — kawa is a named joking partnership, a recurrent kin-based tie.",Uwa was my kawa .,kawa,kawa,symmetric,joking_relationship,0.8,,2026-07-06T09:18:24.615510+00:00
603,/Hausa_Baba_151_NK,WesternAfrica,Hausa,Giwa,person,Audu,person,kinship,Giwa 'persuaded her joking relation' Audu — explicitly described as a culturally recognized joking relation between named kin.,"Very well, Giwa consulted with her husband's younger brother Audu, she coaxed him, she persuaded her joking relation, they talked the matter over until he agreed.",,,symmetric,joking_relationship,0.7,Audu is identified as the husband's younger brother; the joking tie is described between Giwa and Audu.,2026-07-06T09:18:24.615510+00:00
604,/Hausa_Baba_212_NK,WesternAfrica,Hausa,Baba of Karo,person,Gambo,person,kinship,"Text states they were ""joking relations"" tied to kin (father's sister).","Her mother was my father’s sister, we were joking relations.",joking relations,,symmetric,joking_relationship,0.9,,2026-07-06T09:18:30.387657+00:00
605,/Hausa_Baba_21_NK,WesternAfrica,Hausa,children,kin_role,grandparents,kin_role,kinship,Text explicitly describes recurrent privileged teasing between children and grandparents.,"Joking relationships, expressed by privileged behaviour such as teasing, and the right to appropriate certain possessions of the other party, obtain between children and their grandparents, ... the first-named parties being privileged to tease and take things from the last-named, who retaliate with good-natured abuse and more teasing.",privileged teasing,,non_symmetric,joking_relationship,0.9,,2026-07-06T09:18:45.756175+00:00
606,/Hausa_Baba_21_NK,WesternAfrica,Hausa,children of a sister,kin_role,children of a brother,kin_role,kinship,Text states an institutionalized joking relation where the first-named children may tease and take things from the others.,"Joking relationships, expressed by privileged behaviour such as teasing, and the right to appropriate certain possessions of the other party, obtain between children and their grandparents, and between children of a sister and a brother, in both cases the first-named parties being privileged to tease and take things from the last-named, who retaliate with good-natured abuse and more teasing.",privileged teasing,,non_symmetric,joking_relationship,0.9,,2026-07-06T09:18:45.756175+00:00
607,/Hausa_Baba_21_NK,WesternAfrica,Hausa,a man,kin_role,his elder brother’s wife,kin_role,kinship,Author explicitly lists this recurring joking relation as similar privileged teasing.,"There are also certain other joking relations, such as a man and his elder brother’s wife, who behave in a similar way.",privileged teasing,,non_symmetric,joking_relationship,0.85,"By parallel with previous sentence, the man (first-named) is privileged to tease/take from the elder brother's wife.",2026-07-06T09:18:45.756175+00:00
608,/Hausa_Baba_243_NK,WesternAfrica,Hausa,grandparents,kin_role,grandchildren,kin_role,kinship,Text states grandparents act as joking relations with grandchildren; clearly a kinship-based licensed teasing role.,"Talle is chosen to act as ‘grandmother’ as she is a joking relation of ‘Yardada’s, as also are grandparents. This joking relationship is of the kind between ethnic and occupational groups, not between real kinsfolk.",joking relation (grandmother–grandchild role),,symmetric,joking_relationship,0.9,,2026-07-06T09:18:59.996879+00:00
609,/Hausa_Baba_243_NK,WesternAfrica,Hausa,"Buzaye, the Sokoto people",ethnic group,blacksmiths,caste,within_group,Author explicitly describes joking as between ethnic (Buzaye/Sokoto) and occupational (blacksmith) groups; patterned cross-unit teasing.,"'Yardada a daughter of the Buzaye, the Sokoto people, so won’t she joke with a blacksmith’s daughter? ... Talle is chosen to act as ‘grandmother’ as she is a joking relation of ‘Yardada’s, as also are grandparents. This joking relationship is of the kind between ethnic and occupational groups, not between real kinsfolk.",joking relation (ethnic–occupational),,symmetric,joking_relationship,0.9,,2026-07-06T09:18:59.996879+00:00
610,/Hausa_Baba_24_NK,WesternAfrica,Hausa,Fulani,ethnic group,Kanuri (Barebare),ethnic group,cross_group,Text explicitly calls Fulani–Kanuri a culturally defined 'joking relation' between ethnic groups.,"The second classification of Hausa marriages distinguishes primarily
between marriages of kinship or quasi-kinship and marriages between

unrelated persons. The former type ( auren zumunci, auren dangintaka )
includes all forms of cousin-marriage, and holds between members of
different occupational or even ethnic groups which are defined as joking
relations, such as the Fulani and the Kanuri (Barebare).",joking relations,,symmetric,joking_relationship,0.9,,2026-07-06T09:19:06.456188+00:00
611,/Hausa_Baba_90_NK,WesternAfrica,Hausa,the bride,kin_role,his younger brother (the bride’s joking relation),kin_role,kinship,Text explicitly names the bride's joking relation as the bridegroom's younger brother; a recurrent kin-role teasing tie.,"The young men, the bridegroom’s friends, come, and his younger brother (the bride’s joking relation) they come and help to hold her.",bride’s joking relation,,symmetric,joking_relationship,0.9,,2026-07-06T09:19:12.581122+00:00
612,/Hausa_Baba_93_NK,WesternAfrica,Hausa,bride,kin_role,the bridegroom’s grandmothers,kin_role,kinship,"Text labels the bridegroom's grandmothers explicitly as the bride's ""new joking relations"" at marriage.","But when they arrive at her hut door they find her new joking relations, the bridegroom’s grandmothers, sitting there and saying that they can’t come in with the bride! When they are given a little money they get up and let her in.",new joking relations,,unclear,joking_relationship,0.9,,2026-07-06T09:19:23.902243+00:00
613,/Hausa_Baba_93_NK,WesternAfrica,Hausa,the girls,group,the bridegroom’s friends,group,within_group,Recurring ritualized teasing: girls stop the groom's friends and extract money three times during the procession.,"The girls hold up the bridegroom’s friend, they won’t let him start off until he has given them some money—three times he has to give them money before they will let him go, with the bride on her horse.",,,non_symmetric,joking_relationship,0.85,"Patterned, ceremonial teasing between specified participants in marriage procession.",2026-07-06T09:19:23.902243+00:00
614,/Hausa_Baba_93_NK,WesternAfrica,Hausa,bride,kin_role,the bride's girl-friends,group,within_group,"Bride's girl-friends perform a recurring ritual of blocking her entrance and singing, a licensed teasing role.","Then it is the turn of the bride’s girl-friends to prevent her from entering her hut, they sing and the chief kawa hangs onto the bride.",,,non_symmetric,joking_relationship,0.85,"Ceremonial, patterned behavior tied to marriage rite.",2026-07-06T09:19:23.902243+00:00
615,/Hausa_Baba_94_NK,WesternAfrica,Hausa,bride,kin_role,bridegroom’s younger sister,kin_role,kinship,Text names the groom’s younger sister as “the bride’s new joking relation” at marriage ceremonies.,"Then the groom’s younger sister, the bride’s new joking relation, comes quickly with a vessel of water with a threepanny piece in it, she puts it down at the Life History Materials door of the hut and runs away.",bride’s new joking relation,,mixed,joking_relationship,0.9,,2026-07-06T09:19:37.349653+00:00
616,/Hausa_Baba_94_NK,WesternAfrica,Hausa,bride’s kawa,group,bridegroom’s younger sisters,kin_role,kinship,Bride’s kawa and girls engage in patterned teasing and chasing with the groom’s younger sisters during the wedding.,"The bride’s friends and the groom’s younger sisters are playing and teasing, the friends won’t let the bridegroom’s younger sisters enter the bride’s hut, and when food is being eaten, if the younger sisters come near, the bride’s friends will smear them with porridge and stew and oil and they will have to run away and wash.",playing and teasing,,mixed,joking_relationship,0.9,,2026-07-06T09:19:37.349653+00:00
617,/Hausa_Baba_94_NK,WesternAfrica,Hausa,kawa,group,mawankiya,kin_role,kinship,Kawa steals the bride’s slippers and the mawankiya must pay to redeem them as part of wedding ritual teasing.,"The chief kawa steals the bride’s slippers and hides them, and her mawankiya has to pay her to bring them back.",,,unclear,joking_relationship,0.7,mawankiya interpreted as a kin-role; kawa treated as ritual/party role involved in joking.,2026-07-06T09:19:37.349653+00:00
618,/Hausa_Baba_99_NK,WesternAfrica,Hausa,the bride,kin_role,the bridegroom's younger brother,kin_role,kinship,Text explicitly calls the groom's younger brother 'her joking relation' during bride teasing.,"Before the marriage had ‘taken’ the bridegroom’s younger brother would come and tease the bride, he would look at her spinning and say ‘It’s no good!’ he would break the thread and she would get up and hit him and chase him away. He is her joking relation.",joking relation,,unclear,joking_relationship,0.9,Institutionalized teasing tied to affinal role (groom's younger brother); source describes ritualized permissive behavior during marriage transition.,2026-07-06T09:19:43.398993+00:00
619,/Hausa_Beik_118_NK,WesternAfrica,Hausa,secretary,group,young man,group,within_group,Text describes recurrent culturally patterned flirtatious joking between secretary (young woman) and young man in office performances.,"Yet equally a part of the scene, although unwritten, was the joking rapport between the young people, the coy requests of the secretary and the man’s compliance, which earns him immediate access to her employer.",joking rapport / flirtation,,symmetric,joking_relationship,0.6,Occupation/age-gender patterned teasing in performance reflects real-life licensed flirtation.,2026-07-06T09:19:52.312490+00:00
620,/Hausa_Beik_215_NK,WesternAfrica,Hausa,Beriberi,ethnic group,Fulani,ethnic group,cross_group,"Text states a recurrent joking tie between these named groups (wasan nangi), national patterning.","Mai Samari: In this country the Beriberi joke with the Fulani, right?",,wasan nangi,symmetric,joking_relationship,0.9,,2026-07-06T09:20:11.350192+00:00
621,/Hausa_Beik_215_NK,WesternAfrica,Hausa,Gwari,ethnic group,man from Gobir,regional group,cross_group,Speaker enumerates recurrent joking relationships across named groups (wasan nangi).,"Mai Samari: If you continue, you’ll meet up with the Gwari who jokes with the man from Gobir,",,wasan nangi,symmetric,joking_relationship,0.9,,2026-07-06T09:20:11.350192+00:00
622,/Hausa_Beik_215_NK,WesternAfrica,Hausa,man from Katsina,regional group,man from Gobir,regional group,cross_group,Text lists repeated joking tie between Katsina and Gobir inhabitants as cultural pattern.,"Mai Samari: if you go even further, you’ll meet the man from Katsina who jokes with the man from Gobir,",,wasan nangi,symmetric,joking_relationship,0.9,,2026-07-06T09:20:11.350192+00:00
623,/Hausa_Beik_215_NK,WesternAfrica,Hausa,man from Arewa,regional group,man from Adar,regional group,cross_group,Explicitly described recurrent joking relationship between Arewa and Adar (part of list of national ties).,"Mai Samari: you go even further, you’ll see the man from the Arewa joking with the man from Adar ...",,wasan nangi,symmetric,joking_relationship,0.9,,2026-07-06T09:20:11.350192+00:00
624,/Hausa_Besmer_72_NK,WesternAfrica,Hausa,his own and his parallel cousin’s children,kin_role,their real grandfathers,kin_role,kinship,Text states these children live with and have a joking relationship with their real grandfathers.,The result of these adoptions is that his own and his parallel cousin’s children live with their real grandfathers with whom they have a joking relationship.,joking relationship,,symmetric,joking_relationship,0.9,,2026-07-06T09:20:18.674126+00:00
625,/Hausa_Besmer_78_NK,WesternAfrica,Hausa,Sarkin Rafi,person,Badakuwa,person,kinship,Text explicitly calls their tie a joking relationship tied to in-law role (younger brother's wife).,"His wife is Nana’aishe who causes stomach ailments and incessant itching and the joking relationship he has with Badakuwa, his younger brother’s wife, has been inflated into an adulterous one.",joking relationship,,symmetric,joking_relationship,0.9,,2026-07-06T09:20:25.588527+00:00
626,/Hausa_Faulkingham_139_NK,WesternAfrica,Hausa,a person,kin_role,his matrilateral cross-cousins,kin_role,kinship,Text explicitly states joking relations exist between a person and matrilateral cross-cousins tied to kin roles.,"have been formally merged with the Islamic custom of shaaràa, where during the month after Ramadan, a person may demand up to 10CFA from any and each of his matrilateral cross-cousins and his maternal grandparents.",joking relations,shaaràa,symmetric,joking_relationship,0.9,,2026-07-06T09:20:51.847896+00:00
627,/Hausa_Faulkingham_139_NK,WesternAfrica,Hausa,a person,kin_role,his maternal grandparents,kin_role,kinship,Sentence names recurrent licensed joking between a person and maternal grandparents (same clause as cross-cousins).,"have been formally merged with the Islamic custom of shaaràa, where during the month after Ramadan, a person may demand up to 10CFA from any and each of his matrilateral cross-cousins and his maternal grandparents.",joking relations,shaaràa,symmetric,joking_relationship,0.9,,2026-07-06T09:20:51.847896+00:00
628,/Hausa_Faulkingham_139_NK,WesternAfrica,Hausa,a person,kin_role,FaSi,kin_role,kinship,"Author notes joking behavior toward FaSi is practiced despite informants' abstract denial, indicating institutionalized pattern.","While in the abstract, my informants denied that joking relations exist between a person and FaSi and MoBr, their own joking behavior toward these relatives and towards BrSo, BrDa, SiSo, and SiDa contradicted their statements.",joking relations,,symmetric,joking_relationship,0.8,FaSi given as raw term in text (likely father's sister).,2026-07-06T09:20:51.847896+00:00
629,/Hausa_Faulkingham_139_NK,WesternAfrica,Hausa,a person,kin_role,MoBr,kin_role,kinship,"Text reports joking behavior toward MoBr despite informants' denials, indicating recurrent tie.","While in the abstract, my informants denied that joking relations exist between a person and FaSi and MoBr, their own joking behavior toward these relatives and towards BrSo, BrDa, SiSo, and SiDa contradicted their statements.",joking relations,,symmetric,joking_relationship,0.8,MoBr given as raw term in text (likely mother's brother).,2026-07-06T09:20:51.847896+00:00
630,/Hausa_Faulkingham_139_NK,WesternAfrica,Hausa,a person,kin_role,BrSo,kin_role,kinship,Author records joking behavior toward BrSo as part of patterned joking with kin categories.,"While in the abstract, my informants denied that joking relations exist between a person and FaSi and MoBr, their own joking behavior toward these relatives and towards BrSo, BrDa, SiSo, and SiDa contradicted their statements.",joking relations,,symmetric,joking_relationship,0.8,,2026-07-06T09:20:51.847896+00:00
631,/Hausa_Faulkingham_139_NK,WesternAfrica,Hausa,a person,kin_role,BrDa,kin_role,kinship,"Text groups BrDa with other kin categories toward whom joking behavior is practiced, indicating institutional pattern.","While in the abstract, my informants denied that joking relations exist between a person and FaSi and MoBr, their own joking behavior toward these relatives and towards BrSo, BrDa, SiSo, and SiDa contradicted their statements.",joking relations,,symmetric,joking_relationship,0.8,,2026-07-06T09:20:51.847896+00:00
632,/Hausa_Faulkingham_139_NK,WesternAfrica,Hausa,a person,kin_role,SiSo,kin_role,kinship,"SiSo listed among kin categories toward whom joking behavior occurs, marking an institutionalized joking tie.","While in the abstract, my informants denied that joking relations exist between a person and FaSi and MoBr, their own joking behavior toward these relatives and towards BrSo, BrDa, SiSo, and SiDa contradicted their statements.",joking relations,,symmetric,joking_relationship,0.8,,2026-07-06T09:20:51.847896+00:00
633,/Hausa_Faulkingham_139_NK,WesternAfrica,Hausa,a person,kin_role,SiDa,kin_role,kinship,"SiDa included in list of relatives toward whom joking behavior is practiced, indicating recurring cultural pattern.","While in the abstract, my informants denied that joking relations exist between a person and FaSi and MoBr, their own joking behavior toward these relatives and towards BrSo, BrDa, SiSo, and SiDa contradicted their statements.",joking relations,,symmetric,joking_relationship,0.8,,2026-07-06T09:20:51.847896+00:00
634,/Hausa_Greenberg_203_NK,WesternAfrica,Hausa,cross-cousins,kin_role,each other,kin_role,kinship,Text states cross-cousins are culturally designated 'playmates' with licensed liberties.,"Although the kinship terminology, which is in general of the merging type, gives no special recognition to cross- cousins as opposed to parallel cousins, cross cousins, whether of the same or opposite sex, are said to be ’abó[unknown]kán wa[unknown]sá[unknown], “playmates.”",’abó[unknown]kán wa[unknown]sá[unknown] (playmates),’abó[unknown]kán wa[unknown]sá[unknown],non_symmetric,joking_relationship,0.9,"Text describes superior/inferior privileges (taking property), making relation asymmetrical in practice.",2026-07-06T09:21:26.607951+00:00
635,/Hausa_Greenberg_203_NK,WesternAfrica,Hausa,grandparents,kin_role,grandchildren,kin_role,kinship,Author links grandparents-grandchildren to same 'playmates' relationship with licensed liberties.,This is a relationship also found between grandparents and grandchildren and in some other instances to be discussed later.,’abó[unknown]kán wa[unknown]sá[unknown] (playmates),’abó[unknown]kán wa[unknown]sá[unknown],non_symmetric,joking_relationship,0.85,"Privileges (e.g., taking property) imply a superior/inferior dynamic.",2026-07-06T09:21:26.607951+00:00
636,/Hausa_Greenberg_203_NK,WesternAfrica,Hausa,"one clan (d an wâ, “son of the older brother”)",clan,"partner clan (d án k ánwa, “son of the younger sister”)",clan,within_group,Text describes recurring joking partnership between paired clans with traditional intermarriage.,"This usage is extended to pairs of clans between whom there is traditional intermarriage. All clans have at least one partner in such a relationship, occasionally — several, and a pair of clans thus connected are said to be ’abó[unknown]kán wa[unknown]sá[unknown] to each other. Of the two clans, one is said to be d an wâ[unknown], “son of the older brother,” and the other one d án k ánwa[unknown], “son of the younger sister”; and any member of the latter clan, as the inferior, is privileged to take from any member of the former.",’abó[unknown]kán wa[unknown]sá[unknown] (paired clans),’abó[unknown]kán wa[unknown]sá[unknown],mixed,joking_relationship,0.9,Both clans claim superiority though ritual/privilege assigns inferior/superior roles.,2026-07-06T09:21:26.607951+00:00
637,/Hausa_Greenberg_203_NK,WesternAfrica,Hausa,K w áryá[unknown]wá[unknown],clan,Zá[unknown]fá[unknown]wá[unknown],clan,within_group,Specific clan pair example where Kwáryáwá consider Záfáwá their superior cross-cousins.,"One clan at least, the K w áryá[unknown]wá[unknown], state that they are descendants of a Baribari (Kanuri) slave, the great-great-grandfather of the present mature generation, who married a daughter of a member of the Zá[unknown]fá[unknown]wá[unknown] clan whom the K w áryá[unknown]wá[unknown] consider their superior cross-cousins.",,,non_symmetric,joking_relationship,0.95,Explicit superiority claim makes relation asymmetrical.,2026-07-06T09:21:26.607951+00:00
638,/Hausa_Greenberg_204_NK,WesternAfrica,Hausa,grandparents,kin_role,grandchildren,kin_role,kinship,Text explicitly states recurrent joking/play between grandparents and grandchildren.,"The other joking relationships between individuals are between grandparents and grandchildren, between parents and their youngest child (who in this as in other respects is assimilated to a grandchild), ... Grandparents and grandchildren of opposite sex call each other “husband” and “wife” in play, ...",play / joking,,symmetric,joking_relationship,0.9,,2026-07-06T09:21:47.728378+00:00
639,/Hausa_Greenberg_204_NK,WesternAfrica,Hausa,parents,kin_role,their youngest child,kin_role,kinship,Document identifies recurring joking between parents and their youngest child as a patterned relation.,"The other joking relationships between individuals are between grandparents and grandchildren, between parents and their youngest child (who in this as in other respects is assimilated to a grandchild), ...",joking,,symmetric,joking_relationship,0.85,,2026-07-06T09:21:47.728378+00:00
640,/Hausa_Greenberg_204_NK,WesternAfrica,Hausa,a man,kin_role,his older sibling’s spouse,kin_role,kinship,Text expressly cites recurring joking ties between a man and his older sibling's spouse.,"The other joking relationships between individuals are between grandparents and grandchildren, between parents and their youngest child (who in this as in other respects is assimilated to a grandchild), between a man and his older sibling’s spouse and a woman and her older sibling’s spouse.",joking,,symmetric,joking_relationship,0.9,,2026-07-06T09:21:47.728378+00:00
641,/Hausa_Greenberg_204_NK,WesternAfrica,Hausa,a woman,kin_role,her older sibling’s spouse,kin_role,kinship,Document lists woman ↔ older sibling's spouse as a patterned joking relation.,"The other joking relationships between individuals are between grandparents and grandchildren, between parents and their youngest child (who in this as in other respects is assimilated to a grandchild), between a man and his older sibling’s spouse and a woman and her older sibling’s spouse.",joking,,symmetric,joking_relationship,0.9,,2026-07-06T09:21:47.728378+00:00
642,/Hausa_Greenberg_204_NK,WesternAfrica,Hausa,brothers-in-law,kin_role,sisters-in-law,kin_role,kinship,Text states brothers- and sisters-in-law call each other husband/wife in play—an institutionalized joking tie.,"Grandparents and grandchildren of opposite sex call each other “husband” and “wife” in play, and this is also true of brothers-in-law and sisters-in-law who are joking relatives.",joking / play,,symmetric,joking_relationship,0.95,,2026-07-06T09:21:47.728378+00:00
643,/Hausa_Greenberg_207_NK,WesternAfrica,Hausa,male cross-cousin (opposite sex pair),kin_role,female cross-cousin (opposite sex pair),kin_role,kinship,Text states cross-cousins are culturally considered 'joking relatives' among Moslem Hausa.,"This is only a passing phase, since among the Moslem Hausa as a whole, cross-cousins are considered joking relatives, a survival of pagan conditions, while parallel cousins are not, in spite of the preferred status accorded to this type of marriage.",joking relatives,,symmetric,joking_relationship,0.9,,2026-07-06T09:22:00.322606+00:00
644,/Hausa_Greenberg_207_NK,WesternAfrica,Hausa,male parallel-cousin,kin_role,female parallel-cousin,kin_role,kinship,Passage reports converts regard parallel cousins as 'joking relatives' enabling marriage within the clan.,"A pagan explaining what would be involved in his conversion said that he would now consider his parallel cousins as 'abo kan wa sa, “joking relatives,” and marry his former clan mates.",abo kan wa sa (joking relatives),abo kan wa sa,symmetric,joking_relationship,0.85,This applies to recent converts' practice; among broader Moslem Hausa parallel cousins are not generally joking relatives.,2026-07-06T09:22:00.322606+00:00
645,/Hausa_Hill_203_NK,WesternAfrica,Hausa,certain friends,group,certain friends,group,within_group,Text defines abokin wasa as joking between certain friends — a patterned intra-group relationship.,"Abokin wasa. The ‘joking-relationship’ between certain friends, occupational groups, and categories of kin, the latter including cross-cousins, grandparents (and grandchildren) and a younger brother of a husband or wife.",abokin wasa,Abokin wasa,symmetric,joking_relationship,0.9,,2026-07-06T09:22:19.834313+00:00
646,/Hausa_Hill_203_NK,WesternAfrica,Hausa,occupational groups,group,occupational groups,group,within_group,Author lists occupational groups as participants in the recurrent abokin wasa joking-relationship.,"Abokin wasa. The ‘joking-relationship’ between certain friends, occupational groups, and categories of kin, the latter including cross-cousins, grandparents (and grandchildren) and a younger brother of a husband or wife.",abokin wasa,Abokin wasa,symmetric,joking_relationship,0.9,,2026-07-06T09:22:19.834313+00:00
647,/Hausa_Hill_203_NK,WesternAfrica,Hausa,cross-cousins,kin_role,cross-cousins,kin_role,kinship,Cross-cousins explicitly named as a kin category in the institutional abokin wasa joking ties.,"Abokin wasa. The ‘joking-relationship’ between certain friends, occupational groups, and categories of kin, the latter including cross-cousins, grandparents (and grandchildren) and a younger brother of a husband or wife.",abokin wasa,Abokin wasa,symmetric,joking_relationship,0.95,,2026-07-06T09:22:19.834313+00:00
648,/Hausa_Hill_203_NK,WesternAfrica,Hausa,grandparents,kin_role,grandchildren,kin_role,kinship,Text lists grandparents and grandchildren as a recurrent joking-relationship category (institutional kin tie).,"Abokin wasa. The ‘joking-relationship’ between certain friends, occupational groups, and categories of kin, the latter including cross-cousins, grandparents (and grandchildren) and a younger brother of a husband or wife.",abokin wasa,Abokin wasa,symmetric,joking_relationship,0.95,,2026-07-06T09:22:19.834313+00:00
649,/Hausa_Hill_203_NK,WesternAfrica,Hausa,a younger brother of a husband or wife,kin_role,husband or wife,kin_role,kinship,The phrase names the younger brother of a spouse as included in the institutional abokin wasa kin categories.,"Abokin wasa. The ‘joking-relationship’ between certain friends, occupational groups, and categories of kin, the latter including cross-cousins, grandparents (and grandchildren) and a younger brother of a husband or wife.",abokin wasa,Abokin wasa,symmetric,joking_relationship,0.8,Text lists this kin category as participant; pairing with 'husband or wife' interpreted as the corresponding affinal relation.,2026-07-06T09:22:19.834313+00:00
650,/Hausa_Salamone_121_NK,WesternAfrica,Hausa,Dukawa,ethnic group,Kamberi,ethnic group,cross_group,Text explicitly names recurrent joking relationship between Dukawa and Kamberi (ethnic groups).,"The Dukawa, their closest friends, have tended to look down on the Kamberi for their “shyness” even while maintaining their joking relationship ( abokin wasar ) with them.",abokin wasar,abokin wasar,symmetric,joking_relationship,0.9,,2026-07-06T09:22:24.259322+00:00
651,/Hausa_Salamone_40_NK,WesternAfrica,Hausa,Dukawa,ethnic group,Kamberi,ethnic group,cross_group,Text states a maintained joking relationship between the two ethnic groups based on a shared legend.,"The Dukawa and Kamberi, in fact, have maintained a jokingrelationship with one another, stressing their traditional friendship and based on a common legend. As one would expect, the punch line of the legend varies, depending on the ethnic affiliation of the narrator.",jokingrelationship,,symmetric,joking_relationship,0.95,,2026-07-06T09:22:29.764928+00:00
652,/Hausa_Salamone_45_NK,WesternAfrica,Hausa,Dukawa,ethnic group,Kamberi,ethnic group,cross_group,Text states Dukawa and Kamberi enjoyed a culturally recognized joking relationship between allied groups.,"It is suggestive that they provided wives for every ethnic group in Yauri except the Dukawa, who were already their allies and enjoyed a joking relationship with them.",allies and enjoyed a joking relationship,,symmetric,joking_relationship,0.9,,2026-07-06T09:22:43.496034+00:00
653,/Hausa_Salamone_92_NK,WesternAfrica,Hausa,Kamberi males,ethnic group,Dukawa males,ethnic group,cross_group,Text states a well-developed joking relationship between Kamberi and Dukawa males; interethnic age-line joking.,"For example, Kamberi and Dukawa males traditionally socialize with one another along age lines. They have a very well-developed joking relationship with one another.",,,symmetric,joking_relationship,0.9,,2026-07-06T09:22:50.104246+00:00
654,/Hausa_Smith_132_NK,WesternAfrica,Hausa,Tarno,group,chief,kin_role,kinship,"Text states Tarno and the chief were cross-cousins and joking relations, a recurrent kin-based joking tie.",Thus Tarno and the chief were often cross-cousins and joking relations.,joking relations,,symmetric,joking_relationship,0.9,,2026-07-06T09:22:56.325081+00:00
655,/Hausa_Smith_169_NK,WesternAfrica,Hausa,Abdullahi,person,Habu,person,kinship,Text identifies Habu as Abdullahi's 'joking relation' (abokin wasa) via maternal kin succession.,"he gave the office to this mother’s brother, and after the latter’s death he gave the office to this mother’s brother’s son, Habu, a joking relation ( abokin wasa

Government
Institutions
).",abokin wasa,abokin wasa,symmetric,joking_relationship,0.9,,2026-07-06T09:23:04.286765+00:00
656,/Hausa_Smith_253_NK,WesternAfrica,Hausa,dimajo,kin_role,"his master's children, real and classificatory ('yanuwa)",kin_role,kinship,"Text states dimajai had recurring joking relations with their master's children, a patterned kinship-based tie.","he was from birth incorporated in the Muhammadan population, and addressed his master as father ( baba ); his master’s children, real and classificatory, were his siblings (’ yanuwa ), and some of  them were his joking relations.",joking relations,,symmetric,joking_relationship,0.9,,2026-07-06T09:23:10.990703+00:00
657,/Hausa_Smith_41_NK,WesternAfrica,Hausa,Ego,kin_role,cross-cousins,kin_role,kinship,"Text explicitly labels ego's cross-cousins as recurrent joking relations (abokan wasa), a kinship-based institution.","Ego’s cross-cousins of either sex are his abokan wasa (joking relations), and there is not much difference in the affective or social content of the relationships between go and his paternal or maternal grandparents.",abokan wasa (joking relations),abokan wasa,symmetric,joking_relationship,0.9,,2026-07-06T09:23:17.619666+00:00
658,/Hausa_Smith_43_NK,WesternAfrica,Hausa,Ego,person,children of Ego's gogo,kin_role,kinship,Text states children of gogo are Ego's recurring joking relations (abokan wasa).,The children of Ego’s gogo and kawu are Ego’s joking relations (abokan wasa) and preferred spouses in the marriage known as auren zumunta (see p. 49).,abokan wasa,abokan wasa,unclear,joking_relationship,0.95,,2026-07-06T09:23:58.698507+00:00
659,/Hausa_Smith_43_NK,WesternAfrica,Hausa,Ego,person,children of Ego's kawu,kin_role,kinship,Same sentence explicitly lists children of kawu as Ego's joking relations.,The children of Ego’s gogo and kawu are Ego’s joking relations (abokan wasa) and preferred spouses in the marriage known as auren zumunta (see p. 49).,abokan wasa,abokan wasa,unclear,joking_relationship,0.95,,2026-07-06T09:23:58.698507+00:00
660,/Hausa_Smith_43_NK,WesternAfrica,Hausa,cross-cousin (father's side),kin_role,Ego,person,kinship,Text asserts joking relations hold between cross-cousins (father's side) and ego.,"Joking relationships hold between cross-cousins on the father’s or mother’s side; between grandparents and grandchildren and, among affines, between the husband and his wife’s younger sister, whom he calls “mata” (wife) as well as between a wife and her husband’s younger brother, who also use the",,,symmetric,joking_relationship,0.9,Father's-side and mother's-side cross-cousins are both named; this entry covers father's-side cross-cousin relation with ego.,2026-07-06T09:23:58.698507+00:00
661,/Hausa_Smith_43_NK,WesternAfrica,Hausa,cross-cousin (mother's side),kin_role,Ego,person,kinship,Text asserts joking relations hold between cross-cousins (mother's side) and ego.,"Joking relationships hold between cross-cousins on the father’s or mother’s side; between grandparents and grandchildren and, among affines, between the husband and his wife’s younger sister, whom he calls “mata” (wife) as well as between a wife and her husband’s younger brother, who also use the",,,symmetric,joking_relationship,0.9,Mother's-side cross-cousin relation with ego.,2026-07-06T09:23:58.698507+00:00
662,/Hausa_Smith_43_NK,WesternAfrica,Hausa,grandparent,kin_role,grandchild,kin_role,kinship,Text explicitly lists grandparents and grandchildren as holding joking relationships.,"Joking relationships hold between cross-cousins on the father’s or mother’s side; between grandparents and grandchildren and, among affines, between the husband and his wife’s younger sister,",,,symmetric,joking_relationship,0.95,,2026-07-06T09:23:58.698507+00:00
663,/Hausa_Smith_43_NK,WesternAfrica,Hausa,husband,kin_role,wife's younger sister,kin_role,kinship,Text names joking between husband and his wife's younger sister (affinal relation).,"Joking relationships hold ... among affines, between the husband and his wife’s younger sister, whom he calls “mata” (wife) as well as between a wife and her husband’s younger brother,","""mata"" (wife)",mata,unclear,joking_relationship,0.9,,2026-07-06T09:23:58.698507+00:00
664,/Hausa_Smith_43_NK,WesternAfrica,Hausa,wife,kin_role,husband's younger brother,kin_role,kinship,Text explicitly states wives joke with husband's younger brother (affinal joking).,"Joking relationships hold ... as well as between a wife and her husband’s younger brother, who also use the",,,unclear,joking_relationship,0.9,,2026-07-06T09:23:58.698507+00:00
665,/Hausa_Smith_43_NK,WesternAfrica,Hausa,butchers (mahauta),caste,blacksmiths (makira),caste,within_group,Text lists butchers and blacksmiths as having joking relationships across occupations.,"It is to be noted that joking relationships are not [unavailable] to kin and affines, but also hold on set occasions between categories or persons of different occupation, affiliation with an ethnic group, or state, thus: butchers and blacksmiths (mahauta, makira),",,"mahauta, makira",symmetric,joking_relationship,0.9,,2026-07-06T09:23:58.698507+00:00
666,/Hausa_Smith_43_NK,WesternAfrica,Hausa,mallams,group,hunters,group,within_group,Mallams and hunters are enumerated as occupational categories holding joking ties.,"butchers and blacksmiths (mahauta, makira), mallams and hunters [unavailable], maharba), barber-doctors and blacksmiths (wanzamai, makira);",,,symmetric,joking_relationship,0.8,Source has an unavailable fragment for hunter term; nonetheless relation between mallams and hunters is asserted.,2026-07-06T09:23:58.698507+00:00
667,/Hausa_Smith_43_NK,WesternAfrica,Hausa,barber-doctors (wanzamai),caste,blacksmiths (makira),caste,within_group,Text explicitly pairs barber-doctors with blacksmiths as joking partners.,"barber-doctors and blacksmiths (wanzamai, makira);",,"wanzamai, makira",symmetric,joking_relationship,0.95,,2026-07-06T09:23:58.698507+00:00
668,/Hausa_Smith_43_NK,WesternAfrica,Hausa,men of Zaria,regional group,men of Kano,regional group,cross_group,Text lists men of Zaria and Kano as having joking relationships across places.,"butchers and blacksmiths (mahauta, makira), mallams and hunters [unavailable], maharba), barber-doctors and blacksmiths (wanzamai, makira); [unavailable] and Fulani, men of Zaria and Kano, men of Zamfara and Katsina, and others.",,,symmetric,joking_relationship,0.85,,2026-07-06T09:23:58.698507+00:00
669,/Hausa_Smith_43_NK,WesternAfrica,Hausa,men of Zamfara,regional group,men of Katsina,regional group,cross_group,Text explicitly pairs men of Zamfara with men of Katsina in joking ties.,"men of Zaria and Kano, men of Zamfara and Katsina, and others.",,,symmetric,joking_relationship,0.85,,2026-07-06T09:23:58.698507+00:00
670,/Hausa_Smith_43_NK,WesternAfrica,Hausa,"Buzaye (serfs of the Asben people, Tuareg)",caste,blacksmiths,caste,cross_group,Text states joking relationships hold between Buzaye (serfs) and blacksmiths (occupational/ethnic cross).,"Joking relationships also hold between ethnic groups and occupational groups, such as Buzaye (serfs of the Asben people, Tuareg) and blacksmiths.",,Buzaye,symmetric,joking_relationship,0.9,,2026-07-06T09:23:58.698507+00:00
671,/Hausa_Smith_43_NK,WesternAfrica,Hausa,family of a slave-owner,group,their slaves or serfs,group,within_group,Observations noted limited-context joking between slave-owner families and their slaves/serfs.,"Finally, joking relationships in limited contexts were observed between the family of a slave-owner and their slaves or serfs.",,,non_symmetric,joking_relationship,0.85,Described as limited contexts; likely asymmetrical given social positions.,2026-07-06T09:23:58.698507+00:00
672,/Hausa_Smith_44_NK,WesternAfrica,Hausa,grandparents,kin_role,grandchildren,kin_role,kinship,Text explicitly calls grandparent–grandchild a standardized play-relationship.,"The fondness and play-relationship which links grandparents and grandchildren, and is standardised as a main motive for adoption.",play-relationship,,mixed,joking_relationship,0.9,,2026-07-06T09:24:22.960903+00:00
673,/Hausa_Smith_44_NK,WesternAfrica,Hausa,child of the female sibling,kin_role,child of the male sibling,kin_role,kinship,Described as a bilateral cross-cousin joking relationship with ritualized collection.,"The bilateral cross-cousin jokingrelationship which is expressed by the collection of kudin shara at the Mohammedan New Year, the child of the female sibling claiming ½d. or 1d. from the child of the male sibling because, as Hausa say, “the son of the male is the slave of the son of the female”.",cross-cousin jokingrelationship,,symmetric,joking_relationship,0.95,,2026-07-06T09:24:22.960903+00:00
674,/Hausa_Smith_44_NK,WesternAfrica,Hausa,spouses of Ego’s elder siblings of different sex,kin_role,Ego,person,kinship,"Text notes joking ties between Ego and spouses of elder siblings as tension-relieving, recurrent.","Joking relationships between the spouses of Ego’s elder siblings of different sex and Ego, and also between the abokan wasa (cross-cousins and grandparents, particularly the former) of a spouse and his partner by marriage, tend to relieve the tensions inherent in affinal relationships and the conditions of Hausa marriage.",,abokan wasa,mixed,joking_relationship,0.85,Entity labels follow phrasing in text; relation framed as recurring in marriage context.,2026-07-06T09:24:22.960903+00:00
675,/Hausa_Smith_44_NK,WesternAfrica,Hausa,abokan wasa (cross-cousins and grandparents) of a spouse,group,his partner by marriage,person,kinship,Document states abokan wasa of a spouse and the spouse's marital partner have joking ties relieving affinal tensions.,"Joking relationships between the spouses of Ego’s elder siblings of different sex and Ego, and also between the abokan wasa (cross-cousins and grandparents, particularly the former) of a spouse and his partner by marriage, tend to relieve the tensions inherent in affinal relationships and the conditions of Hausa marriage.",abokan wasa,abokan wasa,unclear,joking_relationship,0.8,Text groups cross-cousins and grandparents as abokan wasa tied to a spouse; target labeled 'his partner by marriage' per original wording.,2026-07-06T09:24:22.960903+00:00
676,/Hausa_Smith_44_NK,WesternAfrica,Hausa,occupational groups,group,occupational groups,group,within_group,"Text explicitly describes joking relationships between occupational groups, tied to marriage and cooperation.","Joking relationships between occupational groups were accompanied by preferred marriages between members of the groups, and a strong feeling of zumunta or mutual co-operation. Like all joking relationships, these were expressed annually in the custom of collecting kudin shara.",,,symmetric,joking_relationship,0.9,,2026-07-06T09:24:22.960903+00:00
677,/Hausa_Smith_44_NK,WesternAfrica,Hausa,states or racial groups,regional group,states or racial groups,regional group,cross_group,Described as joking ties between states/racial groups that established peace and linkages.,Joking relationships between states or racial groups are said to have been accompanied by a permanent peace; they were regarded as the expression of linkages between such states or groups which stabilised the wider framework within which the Seven Hausa States (“Hausa bakwai”) maintained their existence...,,,symmetric,joking_relationship,0.9,,2026-07-06T09:24:22.960903+00:00
678,/Hausa_Smith_44_NK,WesternAfrica,Hausa,owners,group,slaves,group,within_group,Text notes joking relations between owners and their slaves relieving tension and extending kin terms.,"Joking relationships between owners and their slaves served to relieve some of the tension inherent in their relations, as did the extension of kinship terms such as dan uwa to slaves.",,dan uwa,non_symmetric,joking_relationship,0.9,,2026-07-06T09:24:22.960903+00:00
679,/Hausa_Smith_45_NK,WesternAfrica,Hausa,grandfather,kin_role,granddaughter,kin_role,kinship,Explicit recurrent teasing where grandfather calls granddaughter 'wife'—kinship-based joking role.,"a grandfather may call his granddaughter [unavailable] wife”, while the grandmother may join in and call the little girl “my [unavailable] wife” (kishiarta);",,kishiarta,unclear,joking_relationship,0.9,Text shows grandfather calling granddaughter 'wife' as culturally patterned; directionality not specified.,2026-07-06T09:24:37.903281+00:00
680,/Hausa_Smith_45_NK,WesternAfrica,Hausa,grandmother,kin_role,granddaughter,kin_role,kinship,Grandmother joins in calling little girl 'my wife'—recurrent kin-based teasing.,"a grandfather may call his granddaughter [unavailable] wife”, while the grandmother may join in and call the little girl “my [unavailable] wife” (kishiarta);",,kishiarta,unclear,joking_relationship,0.85,Grandmother involvement explicitly mentioned; patterned teasing within grandparent–grandchild roles.,2026-07-06T09:24:37.903281+00:00
681,/Hausa_Smith_45_NK,WesternAfrica,Hausa,cross-cousins,kin_role,cross-cousins,kin_role,kinship,Cross-cousins repeatedly engage in playful superiority/inferiority (slave/master) as institutionalized joking.,cross-cousins often make play with the allusion to [unavailable] and slave mentioned above - “the brother’s son is the slave of the sister’s son”.,playful superiority/inferiority,auren dan mace da dan kane,non_symmetric,joking_relationship,0.95,Text frames brother's son vs sister's son with master/slave allusion; treated as asymmetric superiority in the joking.,2026-07-06T09:24:37.903281+00:00
682,/Hausa_Smith_45_NK,WesternAfrica,Hausa,wife's kin,kin_role,husband's kin,kin_role,kinship,Joking relations centred about married people relieve tensions between the spouses' kin—institutional in-laws teasing.,The joking relations centred about a married people serve to relieve the tensions which are expressed in the [unavailable] (suruki) relationships holding between most of the parties concerned.,,suruki,unclear,joking_relationship,0.9,Refers to joking relations among kin of married people (in-laws); exact behavioral symmetry not specified.,2026-07-06T09:24:37.903281+00:00
683,/Hausa_Smith_46_NK,WesternAfrica,Hausa,cross-cousins,kin_role,cross-cousins,kin_role,kinship,Text states cross-cousins are culturally recognized joking relations with privileged familiarity.,"In both the Fulani and Hausa kinship systems, cross-cousins are joking relations whose relationship involves privileged familiarity.",,,symmetric,joking_relationship,0.9,,2026-07-06T09:24:47.029956+00:00
684,/Hausa_Smith_46_NK,WesternAfrica,Hausa,the chief,person,cross-cousins,kin_role,within_group,"Chiefs appoint and rely on cross-cousins, using their joking/privileged familiarity in political roles.","Accordingly, Fulani and Hausa rulers like to appoint cross-cousins to their staffs, thus converting these warm and solidary kinship relations to political use. ... the Fulani or Hausa chief relies heavily on his cross-cousins for confidential information on such affairs within and beyond the palace and looks to them for frank advice on appropriate courses of action.",,,mixed,joking_relationship,0.9,Extracts institutionalized privileged familiarity as used politically between office (chief) and kin-role (cross-cousins).,2026-07-06T09:24:47.029956+00:00
685,/Igbo_Bastian_202_NK,WesternAfrica,Igbo,elder women,group,younger people,age_set,within_group,Text states elder women 'can joke—and often have joking relations with younger people' as recurring patterned teasing.,"Elder women can joke—and often have joking relations with younger people—about sexual relations, but they are expected to lose interest in pursuing such matters after they are beyond child bearing age.",joking relations,,symmetric,joking_relationship,0.9,,2026-07-06T09:24:54.288997+00:00
686,/Igbo_Henderson_297_NK,WesternAfrica,Igbo,the Onitsha,regional group,Nri,regional group,cross_group,Text explicitly describes a recurrent joking relationship between Onitsha and Nri kings across communities.,"These patterns suggest a structured ambiguity in the relations between the Onitsha and Nri kings. By early exploratory times a kind of joking relationship had developed between the two, in which the king of Onitsha permitted the king of Nri to sacrifice at the major shrines to land and river in recognition of his spiritual superiority, but seized the latter's followers for ransom as a sign of his superior strength.",a kind of joking relationship,,mixed,joking_relationship,0.9,,2026-07-06T09:25:00.102037+00:00
687,/Igbo_Okere_78_NK,WesternAfrica,Igbo,child/offspring (of a woman born in Umuonyeike),kin_role,mother's patrilineage,lineage,kinship,Text explicitly states a recurrent joking relationship tied to maternal patrilineage and offspring moving between lineages.,"A proverb encapsulates this procedure: Emeruo Umunna, ejhee umunne (If one harms one's father's people, one goes to one's mother's people). There is a jokingrelationship with the mother's patrilineage.",,,symmetric,joking_relationship,0.8,Entity A formulated as child/offspring kin role because the passage refers to sons moving to their mother's patrilineage and then joking ties.,2026-07-06T09:25:13.014161+00:00
688,/Igbo_Ottenberg_267_NK,WesternAfrica,Igbo,cross-cousins,kin_role,cross-cousins,kin_role,kinship,Text links a recurring joking relationship specifically tied to cross-cousin kinship and its effects on marriage.,"Mitchell writes of the Yao that they consider marriage between cross-cousins an unstable type of relationship, attributing this to the continuance of a jokingrelationship that existed before.",joking relationship,,symmetric,joking_relationship,0.8,"Statement ties institutionalized joking to the cross-cousin kinship relation (general, with Yao example).",2026-07-06T09:25:21.874564+00:00
689,/Igbo_Ottenberg_273_NK,WesternAfrica,Igbo,men of the village,village,men of the compound that the boy comes from,clan,within_group,Patterned teasing between village men and specific compound men about initiand failure.,"If an initiand dies, faints, or gets sick there, men of the village joke with men of the compound that the boy comes from, saying, “Your compound is weak. What have you been doing? Your boy is left behind.”",joke,,non_symmetric,joking_relationship,0.9,Compound treated as a social unit within the village; jokes are directed at the compound by village men.,2026-07-06T09:25:29.105612+00:00
690,/Igbo_Uchendu_67_NK,WesternAfrica,Igbo,the sister's son,kin_role,the mother's brother's lineage,lineage,kinship,Text describes a culturally sanctioned joking/poaching privilege of nephew within mother's-brother lineage.,"While he stays with his mother's brother, he is treated with much affection and allowed a wide latitude in his behavior. He jokes at the expense of everybody, his mother's father, his mother's brother and their wives. This joking relationship is extended to all the members of the mother's brother's lineage.",joking relationship,,mixed,joking_relationship,0.9,,2026-07-06T09:25:43.570502+00:00
691,/Igbo_Uchendu_86_NK,WesternAfrica,Igbo,ΘmΘɔkpΘ,kin_role,ndom alΘ alΘ,kin_role,kinship,Text explicitly identifies a culturally patterned joking relationship between these two women's categories.,The relation between these two classes of women is one of “potential” conflict covertly expressed in the joking relationship between them and overtly manifested in the institutionalized authority of the ΘmΘɔkpΘ over the ndom alΘ alΘ during the mourning rites marking the latter's widowhood.,joking relationship,,symmetric,joking_relationship,0.9,,2026-07-06T09:25:50.781923+00:00
692,/Kanuri_Cohen_173_NK,WesternAfrica,Kanuri,married man,kin_role,zairo (unmarried/circumcised person),kin_role,within_group,Cultural practice of jokingly calling certain married/divorced men 'zairo' — a recurrent licensed teasing label.,"When a young man is divorced and has no other wives, or even if he is married but is known to be especially attentive to other women he is jokingly referred to as zairo (any person who has not been married,  but who has been circumcised, more often referring to the sexually active).",jokingly referred to as zairo,zairo,non_symmetric,insulting_license,0.9,Teasing targets married or divorced men behaving like bachelors; recurrent cultural label rather than single anecdote.,2026-07-06T09:26:00.438635+00:00
693,/Kanuri_Cohen_42_NK,WesternAfrica,Kanuri,junior,kin_role,senior,kin_role,kinship,Text describes formalized permissive joking where junior becomes equal to senior within kin-based respect scale.,"In such relationships the customary restrictions and demands upon behavior based on seniority, generation, sex, or any other status differences, are relaxed. They are instead replaced by formalized patterns of permissiveness in which the junior becomes the equal of the senior, and therefore a putative and formalized kind of reciprocity can be established.",joking relations,,symmetric,joking_relationship,0.8,,2026-07-06T09:26:11.808246+00:00
694,/Kanuri_Cohen_42_NK,WesternAfrica,Kanuri,relatives,kin_role,relatives,kin_role,kinship,"Author states numkam denotes related kin relationships not governed by respect scale, allowing joking and egalitarian ties among kin.","Later, however, I realized that such people are friends because they are related. Relatedness ( numkam ) can consequently be used in a number of ways. ... it can be used to refer to relationships within the kinship network that are not necessarily governed by the respect scale.",,numkam,symmetric,joking_relationship,0.7,Covers kin relationships marked by numkam permitting joking; text treats these as a class rather than specific pairs.,2026-07-06T09:26:11.808246+00:00
695,/Kanuri_Cohen_46_NK,WesternAfrica,Kanuri,young man or boy,kin_role,his junior female cross-cousin,kin_role,kinship,Text describes culturally patterned joking between opposite-sex junior cross-cousins.,"A young man or boy jokes with one of his junior female cross-cousins calling her wife, concubine, lover, etc., and she returns the joke calling him slave, husband, lover.",joking wife,,symmetric,joking_relationship,0.9,,2026-07-06T09:26:32.207276+00:00
696,/Kanuri_Cohen_46_NK,WesternAfrica,Kanuri,young man or boy,kin_role,"""wife's"" younger sibling (tiu)",kin_role,kinship,"Joking extended to the junior siblings of the chosen joking wife, who can ask joking money.","Because there is a joking relation in the “real” kinship system between a man and his wife’s junior siblings (real and classificatory), this joking is extended to the junior siblings of the junior cross-cousin who is chosen as the joking wife. They, too, can ask for joking money on Sala Laya.",joking relation with wife's younger siblings,tiu,mixed,joking_relationship,0.8,Juniors solicit joking money; reciprocity present but roles asymmetrical.,2026-07-06T09:26:32.207276+00:00
697,/Kanuri_Cohen_46_NK,WesternAfrica,Kanuri,young man or boy,kin_role,"""wife's"" older sibling (k[unknown]esai)",kin_role,kinship,Older siblings treated jokingly as senior in-laws with respect/avoidance; part of the patterned joking system.,"Siblings older than the wife are treated jokingly as if they were senior in-laws, i.e., with respect and avoidance.",joking treated as senior in-laws,k[unknown]esai,mixed,joking_relationship,0.7,"Text indicates joking but also respect/avoidance, producing mixed interactional norms.",2026-07-06T09:26:32.207276+00:00
698,/Kanuri_Cohen_46_NK,WesternAfrica,Kanuri,grandparents or great-grandparents,kin_role,grandchildren,kin_role,kinship,Explicit statement of an established joking relationship between grandparents and grandchildren.,"As Table 4:1 indicates, there is almost total agreement among respondents that a jokingrelationship exists between ego and his grandparents or great-grandparents if these are alive.",jokingrelationship,,symmetric,joking_relationship,0.9,,2026-07-06T09:26:32.207276+00:00
699,/Kanuri_Cohen_46_NK,WesternAfrica,Kanuri,namesake (person after whom a child is named),kin_role,namesake child (chubuna),kin_role,kinship,Text states that a person after whom a child is named has a (milder) joking relationship with that child.,"Conversely, anyone after whom a child has been named has a jokingrelationship (albeit somewhat milder) with his namesake.",namesake jokingrelationship,chubuna,symmetric,joking_relationship,0.9,,2026-07-06T09:26:32.207276+00:00
700,/Kanuri_Cohen_49_NK,WesternAfrica,Kanuri,older sibling,kin_role,younger sibling’s wife,kin_role,kinship,Text states a recurrent joking relation specifically between an older sibling and his younger sibling’s wife; kinship-based.,"Indeed, in a minority of cases (13%) there are joking relations between the older sibling and his younger sibling’s wife, while hardly anyone jokes with wife’s older sibling.",joking relations,,symmetric,joking_relationship,0.9,,2026-07-06T09:26:39.364458+00:00
701,/Kanuri_Cohen_50_NK,WesternAfrica,Kanuri,Ego,kin_role,spouse's younger siblings,kin_role,kinship,"Text explicitly names a formal, recurrent joking relation between ego and spouse's younger siblings; clearly kinship-based.","There are formal joking relations between ego and his or her spouse’s younger siblings. Ego jokes about who his spouse’s younger sibling is going to marry, or have sexual relations with, or about possible affairs that the younger one should or might have.",formal joking relations,,non_symmetric,joking_relationship,0.9,Younger spouse-siblings are the primary targets; younger remains respectful toward older sibling's spouse.,2026-07-06T09:26:46.583525+00:00
702,/Kanuri_Cohen_51_NK,WesternAfrica,Kanuri,grandparent,kin_role,grandchild,kin_role,kinship,"Text explicitly names a reciprocal, culturally patterned joking relationship between grandparent and grandchild.","Due to the reciprocal nature of the joking relationship between grandparent and grandchild, the term of address (grandparent speaking) is kaka, and is used reciprocally, while the differentiated term for grandchild (diwo) is used primarily as a term of reference.",joking relationship,kaka / diwo,symmetric,joking_relationship,0.9,,2026-07-06T09:26:54.146377+00:00
703,/Kanuri_Cohen_60_NK,WesternAfrica,Kanuri,Ol-Sis-Hu,kin_role,Wi-Yo-Bro,kin_role,kinship,Text explicitly states a reciprocal joking relationship between these two kin roles within kinship.,"The Ol-Sis-Hu and Wi-Yo-Bro have a reciprocal joking relationship with one another. However, the junior in the situation must pay respect( nona ), or give respect ( b[unknown]rzum ) to the senior, even though their traditionally formalized interaction is one of reciprocal joking.",reciprocal joking relationship,b[unknown]rzum,mixed,joking_relationship,0.9,Joking is reciprocal but embedded in asymmetric respect obligations (senior must give something).,2026-07-06T09:27:00.204702+00:00
704,/Kanuri_Cohen_68_NK,WesternAfrica,Kanuri,grandparents and great-grandparents,kin_role,ego and grandchildren,kin_role,kinship,"Text describes formalized, recurrent permissive joking (suli) between grandparents/great-grandparents and grandchildren/ego.","The most diffuse or broadly based joking relationship is that between ego and his grandparents and great-grandparents, if any of the latter are alive. ... The child usually has the most intimate and fondest joking relationship with his namesake grandparent, if this person lives close by or adopts him.",suli,suli,mixed,joking_relationship,0.9,"Reciprocity extends across alternate generations (third ascendant/descendant, 'yeiya'), but asymmetry in respect/fondness is noted.",2026-07-06T09:27:08.098596+00:00
705,/Kanuri_Cohen_69_NK,WesternAfrica,Kanuri,grandparent,kin_role,grandchild,kin_role,kinship,"Recurring, culturally recognized teasing between grandparents and grandchildren in social life and caregiving.","It is not uncommon to see a grandparent visiting his or her friends always in the company of their little joking partners. ... As the child grows older the joking aspect becomes more noticeable. The grandparent will point out a young playmate of the opposite sex and say to him - that is your wife, is it?, or to her - that is your husband, eh? ... You may pull your kaka’s (grandparent’s) beards, or go into his house and take his possessions, and he will not mind - he is happy because his children have borne children. If you have a yeiya (great-grandparent) alive, it is the same with him.",joking partners; grandparent joking-relationship,kaka / yeiya,mixed,joking_relationship,0.9,,2026-07-06T09:27:14.477629+00:00
706,/Kanuri_Cohen_70_NK,WesternAfrica,Kanuri,grandparent,kin_role,grandchild,kin_role,kinship,Text identifies chuwuna grandparent–grandchild as the principal suli (joking) relationship.,"Although the suli (joking) relationship holds for all members of the second and third ascendant and descendant generations it focuses for an individual in its most memorable and frequently emphasized form, between himself and his grandparent-namesake, his chuwuna.",chuwuna; suli (joking),chuwuna,symmetric,joking_relationship,0.95,,2026-07-06T09:27:34.928041+00:00
707,/Kanuri_Cohen_70_NK,WesternAfrica,Kanuri,second and third ascendant generations,kin_role,second and third descendant generations,kin_role,kinship,Author states suli holds for members of the second and third ascendant and descendant generations (institutionalized kin joking).,Although the suli (joking) relationship holds for all members of the second and third ascendant and descendant generations...,suli (joking),suli,symmetric,joking_relationship,0.9,Generalized generational joking relationship across ascendants and descendants.,2026-07-06T09:27:34.928041+00:00
708,/Kanuri_Cohen_70_NK,WesternAfrica,Kanuri,father's brother,kin_role,child named after him,kin_role,kinship,Naming a child after father's brother creates a permissive chuwuna joking relation between them.,"If a child is named after a father’s brother or his father’s friend, he and that person have a mildly permissive joking relationship. They address each other as chuwuna and refer and act towards one another in a similar fashion to that of grandparents and grandchildren.",chuwuna,chuwuna,symmetric,joking_relationship,0.9,,2026-07-06T09:27:34.928041+00:00
709,/Kanuri_Cohen_70_NK,WesternAfrica,Kanuri,father's friend,person,child named after him,kin_role,within_group,Text describes chuwuna joking extended to father's friends when a child is named after them (patterned social tie).,"If a child is named after a father’s brother or his father’s friend, he and that person have a mildly permissive joking relationship. They address each other as chuwuna and refer and act towards one another in a similar fashion to that of grandparents and grandchildren.",chuwuna,chuwuna,symmetric,joking_relationship,0.85,Father's friend treated as a patterned social role creating joking license.,2026-07-06T09:27:34.928041+00:00
710,/Kanuri_Cohen_70_NK,WesternAfrica,Kanuri,District Heads (people named after),person,children named after them,kin_role,within_group,Children named after District Heads become chuwuna with them; institutionalized namesake joking/adoption relations.,"Consequently, in the Kanuri state there are a great many children called after District Heads, aristocrats of the state, rich men, and people in high status positions generally.",chuwuna (namesake joking/adoption possibility),chuwuna,symmetric,joking_relationship,0.8,Political leaders' namesakes create patterned social/joking ties and potential adoptions.,2026-07-06T09:27:34.928041+00:00
711,/Kanuri_Cohen_72_NK,WesternAfrica,Kanuri,ego (male),kin_role,matrilateral junior cross-cousin of opposite sex,kin_role,kinship,"Text describes a recurrent, culturally patterned joking relation between male ego and matrilateral junior cross-cousin.","There is a jokingrelationship which takes place between cross-cousins of opposite sex. It takes the following form. Ego (male speaking) jokes with his Regulation Of matrilateral junior cross-cousin of opposite sex, calling her wife, concubine, Marriage lover, etc., and she returns the joke calling him slave, husband, lover, etc., and extracting joking money ( kungana sulibe ) from him on the Sala Laya (roughly the New Year).",jokingrelationship,kungana sulibe,symmetric,joking_relationship,0.95,,2026-07-06T09:27:54.572271+00:00
712,/Kanuri_Cohen_72_NK,WesternAfrica,Kanuri,ego (male),kin_role,joking-wife's younger siblings (tiu / tiunyi),kin_role,kinship,Described as a recurring play relation where ego treats his joking-wife's younger siblings as 'tiu' (junior in-laws).,"This brings on a kind of play behaviour with the younger siblings of ego’s cousin which follows the adult rules of marriage. That is to say, a joking relation with Wi-Yo-Siblings who in this case are his junior cross-cousins as well as being his joking-wife’s younger siblings. Thus he will call them tiu (junior in-laws) and refer to them (in the situation) as tiunyi (my junior in-laws).",tiu / tiunyi,tiu,symmetric,joking_relationship,0.9,,2026-07-06T09:27:54.572271+00:00
713,/Kanuri_Cohen_72_NK,WesternAfrica,Kanuri,ego (male),kin_role,patrilateral cousins,kin_role,kinship,Text states ego may enact the same patterned joking-play with patrilateral cousins when no matrilateral joking-wife exists.,"Given no joking-wife among the matri-kin, ego may go through exactly the same joking73 play with his patrilateral cousins. As in the materilateral case, if ego changes his joking-wife, the tiu joking relationships shift also in association with the change.",joking play,,symmetric,joking_relationship,0.9,,2026-07-06T09:27:54.572271+00:00
714,/Kanuri_Cohen_72_NK,WesternAfrica,Kanuri,woman,kin_role,husband's younger brothers,kin_role,kinship,Author states joking relations exist between a woman and her husband's younger brothers but are stringently avoided for cultural reasons.,Exactly the same conditions for the same reasons apply to the joking relations between a woman and her husband's younger brothers. Although the joking takes many forms the most common is for ego to joke about obtaining a sexual and/or a marriage partner for his spouse’s younger siblings.,,,unclear,avoidance,0.8,Text indicates the relation exists but is 'stringently avoided' (institutionalized avoidance).,2026-07-06T09:27:54.572271+00:00
715,/Kanuri_Cohen_73_NK,WesternAfrica,Kanuri,master,group,slave,group,within_group,Text explicitly states master–slave joking exists outside kinship; classified as within-society occupational/role tie.,"Outside the kinship system a joking relationship may hold between a master and his slave, although this is usual only when the slave is an entertainer of some kind. In the above relationships which seem in all cases to cover an area of interrelations involving potential conflicts, the joking takes the form (usually) of the grandparent-grandchild relationship.",,kaka/diwo,non_symmetric,joking_relationship,0.9,,2026-07-06T09:29:00.892332+00:00
716,/Kanuri_Cohen_73_NK,WesternAfrica,Kanuri,smiths,caste,butchers,caste,within_group,Explicit list of occupational joking pairs; within-society occupational relationship.,"Amongst the various occupations, joking relations obtain between smiths and butchers; barber-doctors and smiths; mallams (koranic teacher-priests) and hunters; kola-nut wholesalers and retailers; dyers and tailors; a builder of mud houses and his labourers; a fire-wood seller and his customers; pepper sellers and kola-nut wholesalers. In the above relationships which seem in all cases to cover an area of interrelations involving potential conflicts, the joking takes the form (usually) of the grandparent-grandchild relationship.",,kaka/diwo,non_symmetric,joking_relationship,0.95,Multiple occupational pairs listed in same sentence; separate assertions created per pair.,2026-07-06T09:29:00.892332+00:00
717,/Kanuri_Cohen_73_NK,WesternAfrica,Kanuri,barber-doctors,caste,smiths,caste,within_group,Occupational joking pair explicitly listed.,"Amongst the various occupations, joking relations obtain between smiths and butchers; barber-doctors and smiths; mallams (koranic teacher-priests) and hunters; kola-nut wholesalers and retailers; dyers and tailors; a builder of mud houses and his labourers; a fire-wood seller and his customers; pepper sellers and kola-nut wholesalers. In the above relationships which seem in all cases to cover an area of interrelations involving potential conflicts, the joking takes the form (usually) of the grandparent-grandchild relationship.",,kaka/diwo,non_symmetric,joking_relationship,0.95,,2026-07-06T09:29:00.892332+00:00
718,/Kanuri_Cohen_73_NK,WesternAfrica,Kanuri,mallams (koranic teacher-priests),caste,hunters,group,within_group,Explicit occupational pair listed; within-society occupational relation.,"Amongst the various occupations, joking relations obtain between smiths and butchers; barber-doctors and smiths; mallams (koranic teacher-priests) and hunters; kola-nut wholesalers and retailers; dyers and tailors; a builder of mud houses and his labourers; a fire-wood seller and his customers; pepper sellers and kola-nut wholesalers. In the above relationships which seem in all cases to cover an area of interrelations involving potential conflicts, the joking takes the form (usually) of the grandparent-grandchild relationship.",,kaka/diwo,non_symmetric,joking_relationship,0.95,,2026-07-06T09:29:00.892332+00:00
719,/Kanuri_Cohen_73_NK,WesternAfrica,Kanuri,kola-nut wholesalers,caste,retailers,group,within_group,Listed occupational joking pair (wholesalers ↔ retailers).,"Amongst the various occupations, joking relations obtain between smiths and butchers; barber-doctors and smiths; mallams (koranic teacher-priests) and hunters; kola-nut wholesalers and retailers; dyers and tailors; a builder of mud houses and his labourers; a fire-wood seller and his customers; pepper sellers and kola-nut wholesalers. In the above relationships which seem in all cases to cover an area of interrelations involving potential conflicts, the joking takes the form (usually) of the grandparent-grandchild relationship.",,kaka/diwo,non_symmetric,joking_relationship,0.95,,2026-07-06T09:29:00.892332+00:00
720,/Kanuri_Cohen_73_NK,WesternAfrica,Kanuri,dyers,caste,tailors,caste,within_group,Explicit occupational pair listed.,"Amongst the various occupations, joking relations obtain between smiths and butchers; barber-doctors and smiths; mallams (koranic teacher-priests) and hunters; kola-nut wholesalers and retailers; dyers and tailors; a builder of mud houses and his labourers; a fire-wood seller and his customers; pepper sellers and kola-nut wholesalers. In the above relationships which seem in all cases to cover an area of interrelations involving potential conflicts, the joking takes the form (usually) of the grandparent-grandchild relationship.",,kaka/diwo,non_symmetric,joking_relationship,0.95,,2026-07-06T09:29:00.892332+00:00
721,/Kanuri_Cohen_73_NK,WesternAfrica,Kanuri,a builder of mud houses,group,his labourers,group,within_group,Explicit occupational pair listed (builder ↔ labourers).,"Amongst the various occupations, joking relations obtain between smiths and butchers; barber-doctors and smiths; mallams (koranic teacher-priests) and hunters; kola-nut wholesalers and retailers; dyers and tailors; a builder of mud houses and his labourers; a fire-wood seller and his customers; pepper sellers and kola-nut wholesalers. In the above relationships which seem in all cases to cover an area of interrelations involving potential conflicts, the joking takes the form (usually) of the grandparent-grandchild relationship.",,kaka/diwo,non_symmetric,joking_relationship,0.9,,2026-07-06T09:29:00.892332+00:00
722,/Kanuri_Cohen_73_NK,WesternAfrica,Kanuri,fire-wood seller,group,customers,group,within_group,Explicitly listed seller–customers occupational joking relation.,"Amongst the various occupations, joking relations obtain between smiths and butchers; barber-doctors and smiths; mallams (koranic teacher-priests) and hunters; kola-nut wholesalers and retailers; dyers and tailors; a builder of mud houses and his labourers; a fire-wood seller and his customers; pepper sellers and kola-nut wholesalers. In the above relationships which seem in all cases to cover an area of interrelations involving potential conflicts, the joking takes the form (usually) of the grandparent-grandchild relationship.",,kaka/diwo,non_symmetric,joking_relationship,0.9,,2026-07-06T09:29:00.892332+00:00
723,/Kanuri_Cohen_73_NK,WesternAfrica,Kanuri,pepper sellers,group,kola-nut wholesalers,caste,within_group,Explicit occupational pair listed (pepper sellers ↔ kola-nut wholesalers).,"Amongst the various occupations, joking relations obtain between smiths and butchers; barber-doctors and smiths; mallams (koranic teacher-priests) and hunters; kola-nut wholesalers and retailers; dyers and tailors; a builder of mud houses and his labourers; a fire-wood seller and his customers; pepper sellers and kola-nut wholesalers. In the above relationships which seem in all cases to cover an area of interrelations involving potential conflicts, the joking takes the form (usually) of the grandparent-grandchild relationship.",,kaka/diwo,non_symmetric,joking_relationship,0.9,,2026-07-06T09:29:00.892332+00:00
724,/Kanuri_Cohen_73_NK,WesternAfrica,Kanuri,Ngala's,clan,Magumi,clan,within_group,Text explicitly lists these clans as holding joking relations; classified as within-society clan pairs.,"Joking relations also hold between clans such as Ngala’s and Magumi; Nguma and T[unknown]ara; Kuburi and T[unknown]ara; Su’urti and Kuburi; or between ethnic groups like Shuwa and Kanuri; Kurdi and Shuwa; Hausa and Fulani; Kanuri and Fulani; Tubu and Monga; Monga and B[unknown]adde; Kanembu and Wasili (Arabs). In the above relationships which seem in all cases to cover an area of interrelations involving potential conflicts, the joking takes the form (usually) of the grandparent-grandchild relationship.",,kaka/diwo,non_symmetric,joking_relationship,0.9,,2026-07-06T09:29:00.892332+00:00
725,/Kanuri_Cohen_73_NK,WesternAfrica,Kanuri,Nguma,clan,T[unknown]ara,clan,within_group,Explicit clan pair listed as joking relations.,"Joking relations also hold between clans such as Ngala’s and Magumi; Nguma and T[unknown]ara; Kuburi and T[unknown]ara; Su’urti and Kuburi; or between ethnic groups like Shuwa and Kanuri; Kurdi and Shuwa; Hausa and Fulani; Kanuri and Fulani; Tubu and Monga; Monga and B[unknown]adde; Kanembu and Wasili (Arabs). In the above relationships which seem in all cases to cover an area of interrelations involving potential conflicts, the joking takes the form (usually) of the grandparent-grandchild relationship.",,kaka/diwo,non_symmetric,joking_relationship,0.85,T[unknown]ara spelled with bracket as in source.,2026-07-06T09:29:00.892332+00:00
726,/Kanuri_Cohen_73_NK,WesternAfrica,Kanuri,Kuburi,clan,T[unknown]ara,clan,within_group,Explicit clan pair listed.,"Joking relations also hold between clans such as Ngala’s and Magumi; Nguma and T[unknown]ara; Kuburi and T[unknown]ara; Su’urti and Kuburi; or between ethnic groups like Shuwa and Kanuri; Kurdi and Shuwa; Hausa and Fulani; Kanuri and Fulani; Tubu and Monga; Monga and B[unknown]adde; Kanembu and Wasili (Arabs). In the above relationships which seem in all cases to cover an area of interrelations involving potential conflicts, the joking takes the form (usually) of the grandparent-grandchild relationship.",,kaka/diwo,non_symmetric,joking_relationship,0.85,,2026-07-06T09:29:00.892332+00:00
727,/Kanuri_Cohen_73_NK,WesternAfrica,Kanuri,Su’urti,clan,Kuburi,clan,within_group,Explicit clan pair listed as holding joking relations.,"Joking relations also hold between clans such as Ngala’s and Magumi; Nguma and T[unknown]ara; Kuburi and T[unknown]ara; Su’urti and Kuburi; or between ethnic groups like Shuwa and Kanuri; Kurdi and Shuwa; Hausa and Fulani; Kanuri and Fulani; Tubu and Monga; Monga and B[unknown]adde; Kanembu and Wasili (Arabs). In the above relationships which seem in all cases to cover an area of interrelations involving potential conflicts, the joking takes the form (usually) of the grandparent-grandchild relationship.",,kaka/diwo,non_symmetric,joking_relationship,0.85,,2026-07-06T09:29:00.892332+00:00
728,/Kanuri_Cohen_73_NK,WesternAfrica,Kanuri,Shuwa,ethnic group,Kanuri,ethnic group,cross_group,Ethnic groups explicitly listed as holding joking relations; cross-community tie.,"Joking relations also hold between clans such as Ngala’s and Magumi; Nguma and T[unknown]ara; Kuburi and T[unknown]ara; Su’urti and Kuburi; or between ethnic groups like Shuwa and Kanuri; Kurdi and Shuwa; Hausa and Fulani; Kanuri and Fulani; Tubu and Monga; Monga and B[unknown]adde; Kanembu and Wasili (Arabs). In the above relationships which seem in all cases to cover an area of interrelations involving potential conflicts, the joking takes the form (usually) of the grandparent-grandchild relationship.",,kaka/diwo,non_symmetric,joking_relationship,0.9,,2026-07-06T09:29:00.892332+00:00
729,/Kanuri_Cohen_73_NK,WesternAfrica,Kanuri,Kurdi,ethnic group,Shuwa,ethnic group,cross_group,Explicit ethnic-group pair listed as joking partners.,"Joking relations also hold between clans such as Ngala’s and Magumi; Nguma and T[unknown]ara; Kuburi and T[unknown]ara; Su’urti and Kuburi; or between ethnic groups like Shuwa and Kanuri; Kurdi and Shuwa; Hausa and Fulani; Kanuri and Fulani; Tubu and Monga; Monga and B[unknown]adde; Kanembu and Wasili (Arabs). In the above relationships which seem in all cases to cover an area of interrelations involving potential conflicts, the joking takes the form (usually) of the grandparent-grandchild relationship.",,kaka/diwo,non_symmetric,joking_relationship,0.9,,2026-07-06T09:29:00.892332+00:00
730,/Kanuri_Cohen_73_NK,WesternAfrica,Kanuri,Hausa,ethnic group,Fulani,ethnic group,cross_group,Ethnic groups explicitly paired as having joking relations.,"Joking relations also hold between clans such as Ngala’s and Magumi; Nguma and T[unknown]ara; Kuburi and T[unknown]ara; Su’urti and Kuburi; or between ethnic groups like Shuwa and Kanuri; Kurdi and Shuwa; Hausa and Fulani; Kanuri and Fulani; Tubu and Monga; Monga and B[unknown]adde; Kanembu and Wasili (Arabs). In the above relationships which seem in all cases to cover an area of interrelations involving potential conflicts, the joking takes the form (usually) of the grandparent-grandchild relationship.",,kaka/diwo,non_symmetric,joking_relationship,0.9,,2026-07-06T09:29:00.892332+00:00
731,/Kanuri_Cohen_73_NK,WesternAfrica,Kanuri,Kanuri,ethnic group,Fulani,ethnic group,cross_group,Explicit listing of Kanuri–Fulani joking relations.,"Joking relations also hold between clans such as Ngala’s and Magumi; Nguma and T[unknown]ara; Kuburi and T[unknown]ara; Su’urti and Kuburi; or between ethnic groups like Shuwa and Kanuri; Kurdi and Shuwa; Hausa and Fulani; Kanuri and Fulani; Tubu and Monga; Monga and B[unknown]adde; Kanembu and Wasili (Arabs). In the above relationships which seem in all cases to cover an area of interrelations involving potential conflicts, the joking takes the form (usually) of the grandparent-grandchild relationship.",,kaka/diwo,non_symmetric,joking_relationship,0.9,,2026-07-06T09:29:00.892332+00:00
732,/Kanuri_Cohen_73_NK,WesternAfrica,Kanuri,Tubu,ethnic group,Monga,ethnic group,cross_group,Explicit ethnic pair listed as joking partners.,"Joking relations also hold between clans such as Ngala’s and Magumi; Nguma and T[unknown]ara; Kuburi and T[unknown]ara; Su’urti and Kuburi; or between ethnic groups like Shuwa and Kanuri; Kurdi and Shuwa; Hausa and Fulani; Kanuri and Fulani; Tubu and Monga; Monga and B[unknown]adde; Kanembu and Wasili (Arabs). In the above relationships which seem in all cases to cover an area of interrelations involving potential conflicts, the joking takes the form (usually) of the grandparent-grandchild relationship.",,kaka/diwo,non_symmetric,joking_relationship,0.85,,2026-07-06T09:29:00.892332+00:00
733,/Kanuri_Cohen_73_NK,WesternAfrica,Kanuri,Monga,ethnic group,B[unknown]adde,ethnic group,cross_group,Ethnic groups explicitly paired (Monga ↔ B[unknown]adde).,"Joking relations also hold between clans such as Ngala’s and Magumi; Nguma and T[unknown]ara; Kuburi and T[unknown]ara; Su’urti and Kuburi; or between ethnic groups like Shuwa and Kanuri; Kurdi and Shuwa; Hausa and Fulani; Kanuri and Fulani; Tubu and Monga; Monga and B[unknown]adde; Kanembu and Wasili (Arabs). In the above relationships which seem in all cases to cover an area of interrelations involving potential conflicts, the joking takes the form (usually) of the grandparent-grandchild relationship.",,kaka/diwo,non_symmetric,joking_relationship,0.8,,2026-07-06T09:29:00.892332+00:00
734,/Kanuri_Cohen_73_NK,WesternAfrica,Kanuri,Kanembu,ethnic group,Wasili (Arabs),ethnic group,cross_group,Explicit listing of Kanembu and Wasili (Arabs) as holding joking relations.,"Joking relations also hold between clans such as Ngala’s and Magumi; Nguma and T[unknown]ara; Kuburi and T[unknown]ara; Su’urti and Kuburi; or between ethnic groups like Shuwa and Kanuri; Kurdi and Shuwa; Hausa and Fulani; Kanuri and Fulani; Tubu and Monga; Monga and B[unknown]adde; Kanembu and Wasili (Arabs). In the above relationships which seem in all cases to cover an area of interrelations involving potential conflicts, the joking takes the form (usually) of the grandparent-grandchild relationship.",,kaka/diwo,non_symmetric,joking_relationship,0.9,,2026-07-06T09:29:00.892332+00:00
735,/Kanuri_Cohen_74_NK,WesternAfrica,Kanuri,Grandparents,kin_role,Grandchildren,kin_role,kinship,Text describes recurrent joking (suli) between grandparents and grandchildren as a patterned kinship relation.,"There is a high degree of expressive and affective fondness found in the joking relationships between grandparents and grandchildren which centers, as we have seen, most intensively around the namesake attribute of the same relationship. ... It does not show up in the questionnaire data summarized in Table I, because the joking relations ( suli ) with grandparents already includes friendship behaviour within its meaning content for this particular category of relative.",joking relations,suli,non_symmetric,joking_relationship,0.9,,2026-07-06T09:29:05.761085+00:00
736,/Kanuri_Rosman_194_NK,WesternAfrica,Kanuri,jili,clan,linked jili,clan,within_group,Text describes recurrent joking/gift exchanges between linked jili (clan group) during festival.,This is also the time when members of the various jili give small gifts to members of linked jili with whom they have joking Age Stratification relationships ( n[unknown]ngima ).,joking Age Stratification relationships,n[unknown]ngima,symmetric,joking_relationship,0.6,Document gives no specific clan names; extracted generic paired unit as 'jili' linked to 'linked jili'.,2026-07-06T09:29:12.520850+00:00
737,/Katab_Meek_32_NK,WesternAfrica,Katab,A Katab,ethnic group,his cousins,kin_role,kinship,Text states Katab are on playmate terms with all his cousins; kinship-based joking institution.,"A Katab appears to be, to some extent, on playmate terms with all his cousins, but he will never play with a female cousin whose potential guardian he is, that is to say, whom he will one day give in marriage.",playmate relationship,,symmetric,joking_relationship,0.95,,2026-07-06T09:29:25.542040+00:00
738,/Katab_Meek_32_NK,WesternAfrica,Katab,A Katab,ethnic group,ortho-cousins,kin_role,kinship,"Text explicitly identifies ortho-cousins as playmates (albeit 'modified'), indicating an institutionalized joking tie.",But ortho-cousins are only playmates in a modified sense.,playmate relationship (modified),,symmetric,joking_relationship,0.9,Described as a modified form of the general cousin playmate relationship.,2026-07-06T09:29:25.542040+00:00
739,/Katab_Meek_32_NK,WesternAfrica,Katab,a man,person,his wife's brother's wife,kin_role,kinship,"Text states a man may be playmates with his wife's brother's wife when she belongs to a different clan, a patterned affinal joking tie.","The playmate relationship may exist between a man and his wife's brother's wife, but only if she belongs to some clan other than his own; for a woman of the same clan is a sister, and the joking relationship with a sister is not permissible.",playmate relationship (affinal),,symmetric,joking_relationship,0.9,Condition: only when the affinal woman belongs to a different clan; same-clan affinal treated as sister (no joking).,2026-07-06T09:29:25.542040+00:00
740,/Kpelle_Bellman_187_NK,WesternAfrica,Kpelle,ngala,kin_role,maling,kin_role,kinship,Text explicitly describes ngala–maling as daily joking 'play husband and wife' relationship tied to kin roles.,"In the first generation the ngala and maling treat each other as ‘play husband and wife’ in a daily joking relationship whereby sexual play with each other is permitted, but they are prohibited from having sexual intercourse.",play husband and wife; daily joking relationship,,symmetric,joking_relationship,0.95,,2026-07-06T09:29:36.054916+00:00
741,/Kpelle_Bellman_22_NK,WesternAfrica,Kpelle,ngala,kin_role,maling,kin_role,kinship,"Text describes recurring, culturally sanctioned joking rights between ngala and maling kin roles.","Besides the serious or formal rights and obligations between ngala and maling, other aspects of the relationship are expressed as joking behavior between kinsmen. When drinking palm wine, the maling is “to take off the dirt” by taking the first drink, whereas the ngala gets the last dregs from the bottom of the gourd; the maling is permitted to take any of the ngala's clothes without asking, while the ngala can take the maling's hat; and where there are not enough seats available, the maling will stand and offer the chair to his ngala.",ngala-maling relationship,ngala-maling,mixed,joking_relationship,0.9,,2026-07-06T09:29:42.831600+00:00
742,/Kpelle_Bellman_24_NK,WesternAfrica,Kpelle,Folpahzoi,person,Walawulu,person,within_group,"Repeated, culturally recognized ngala-maling joking tie between these two Poro initiates.","Folpahzoi and Walawulu had joined the Poro together about thirty-five years before and since that time been close friends, a bond expressed through the ngala-maling joking relationship. When Folpahzoi and Walawulu interact, they use the relationship to locate their informal rights within the setting.",ngala-maling joking relationship,ngala-maling,symmetric,joking_relationship,0.95,Example pair illustrating the institutionalized joking tie between members who were co-initiates in Poro.,2026-07-06T09:29:52.177771+00:00
743,/Kpelle_Bellman_24_NK,WesternAfrica,Kpelle,ngala,kin_role,maling,kin_role,within_group,Text describes culturally patterned rights and licensed teasing tied to ngala/maling relational statuses.,"Although each can be ngala or maling depending on the technique of reckoning, each argues that he is the maling to the other. By making the other ngala, the speaker is entitled to take the first drink of palm wine or cane juice (raw rum) and can even take wine from the other's palm tree without permission.",ngala-maling,ngala; maling,mixed,joking_relationship,0.9,"Roles provide licensed liberties (first drink, taking wine, joking abuse); symmetry coded mixed because each may claim maling but rights are role-based.",2026-07-06T09:29:52.177771+00:00
744,/Kpelle_Bellman_87_NK,WesternAfrica,Kpelle,initiates,age_set,men,group,within_group,Recurring teasing of boys by adult men during initiation rituals — institutionalized ritual joking.,"Before the initiations, there is a great deal of joking and teasing of the initiates about their having to do battle with the devil (an example is presented in the next chapter).",teasing during initiation,,non_symmetric,teasing,0.9,Initiates treated as an age-set/categorical social unit; men are adult ritual performers exercising licensed teasing.,2026-07-06T09:29:58.263178+00:00
745,/Kpelle_Erchak_42_NK,WesternAfrica,Kpelle,Ego,kin_role,ngkela (mother's brother),kin_role,kinship,"Text explicitly calls ego–mother's brother a classic joking relationship (licensed teasing, favors).","Ego's relationship with any one of these, Avuncular And but especially with his ngkela (mother's brother) or maleng (cross-cousin) is a classic jokingrelationship: one can ask the other for favors and material things, make sexual and other jokes, and so forth.",classic jokingrelationship,ngkela,symmetric,joking_relationship,0.9,,2026-07-06T09:30:15.318542+00:00
746,/Kpelle_Erchak_42_NK,WesternAfrica,Kpelle,Ego,kin_role,father's sister,kin_role,kinship,Father's sister is listed with mother's brother and cross-cousins as 'play wives/play husbands' and part of joking ties with ego.,"Ego's mother's brother, father's sister, and cross- Kinship Terminology cousins, and a bifurcate merging avuncular terminology. A listing of some kin-terms and their denotata can be found in Bellman (1975: – ). Certain rules of behavior are associated with this terminology. Ego's mother's brother, father's sister, and cross-cousins, are referred to as “play wives” or “play husbands” depending on ego's sex.",play wife/play husband,,symmetric,joking_relationship,0.85,,2026-07-06T09:30:15.318542+00:00
747,/Kpelle_Erchak_42_NK,WesternAfrica,Kpelle,Ego,kin_role,maleng (cross-cousin),kin_role,kinship,Cross-cousins (maleng) are named as 'play spouses' and part of the classic joking relationship with ego.,"Ego's relationship with any one of these, Avuncular And but especially with his ngkela (mother's brother) or maleng (cross-cousin) is a classic jokingrelationship: one can ask the other for favors and material things, make sexual and other jokes, and so forth.",play wife/play husband,maleng,symmetric,joking_relationship,0.9,,2026-07-06T09:30:15.318542+00:00
748,/Kpelle_Erchak_42_NK,WesternAfrica,Kpelle,mother's brother,kin_role,sister's son,kin_role,kinship,The mother's brother–sister's son tie is described as the much-studied patrilineal relationship and enjoyed by both parties.,"A man and his sister's son enjoy the much-studied patrilineal43 African mother's brother-sister's son Cousins relationship, and a man must give his approval of and be one of the overseers of, the marriage of his sister's daughter, at least in Nyafokwele chiefdom.",mother's brother–sister's son relationship,,symmetric,joking_relationship,0.8,,2026-07-06T09:30:15.318542+00:00
749,/Kpelle_Lancy_143_NK,WesternAfrica,Kpelle,the “elders”,group,the Humor speaker,person,within_group,Elders repeatedly use jokes/proverbs in disputes to wound a named disputant (institutionalized role-based teasing).,"The “elders” in a dispute add two substantial speech elements to the contest, jokes and proverbs. These jokes and proverbs are designed to wound the Humor speaker, to lower his or her esteem in the eyes of the audience.",elders' joking in disputes,,non_symmetric,joking_relationship,0.9,,2026-07-06T09:30:24.124867+00:00
750,/Kpelle_Lancy_143_NK,WesternAfrica,Kpelle,young boys,age_set,another boy,person,within_group,Play among boys features recurring joking practices where boys target other boys (patterned age-based teasing).,"The use of joking is begun early by young boys, and at times it is difficult to distinguish between joking and abusing, A boy may make a joke about another boy, “He walks like a goat,” which evokes laughter from other boys in the group.",boys' teasing in play,,symmetric,joking_relationship,0.85,,2026-07-06T09:30:24.124867+00:00
751,/Kpelle_Lancy_82_NK,WesternAfrica,Kpelle,second older,kin_role,unconvinced party (holdout),group,within_group,"Recurring, culturally patterned teasing by elders in trials directed at holdouts; institutionalized courtroom joking.","Joking is another type of speech event, and the purpose is to make the position of the “unconvinced party” or “holdout” look ridiculous. Several Humor examples occur in this trial. When the second older calls for drinks he is signaling that Gbokpele is wasting their time and that, by his obstinance, he has turned a serious trial into a farce.",joking in trials,,non_symmetric,teasing,0.8,"Text treats joking as a recurrent, sanctioned speech event in trials; elder role (second older) teases holdout.",2026-07-06T09:30:33.358953+00:00
818,/MOssi_195_NK,WesternAfrica,MOssi,Mossi,ethnic group,Gourounsi,ethnic group,cross_group,Text describes recurrent joking label applied by Mossi to Gourounsi; cross-ethnic institutionalized teasing.,"Mossi often jokingly refer to the Gourounsi as their ligidi (meaning money), implying their status as individuals to be sold as slaves.",,ligidi,non_symmetric,joking_relationship,0.9,,2026-07-06T09:38:28.405496+00:00
819,/MOssi_195_NK,WesternAfrica,MOssi,Mogho,ethnic group,Samogho,ethnic group,within_group,Author explicitly calls a joking relationship between Mogho and Samogho; presented as a recurrent cultural tie.,"The joking relationship between Mogho and Samogho is more nearly symmetrical. Both groups declare that their two ancestors quarreled over the bones of a dog, and this quarrel still continues.",,,symmetric,joking_relationship,0.9,,2026-07-06T09:38:28.405496+00:00
854,/Mende_Little_130_NK,WesternAfrica,Mende,brother,kin_role,sister,kin_role,kinship,Text explicitly states a culturally recognized joking relationship between brother and sister; clearly kinship-based.,"There is a strong joking relationship between brother and sister, but a brother who sits on his sister's bed may be held guilty of simongama (i.e. incest, see Chapter VII).",strong joking relationship,,symmetric,joking_relationship,0.95,,2026-07-06T09:43:04.354840+00:00
855,/Mossi_262_NK,WesternAfrica,Mossi,mother's brother's wife,kin_role,Ego,kin_role,kinship,"Text describes a recurrent, asymmetrical joking tie between mother's brother's wife and Ego.","However, joking in this relationship is asymmetrical. The mother's brother's wife takes the more aggressive role, and from the vehemence of her joking, and the structural nature of the relationship, it appears likely that amity lies less heavily in the balance than hostility.",Avuncular,,non_symmetric,joking_relationship,0.9,,2026-07-06T09:43:23.922231+00:00
856,/Mossi_262_NK,WesternAfrica,Mossi,Siblings-in-law,kin_role,Siblings-in-law,kin_role,kinship,"Author treats joking between siblings-in-law as a culturally patterned, reciprocal institution linking kin groups.","Joking between siblings-in-law who are potential spouses, yet are presently constrained by a prohibition against adultery, has frequently been ascribed the function of reducing tension in a situation of conflict. The kin groups of siblings-in-law are always structurally equivalent because groups occupying significantly different strata in Mossi society do not intermarry.",Siblings-In-Law,,symmetric,joking_relationship,0.9,,2026-07-06T09:43:23.922231+00:00
857,/Mossi_262_NK,WesternAfrica,Mossi,Sibs (or lineages),lineage,other Sibs (or lineages),lineage,within_group,"Descent groups (sibs/lineages) are described as having established, reciprocal joking alliances between them.","Sibs (or lineages) whose members joke with one another are, of course, also separate groups. They are always united by a strong tradition of reciprocal social and economic aid. The origin of joking relationships between two descent groups is often ascribed to the alleged fact that, when they first arrived in the village, leaders of both falsely claimed to the chief that he and his kinsmen had arrived first...",joking alliance,,symmetric,joking_relationship,0.9,Text frames these as between distinct descent groups (lineages/sibs) within the same society.,2026-07-06T09:43:23.922231+00:00
858,/Mossi_262_NK,WesternAfrica,Mossi,age-sets,age_set,other age-sets within an age-grade,age_set,within_group,"Joking between age-sets is presented as a recurring, role-based feature of age-grade life-cycle and activities.",Joking between age-sets within an age-grade varies with the generational position of the set in Mossi society. In the years immediately following initiation the members are much involved in group activities... and during this period joking is important.,,,unclear,joking_relationship,0.85,Symmetry varies by generational position; text does not specify uniform symmetry.,2026-07-06T09:43:23.922231+00:00
859,/Mossi_Hammon_261_KS,WesternAfrica,Mossi,mother's brother,kin_role,Ego,kin_role,kinship,Text describes a culturally patterned avuncular joking tie; asymmetrical teasing permitted between maternal uncle and nephew.,"The ambivalence in the relationship is manifested not
only by joking, which is asymmetrical—with Ego being the more aggressive—
but by theft as well. Perhaps as partial compensation for his inability to inherit
matrilaterally, Ego is permitted to steal his mother's brother's property during
his lifetime and can also make off with the beer and some of the animals
collected for his funeral.",Joking with the Mother's Brother,,non_symmetric,joking_relationship,0.9,,2026-07-06T09:43:31.752271+00:00
860,/Mossi_Hammon_261_KS,WesternAfrica,Mossi,mother's brother's wife,kin_role,Ego,kin_role,kinship,"Author treats joking with maternal uncle's wife as a separate, recurring permissive relationship tied to kinship roles.","Joking between Ego and his mother's brother's wife is to be regarded as a
separate relationship because of her nonmembership in the mother's brother's
descent group, but certain of the structural circumstances are similar.",Joking with the Mother's Brother's Wife,,unclear,joking_relationship,0.9,Symmetry not specified; treated as distinct institutionalized joking tie.,2026-07-06T09:43:31.752271+00:00
861,/Mossi_Hammond_260_KS,WesternAfrica,Mossi,Ego,person,his mother's agnatic kin (particularly his mother's elder brother),kin_role,kinship,Text explicitly lists joking institutionalized between ego and his mother's agnatic kin; kinship-based relation.,"Among the Mossi, joking is institutionalized as an adjustive mechanism in the following relationships: (1) between Ego and his mother's agnatic kin, particularly his mother's elder brother;",,,unclear,joking_relationship,0.9,,2026-07-06T09:43:52.469020+00:00
862,/Mossi_Hammond_260_KS,WesternAfrica,Mossi,Ego,person,his mother's brother's wife,kin_role,kinship,Document explicitly names recurring joking between ego and his mother's brother's wife (a kin-role relation).,"Among the Mossi, joking is institutionalized as an adjustive mechanism in the following relationships: (2) between Ego and his mother's brother's wife;",,,unclear,joking_relationship,0.9,,2026-07-06T09:43:52.469020+00:00
863,/Mossi_Hammond_260_KS,WesternAfrica,Mossi,siblings-in-law,kin_role,each other,kin_role,kinship,The list includes siblings-in-law as a patterned institutional joking relationship (reciprocal kin-role pairing).,"Among the Mossi, joking is institutionalized as an adjustive mechanism in the following relationships: (3) between siblings-in-law;",,,symmetric,joking_relationship,0.9,,2026-07-06T09:43:52.469020+00:00
864,/Mossi_Hammond_260_KS,WesternAfrica,Mossi,sibs,kin_role,each other,kin_role,kinship,The ethnography explicitly lists joking institutionalized between siblings (kinship-based).,"Among the Mossi, joking is institutionalized as an adjustive mechanism in the following relationships: (4) between sibs;",,,symmetric,joking_relationship,0.9,,2026-07-06T09:43:52.469020+00:00
865,/Mossi_Hammond_260_KS,WesternAfrica,Mossi,age-sets in the same age-grade,age_set,other age-sets in the same age-grade,age_set,within_group,Text names joking between age-sets in same age-grade as an institutionalized pattern (structured social units).,"Among the Mossi, joking is institutionalized as an adjustive mechanism in the following relationships: (5) between age-sets in the same age-grade;",,,symmetric,joking_relationship,0.9,,2026-07-06T09:43:52.469020+00:00
866,/Mossi_Hammond_260_KS,WesternAfrica,Mossi,certain villages,village,other certain villages,village,cross_group,Author explicitly states institutionalized joking occurs between certain villages (inter-village patterned teasing).,"Among the Mossi, joking is institutionalized as an adjustive mechanism in the following relationships: (6) between certain villages;",,,unclear,joking_relationship,0.7,Document does not name specific villages; extracted using exact phrasing from text.,2026-07-06T09:43:52.469020+00:00
867,/Mossi_Hammond_260_KS,WesternAfrica,Mossi,the Mossi,ethnic group,several other ethnic groups,ethnic group,cross_group,Text explicitly lists joking institutionalized between the Mossi and other ethnic groups (inter-ethnic joking institution).,"Among the Mossi, joking is institutionalized as an adjustive mechanism in the following relationships: (7) between the Mossi and several other ethnic groups.",,,unclear,joking_relationship,0.8,,2026-07-06T09:43:52.469020+00:00
868,/Mossi_Hammond_260_NK,WesternAfrica,Mossi,Ego,kin_role,his mother's agnatic kin,kin_role,kinship,Explicitly listed institutionalized joking tie between Ego and mother's agnatic kin; clearly kinship-based.,"Among the Mossi, joking is institutionalized as an adjustive mechanism in the following relationships: (1) between Ego and his mother's agnatic kin, particularly his mother's elder brother; (2) between Ego and his mother's brother's wife; (3) between siblings-in-law; (4) between sibs; (5) between age-sets in the same age-grade; (6) between certain villages; and (7) between the Mossi and several other ethnic groups.",,,unclear,joking_relationship,0.85,,2026-07-06T09:44:25.648565+00:00
869,/Mossi_Hammond_260_NK,WesternAfrica,Mossi,Ego,kin_role,his mother's elder brother,kin_role,kinship,Text highlights mother's elder brother as a particular recurring joking partner of Ego; kin-role relationship.,"Among the Mossi, joking is institutionalized as an adjustive mechanism in the following relationships: (1) between Ego and his mother's agnatic kin, particularly his mother's elder brother; (2) between Ego and his mother's brother's wife; (3) between siblings-in-law; (4) between sibs; (5) between age-sets in the same age-grade; (6) between certain villages; and (7) between the Mossi and several other ethnic groups.",,,non_symmetric,joking_relationship,0.8,Mother's elder brother likely higher-status; asymmetry inferred from general discussion.,2026-07-06T09:44:25.648565+00:00
870,/Mossi_Hammond_260_NK,WesternAfrica,Mossi,Ego,kin_role,his mother's brother's wife,kin_role,kinship,Listed as a distinct institutionalized joking relationship involving affinal kin of Ego.,"Among the Mossi, joking is institutionalized as an adjustive mechanism in the following relationships: (1) between Ego and his mother's agnatic kin, particularly his mother's elder brother; (2) between Ego and his mother's brother's wife; (3) between siblings-in-law; (4) between sibs; (5) between age-sets in the same age-grade; (6) between certain villages; and (7) between the Mossi and several other ethnic groups.",,,unclear,joking_relationship,0.8,,2026-07-06T09:44:25.648565+00:00
871,/Mossi_Hammond_260_NK,WesternAfrica,Mossi,siblings-in-law,kin_role,each other,kin_role,kinship,Author explicitly lists siblings-in-law as an institutionalized joking relationship; kinship-based.,"Among the Mossi, joking is institutionalized as an adjustive mechanism in the following relationships: (1) between Ego and his mother's agnatic kin, particularly his mother's elder brother; (2) between Ego and his mother's brother's wife; (3) between siblings-in-law; (4) between sibs; (5) between age-sets in the same age-grade; (6) between certain villages; and (7) between the Mossi and several other ethnic groups.",,,symmetric,joking_relationship,0.8,Mutual joking between siblings-in-law assumed symmetric.,2026-07-06T09:44:25.648565+00:00
872,/Mossi_Hammond_260_NK,WesternAfrica,Mossi,sibs,kin_role,each other,kin_role,kinship,Sibs explicitly listed as institutionalized joking partners; clearly kin-based.,"Among the Mossi, joking is institutionalized as an adjustive mechanism in the following relationships: (1) between Ego and his mother's agnatic kin, particularly his mother's elder brother; (2) between Ego and his mother's brother's wife; (3) between siblings-in-law; (4) between sibs; (5) between age-sets in the same age-grade; (6) between certain villages; and (7) between the Mossi and several other ethnic groups.",,,symmetric,joking_relationship,0.85,,2026-07-06T09:44:25.648565+00:00
873,/Mossi_Hammond_260_NK,WesternAfrica,Mossi,age-sets in the same age-grade,age_set,each other,age_set,within_group,Explicit institutionalized joking between age-sets in same age-grade; social grouping within society.,"Among the Mossi, joking is institutionalized as an adjustive mechanism in the following relationships: (1) between Ego and his mother's agnatic kin, particularly his mother's elder brother; (2) between Ego and his mother's brother's wife; (3) between siblings-in-law; (4) between sibs; (5) between age-sets in the same age-grade; (6) between certain villages; and (7) between the Mossi and several other ethnic groups.",,,unclear,joking_relationship,0.8,Symmetry depends on relative prestige of age-sets; not specified.,2026-07-06T09:44:25.648565+00:00
874,/Mossi_Hammond_260_NK,WesternAfrica,Mossi,certain villages,village,each other,village,cross_group,Author lists joking institutionalized between certain villages; inter-community pattern implies cross-group.,"Among the Mossi, joking is institutionalized as an adjustive mechanism in the following relationships: (1) between Ego and his mother's agnatic kin, particularly his mother's elder brother; (2) between Ego and his mother's brother's wife; (3) between siblings-in-law; (4) between sibs; (5) between age-sets in the same age-grade; (6) between certain villages; and (7) between the Mossi and several other ethnic groups.",,,unclear,joking_relationship,0.75,Text does not name villages; treated as inter-village institutional joking.,2026-07-06T09:44:25.648565+00:00
875,/Mossi_Hammond_260_NK,WesternAfrica,Mossi,the Mossi,ethnic group,several other ethnic groups,ethnic group,cross_group,Text explicitly states institutionalized joking between the Mossi and other ethnic groups; cross-group.,"Among the Mossi, joking is institutionalized as an adjustive mechanism in the following relationships: (1) between Ego and his mother's agnatic kin, particularly his mother's elder brother; (2) between Ego and his mother's brother's wife; (3) between siblings-in-law; (4) between sibs; (5) between age-sets in the same age-grade; (6) between certain villages; and (7) between the Mossi and several other ethnic groups.",,,unclear,joking_relationship,0.6,Partner groups not named in text; entity_b_raw copied verbatim from document.,2026-07-06T09:44:25.648565+00:00
876,/Mossi_Hammond_262_KS,WesternAfrica,Mossi,mother's brother's wife,kin_role,Ego (nephew),kin_role,kinship,Text describes recurrent asymmetric joking between a mother's brother's wife and her nephew; clearly kinship-based.,"However, joking in this relationship is asymmetrical. The mother's brother's wife takes the more aggressive role, and from the vehemence of her joking, and the structural nature of the relationship, it appears likely that amity lies less heavily in the balance than hostility.",Avuncular And Nepotic,,non_symmetric,joking_relationship,0.9,,2026-07-06T09:44:41.844958+00:00
877,/Mossi_Hammond_262_KS,WesternAfrica,Mossi,Siblings-in-law,kin_role,Siblings-in-law,kin_role,kinship,"Text treats joking between siblings-in-law as a recurring, reciprocal, socially recognized relationship tied to marriage rules.",Siblings-in-law who joke are separated by the rule of sib exogamy observed among the Mossi. Reciprocity is basic to the marriage contract that unites their respective king groups.,Siblings-In-Law,,symmetric,joking_relationship,0.9,,2026-07-06T09:44:41.844958+00:00
878,/Mossi_Hammond_262_KS,WesternAfrica,Mossi,sibs (lineages),lineage,sibs (lineages),lineage,kinship,"Author describes recurrent joking alliances between descent groups ('sibs'), origin stories, and structural equality—kinship-based institutional ties.","Sibs (or lineages) whose members joke with one another are, of course, also separate groups. They are always united by a strong tradition of reciprocal social and economic aid.",Sibs,,symmetric,joking_relationship,0.9,Also called 'joking alliance' in text (marriage between such groups is desirable).,2026-07-06T09:44:41.844958+00:00
879,/Mossi_Hammond_262_KS,WesternAfrica,Mossi,age-sets,age_set,age-sets within an age-grade,age_set,within_group,"Describes patterned joking between age-sets within an age-grade as a recurrent, role-based social practice.",Joking between age-sets within an age-grade varies with the generational position of the set in Mossi society. In the years immediately following initiation the members are much involved in group activities ... and during this period joking is important.,Joking Between Age-Sets,,unclear,joking_relationship,0.85,Symmetry varies by generational position; text does not specify fixed reciprocal pattern.,2026-07-06T09:44:41.844958+00:00
880,/Mossi_Hammond_263_KS,WesternAfrica,Mossi,Mossi,ethnic group,Gurunsi,ethnic group,cross_group,"Text explicitly states Mossi maintain a joking relationship with the Gurunsi; inter-ethnic, reciprocal hospitality and ambivalence.","The joking relationship which the Mossi maintain with the Gurunsi and the Samogho peoples, among others, appears to involve the same structural characteristics.",joking relationship,,symmetric,joking_relationship,0.9,,2026-07-06T09:45:02.441064+00:00
881,/Mossi_Hammond_263_KS,WesternAfrica,Mossi,Mossi,ethnic group,Samogho,ethnic group,cross_group,Document names Samogho as an ethnic group with which Mossi have an institutionalized joking relationship.,"The joking relationship which the Mossi maintain with the Gurunsi and the Samogho peoples, among others, appears to involve the same structural characteristics.",joking relationship,,symmetric,joking_relationship,0.9,,2026-07-06T09:45:02.441064+00:00
882,/Mossi_Hammond_263_KS,WesternAfrica,Mossi,Mossi,ethnic group,Yarse,ethnic group,cross_group,"Author states belief that joking is institutionalized between Mossi and the Yarse, an acculturated ethnic minority.","3. I believe that joking is also institutionalized between the Mossi and the Yarse, a highly acculturated ethnic minority of Mande origin who live throughout Yatenga.",,,unclear,joking_relationship,0.6,Author notes belief but limited data; relationship mentioned as tentative.,2026-07-06T09:45:02.441064+00:00
883,/Mossi_Hammond_263_KS,WesternAfrica,Mossi,Mossi,ethnic group,indigenous blacksmith caste,caste,within_group,Text explicitly mentions joking between Mossi and the indigenous blacksmith caste within the region.,There is also joking between the Mossi and the indigenous blacksmith caste.,,,unclear,joking_relationship,0.6,Author states data on this instance are inadequate.,2026-07-06T09:45:02.441064+00:00
884,/Mossi_Hammond_263_KS,WesternAfrica,Mossi,age-sets,age_set,other age-sets,age_set,within_group,"Text describes structurally separate, reciprocal relations and ambivalent rivalry between age-sets implying institutionalized joking.","Age-sets are structurally separate within the age-grade. Their relations are reciprocal: individual members co-operate in the arrangement of one another's sexual liaisons; they pool their labor and share the profits they earn as members of their co-operative work organizations; and young men often leave Yatenga as migrant laborers in groups organized on the basis of age-grade membership, thereby reinforcing many of the reciprocal ties established in the work groups.",joking between age-sets,,symmetric,joking_relationship,0.8,Age-sets described as structurally equivalent and independent; joking framed as part of their relations.,2026-07-06T09:45:02.441064+00:00
885,/Mossi_Hammond_264_KS,WesternAfrica,Mossi,the Mossi,ethnic group,the Yarse,ethnic group,cross_group,"Text states joking is institutionalized between Mossi and Yarse—distinct ethnic groups, recurrent cultural tie.","I believe that joking is also institutionalized between the Mossi and the Yarse, a highly acculturated ethnic minority of Mande origin who live throughout Yatenga.",,,unclear,joking_relationship,0.6,Author hedges belief and reports inadequate data.,2026-07-06T09:45:12.135683+00:00
886,/Mossi_Hammond_264_KS,WesternAfrica,Mossi,the Mossi,ethnic group,the indigenous blacksmith caste,caste,within_group,Text asserts institutionalized joking between Mossi and indigenous blacksmith caste; caste is a within-society social unit.,There is also joking between the Mossi and the indigenous blacksmith caste.,,,unclear,joking_relationship,0.5,Author states existence but notes data are inadequate.,2026-07-06T09:45:12.135683+00:00
887,/Mossi_Hammond_265_1_KS,WesternAfrica,Mossi,his wife,kin_role,a man's younger brothers,kin_role,kinship,"Text describes culturally expected, reciprocal teasing between a man's wife and his younger brothers (in-law joking).","Similarly, when a man's younger brothers come into the presence of his wife, she is expected to insult them in the same way—to deride with humor their appearance, their lack of energy, their skill at their work, or their intelligence. ... His brothers can be relied upon to relay to her husband what she has said, if he has not himself over-heard the exchange. ... And her husband's younger brothers, by retorting with hostile banter of the same sort, can convey to her the dissatisfaction of both her husband and their other kinsmen with her comportment, thus providing her, too, with a chance to mend her ways.",,,mixed,insulting_license,0.9,,2026-07-06T09:45:20.539356+00:00
888,/Mossi_Hammond_265_KS,WesternAfrica,Mossi,husband,kin_role,wife's younger sisters,kin_role,kinship,"Recurring, culturally patterned joking between a husband and his wife's younger sisters as communication channel.","The wife's younger sisters cannot take offense at this joking, and they can be relied upon to relay the husband's complaints to their sister—if, indeed, she does not herself overhear the joking exchange. Furthermore, since a wife's younger sisters are usually aware of the sources of her grievance with her husband, they can use the same means to communicate to him the reason for her resentment and consequent failure to perform her domestic tasks to his satisfaction.",joking,,symmetric,joking_relationship,0.9,,2026-07-06T09:45:27.781454+00:00
889,/Mossi_Hammond_267_KS,WesternAfrica,Mossi,younger siblings of each spouse,kin_role,each spouse,kin_role,kinship,Text identifies 'sibling-in-law joking' as a traditional institution between spouses and their younger siblings.,"Although the potential for conflict in the marriage relationship remained high, or was even augmented by the stresses of adjusting to a changed milieu, sibling-in-law joking, the institution through which such tension is traditionally regulated among the Mossi, was no longer operative. Unless the younger siblings of each spouse had accompanied them to the resettlement area, those individuals were absent to whom they might have communicated their grievances and expressed their aggressive sentiments in a socially harmless, psychologically satisfactory, and culturally acceptable way.",sibling-in-law joking,,symmetric,joking_relationship,0.8,Interpreted as an institutional joking tie involving spouses and their younger siblings (sibling-in-law relations); text frames it as kinship-based regulatory institution.,2026-07-06T09:45:40.620192+00:00
890,/Mossi_Skinner_195_NK,WesternAfrica,Mossi,Mossi,ethnic group,Gourounsi,ethnic group,cross_group,Explicitly described recurrent joking by Mossi calling Gourounsi 'ligidi' indicating an institutionalized tease across groups.,"Mossi often jokingly refer to the Gourounsi as their ligidi (meaning money), implying their status as individuals to be sold as slaves.",,ligidi,non_symmetric,joking_relationship,0.9,,2026-07-06T09:45:50.994252+00:00
891,/Mossi_Skinner_195_NK,WesternAfrica,Mossi,Mogho,regional group,Samogho,regional group,within_group,"Text identifies a recurrent, symmetrical joking relationship between Mogho and Samogho within the society.","The joking relationship between Mogho and Samogho is more nearly symmetrical. Both groups declare that their two ancestors quarreled over the bones of a dog, and this quarrel still continues.",,,symmetric,joking_relationship,0.9,"No rituals dramatize this joking relationship, per text.",2026-07-06T09:45:50.994252+00:00
892,/Mossi_Skinner_333_NK,WesternAfrica,Mossi,dakiba,kin_role,the family rituals,group,kinship,Dakiba are named 'joking relatives' performing licensed antics at funerals within family rituals.,"the family rituals (such as the role of the dakiba [joking relatives], the preparation of the body, and matters of this kind) which take place within the confines of the homes of the deceased.",joking relatives,dakiba,unclear,joking_relationship,0.9,Dakiba are an institutionalized kin-role performing joking at funerals; text frames them as part of family ritual contexts.,2026-07-06T09:45:59.758399+00:00
893,/Mossi_Skinner_335_nk,WesternAfrica,Mossi,Catholic missionaries,group,their African converts (former students),group,within_group,"Text describes recurrent, culturally recognized joking/comradery between Catholic missionaries and their converts.","Whereas the Catholic priests made a total commitment to their charges (mind, body, and soul), the American Portestants were interested only in their souls. The result was that few American Protestants developed that easy comradery or “joking” relationship with their African converts that one witnesses so often between the Catholic missionaries and their former students.",joking relationship,,symmetric,joking_relationship,0.9,,2026-07-06T09:46:07.025334+00:00
894,/Mossi__263_NK,WesternAfrica,Mossi,Age-sets,age_set,Age-sets,age_set,within_group,"Text describes recurrent, reciprocal joking relationships between structurally separate age-sets.",Age-sets are structurally separate within the age-grade. Their relations are reciprocal: individual members co-operate in the arrangement of one another's sexual liaisons; they pool their labor and share the profits they earn as members of their co-operative work organizations;,Joking Between Age-Sets,,symmetric,joking_relationship,0.95,,2026-07-06T09:46:32.124345+00:00
895,/Mossi__263_NK,WesternAfrica,Mossi,villages,village,villages,village,within_group,Intervillage joking described as institutionalized between members (and chiefs) of different villages within the polity.,"When intervillage joking its institutionalized it may involve all the members of each community. However, I believe it is particularly expected of their respective chiefs.",Intervillage Joking,,symmetric,joking_relationship,0.9,Document refers to villages within same political system; treated as within_group.,2026-07-06T09:46:32.124345+00:00
896,/Mossi__263_NK,WesternAfrica,Mossi,the Mossi,ethnic group,the Gurunsi,ethnic group,cross_group,Explicitly states Mossi maintain joking relationships with Gurunsi as separate ethnic groups with reciprocal expectations.,"The joking relationship which the Mossi maintain with the Gurunsi and the Samogho peoples, among others, appears to involve the same structural characteristics.",Joking Between Ethnic Groups,,symmetric,joking_relationship,0.9,,2026-07-06T09:46:32.124345+00:00
897,/Mossi__263_NK,WesternAfrica,Mossi,the Mossi,ethnic group,the Samogho,ethnic group,cross_group,Text names Mossi–Samogho as having institutionalized joking with expectations of hospitality and assistance.,"The joking relationship which the Mossi maintain with the Gurunsi and the Samogho peoples, among others, appears to involve the same structural characteristics.",Joking Between Ethnic Groups,,symmetric,joking_relationship,0.9,,2026-07-06T09:46:32.124345+00:00
898,/Mossi__263_NK,WesternAfrica,Mossi,the Mossi,ethnic group,the Yarse,ethnic group,cross_group,"Author states belief that joking is institutionalized between Mossi and Yarse, an acculturated ethnic minority.","3. I believe that joking is also institutionalized between the Mossi and the Yarse, a highly acculturated ethnic minority of Mande origin who live throughout Yatenga.",,,unclear,joking_relationship,0.6,Author reports belief but notes inadequate data; coded lower confidence.,2026-07-06T09:46:32.124345+00:00
899,/Mossi__263_NK,WesternAfrica,Mossi,the Mossi,ethnic group,the indigenous blacksmith caste,caste,within_group,Text explicitly mentions institutionalized joking between Mossi and the indigenous blacksmith caste within the society.,There is also joking between the Mossi and the indigenous blacksmith caste. Unfortunately my data on these two instances of joking are inadequate.,,,unclear,joking_relationship,0.6,Author notes inadequate data; treated as within-group (caste within society).,2026-07-06T09:46:32.124345+00:00
926,/Nupe_Nadel_126_NK,WesternAfrica,Nupe,daughters-in-law,kin_role,the deceased,person,kinship,"Text states daughters-in-law are 'joking relations' exempt from mourning, indicating institutionalized kin joking with the deceased.","This, the Nupe will tell you, is quite in order: for the workers are always in-laws and ‘joking relations’ of the deceased (daughters-in-law or the wives of younger brothers), and are hence exempt from mourning.",joking relations,,unclear,joking_relationship,0.9,Extracted as kinship-based licensed teasing/familiarity between deceased and daughters-in-law; symmetry not specified.,2026-07-06T09:50:25.191354+00:00
927,/Nupe_Nadel_126_NK,WesternAfrica,Nupe,wives of younger brothers,kin_role,the deceased,person,kinship,"Text explicitly names wives of younger brothers as 'joking relations' exempt from mourning, a recurrent kin-based joking tie.","This, the Nupe will tell you, is quite in order: for the workers are always in-laws and ‘joking relations’ of the deceased (daughters-in-law or the wives of younger brothers), and are hence exempt from mourning.",joking relations,,unclear,joking_relationship,0.9,Wives of younger brothers coded as kin_role; relation framed as institutional exemption from mourning.,2026-07-06T09:50:25.191354+00:00
928,/Nupe_Nadel_241_NK,WesternAfrica,Nupe,boys and young men,group,the girls,group,within_group,"Document describes recurrent, culturally licensed teasing between youths and girls at the navũ festival.","There is cruder horseplay, too, the boys trying to seize the girls or to bump into them as though unwittingly; while in the shadows and under the bridge couples pursue their amorous play unseen. But though there is plenty of teasing and joking, the language is never obscene.",,,mixed,teasing,0.9,Patterned festivalized teasing/licensed erotic play between male youths and female youths during navũ.,2026-07-06T09:50:49.874828+00:00
929,/Nupe_Nadel_241_NK,WesternAfrica,Nupe,age-grade association under its leader,age_set,age-group,age_set,within_group,Text reports recurring organized mock battles and playful attacks between age-grade associations during the navũ.,"The girls come in little groups, while the boys and young men are formed into companies, each composed of an age-grade association under its leader.... now and again this clowning gives way to a mock battle, when the boys will thrust and throw the torches at one another, age-group fighting age-group, not seriously, but keenly and with marked excitement.",,navũ,symmetric,joking_relationship,0.95,Age-grade companies engage in ritualized competitive play/fighting as part of navũ.,2026-07-06T09:50:49.874828+00:00
930,/Nupe_Nadel_241_NK,WesternAfrica,Nupe,the threefold dynastic division of the city,regional group,rival territory,regional group,within_group,"Navũ bathing places and torch processions follow the three dynastic divisions, whose factions ritualized nightly raids and mock battles.","The three different bathing places are chosen in accordance with the threefold dynastic division of the city, and are visited by the age-grade associations in the respective local division.... Thus the torch processions invariably led to organized and heated fights between the three groups; on the way back from the river, especially, one would ambush the other or try to invade the rival territory.",factional jealousies / mock battle,navũ,symmetric,joking_relationship,0.85,Ritualized inter-faction fighting was licensed during navũ; government later forbade excesses.,2026-07-06T09:50:49.874828+00:00
931,/Nupe_Nadel_242_NK,WesternAfrica,Nupe,grandparents,kin_role,grandchildren of the opposite sex,kin_role,kinship,Explicitly listed kin-based recurring 'joking relationship' between grandparents and opposite-sex grandchildren.,"Thus the joking relationship obtains between grandparents and grandchildren of the opposite sex; between cross cousins; between a man and his

elder brothers' wives;",dzomanci / joking relationship,dzomanci,non_symmetric,joking_relationship,0.9,,2026-07-06T09:51:18.273911+00:00
932,/Nupe_Nadel_242_NK,WesternAfrica,Nupe,cross-cousins,kin_role,cross-cousins,kin_role,kinship,Text explicitly names cross-cousins as participants in the institutionalized joking relationship.,"Thus the joking relationship obtains between grandparents and grandchildren of the opposite sex; between cross cousins; between a man and his

elder brothers' wives;",dzomanci / joking relationship,dzomanci,non_symmetric,joking_relationship,0.9,,2026-07-06T09:51:18.273911+00:00
933,/Nupe_Nadel_242_NK,WesternAfrica,Nupe,a man,kin_role,his elder brothers' wives,kin_role,kinship,Line explicitly lists a man and his elder brothers' wives as a joking relationship pair derived from kinship positions.,"Thus the joking relationship obtains between grandparents and grandchildren of the opposite sex; between cross cousins; between a man and his

elder brothers' wives;",dzomanci / joking relationship,dzomanci,non_symmetric,joking_relationship,0.9,,2026-07-06T09:51:18.273911+00:00
934,/Nupe_Nadel_242_NK,WesternAfrica,Nupe,a man,kin_role,his mother's brother's wives,kin_role,kinship,Text lists man ↔ mother's brother's wives as a culturally recognized joking relationship.,"or between a man and his mother's brother's wives;

between a man and his wife's dzomanci; and between a woman and her

father-in-law and her mother-in-law's sister's sons.",dzomanci / joking relationship,dzomanci,non_symmetric,joking_relationship,0.9,,2026-07-06T09:51:18.273911+00:00
935,/Nupe_Nadel_242_NK,WesternAfrica,Nupe,a man,kin_role,his wife's dzomanci,kin_role,kinship,The text explicitly includes the relationship between a man and his wife's dzomanci as part of joking relationships.,"or between a man and his mother's brother's wives;

between a man and his wife's dzomanci; and between a woman and her

father-in-law and her mother-in-law's sister's sons.",dzomanci / joking relationship,dzomanci,non_symmetric,joking_relationship,0.9,,2026-07-06T09:51:18.273911+00:00
936,/Nupe_Nadel_242_NK,WesternAfrica,Nupe,a woman,kin_role,her father-in-law,kin_role,kinship,Explicit pairing in text: woman and her father-in-law form a joking relationship derived from kinship.,"between a man and his wife's dzomanci; and between a woman and her

father-in-law and her mother-in-law's sister's sons.",dzomanci / joking relationship,dzomanci,non_symmetric,joking_relationship,0.9,,2026-07-06T09:51:18.273911+00:00
937,/Nupe_Nadel_242_NK,WesternAfrica,Nupe,a woman,kin_role,her mother-in-law's sister's sons,kin_role,kinship,Text explicitly cites woman ↔ mother-in-law's sister's sons as a recurring joking relationship.,"between a man and his wife's dzomanci; and between a woman and her

father-in-law and her mother-in-law's sister's sons.",dzomanci / joking relationship,dzomanci,non_symmetric,joking_relationship,0.9,,2026-07-06T09:51:18.273911+00:00
938,/Nupe_Nadel_242_NK,WesternAfrica,Nupe,certain Nupe sections,regional group,other tribes,ethnic group,cross_group,Author states joking relationships occur between Nupe sections and other tribes (inter-group institutionalized joking).,"Joking relationship also occurs outside the kindred, between certain Nupe sections and other tribes, or within Nupe communities

between occupational groups.",,,unclear,joking_relationship,0.8,No specific section or tribe names given.,2026-07-06T09:51:18.273911+00:00
939,/Nupe_Nadel_242_NK,WesternAfrica,Nupe,occupational groups,group,other occupational groups (within Nupe communities),group,within_group,Text notes institutional joking between occupational groups within Nupe communities.,"Joking relationship also occurs outside the kindred, between certain Nupe sections and other tribes, or within Nupe communities

between occupational groups.",,,unclear,joking_relationship,0.8,No specific occupations named; institutional status asserted.,2026-07-06T09:51:18.273911+00:00
984,/Tallensi_17_NK,WesternAfrica,Tallensi,grandparent,kin_role,grandchild,kin_role,kinship,"Text describes a recurrent, permitted joking (mutual ragging) specifically between grandparents and grandchildren.","In this case equality, comatibility and partisanship, as if in league against the generation between them, are emphasized, more particularly by the joking relationship—mutual ragging among the Tallensi—permitted between grandparent and grandchild.",mutual ragging / joking relationship,,symmetric,joking_relationship,0.9,,2026-07-06T09:57:29.026139+00:00
985,/Tallensi_Forte_236_NK,WesternAfrica,Tallensi,paternal grandparents,kin_role,grandchild,kin_role,kinship,Text states paternal grandparents and grandchildren reciprocally tease as an institutionalized relation.,"This joking relationship holds for both sets of grandparents, and serves the purpose of reconciling the potentially conflicting elements in their relationships.",joking relationship,ba-kpeem / ma-kpeem / yaab / yaab-p(ɔ)k,symmetric,joking_relationship,0.9,,2026-07-06T09:57:53.181666+00:00
986,/Tallensi_Forte_236_NK,WesternAfrica,Tallensi,maternal grandparents,kin_role,grandchild,kin_role,kinship,"Author explicitly states that the joking relationship holds with both sets of grandparents, including maternal.","This joking relationship holds for both sets of grandparents, and serves the purpose of reconciling the potentially conflicting elements in their relationships.",joking relationship,ba-kpeem / ma-kpeem / yaab / yaab-p(ɔ)k,symmetric,joking_relationship,0.9,,2026-07-06T09:57:53.181666+00:00
987,/Tallensi_Forte_236_NK,WesternAfrica,Tallensi,patrilineal grandparent,kin_role,grandchild of the same sex,kin_role,kinship,Text notes greater intimacy and patterned joking particularly between patrilineal grandparent and same-sex grandchild.,"With it goes an intimacy and mutual trust, more particularly between patrilineal grandparent and grandchild of the same sex, such as is not found between any other kinsfolk, close or distant.",privileged familiarity / joking,,symmetric,joking_relationship,0.85,,2026-07-06T09:57:53.181666+00:00
988,/Tallensi_Forte_236_NK,WesternAfrica,Tallensi,siblings-in-law,kin_role,each other,kin_role,kinship,Author cites similar usage of joking between siblings-in-law as an institutional pattern.,"Cf. the similar usage between siblings-in-law, p. . Joking in the present case reconciles the familiarity permissible on the grounds of personal interest and the social equivalence of alternate generations, with the respect due to grandparents because of their age and their lineage status.",,,symmetric,joking_relationship,0.6,Cf. indicates similar institutionalized joking; source reference incomplete in text.,2026-07-06T09:57:53.181666+00:00
989,/Tallensi_Fortes_120_NK,WesternAfrica,Tallensi,a man,kin_role,his siblings-in-law,kin_role,kinship,Text explicitly states men have recurring joking ties with their siblings-in-law; clearly kinship-based.,A man has a joking relationship with his siblings-in-law similar to that of his wife with his sisters and distant clansmen.,joking relationship,,symmetric,joking_relationship,0.9,,2026-07-06T09:58:03.800730+00:00
990,/Tallensi_Fortes_120_NK,WesternAfrica,Tallensi,his wife,kin_role,her sisters,kin_role,kinship,Author names wife's joking relationship with her sisters as a patterned convention.,A man has a joking relationship with his siblings-in-law similar to that of his wife with his sisters and distant clansmen.,joking relationship,,symmetric,joking_relationship,0.9,,2026-07-06T09:58:03.800730+00:00
991,/Tallensi_Fortes_120_NK,WesternAfrica,Tallensi,his wife,kin_role,distant clansmen,clan,within_group,Wife's recurrent joking with 'distant clansmen' is a culturally patterned tie across lineage/clan units within society.,A man has a joking relationship with his siblings-in-law similar to that of his wife with his sisters and distant clansmen.,joking relationship,,symmetric,joking_relationship,0.85,,2026-07-06T09:58:03.800730+00:00
992,/Tallensi_Fortes_197_nk,WesternAfrica,Tallensi,grandparent,kin_role,grandchild,kin_role,kinship,Text states teasing occurs between grandparent and grandchild; kinship-based recurring licence.,"You cannot tease or joke with your parent or your child, the Tallensi say, because you do so with your grandparent or grandchild.",,kooh,symmetric,joking_relationship,0.9,,2026-07-06T09:58:17.570658+00:00
993,/Tallensi_Fortes_197_nk,WesternAfrica,Tallensi,parent,kin_role,child,kin_role,kinship,Text explicitly prohibits teasing between parent and child as a cultural rule (institutionalized avoidance).,"In particular, the familiarity between parents and children never goes so far as mutual teasing, as in a joking relationship. If a native is asked about this he frowns and says that it would be most offensive for a son or daughter to tease or joke with (kooh) a parent or vice versa.",,kooh,symmetric,avoidance,0.95,Prohibition described as normative cultural rule rather than casual; included as institutionalized avoidance.,2026-07-06T09:58:17.570658+00:00
994,/Tallensi_Fortes_207_NK,WesternAfrica,Tallensi,parents' parents,kin_role,Grandchildren,kin_role,kinship,Text explicitly states grandchildren have a joking relationship with their grandparents.,"Deference and respect for their conjugal privacy, amounting to a mild avoidance associated with the incest taboo is proper in relation to parents. But with parents' parents one has a joking relationship, which reconciles respect for the paternal grandfather's authority with the affectionate trust in the relationship of alternate generations...",joking relationship,,symmetric,joking_relationship,0.95,,2026-07-06T09:58:31.831692+00:00
995,/Tallensi_Fortes_207_NK,WesternAfrica,Tallensi,paternal grandfather,kin_role,Grandchildren,kin_role,kinship,Author names paternal grandfather's authority specifically within the joking-grandchild relation.,"But with parents' parents one has a joking relationship, which reconciles respect for the paternal grandfather's authority with the affectionate trust in the relationship of alternate generations...",,,symmetric,joking_relationship,0.9,,2026-07-06T09:58:31.831692+00:00
996,/Tallensi_Fortes_207_NK,WesternAfrica,Tallensi,Father's mother,kin_role,child,kin_role,kinship,"Text describes father's mother as indulgent and part of the affectionate, joking relations with younger generation.","Father's mother is the acme of indulgence, for unlike mother she never has to forbid or scold and feels no Techniques Of responsibility for a child's conduct.",,,symmetric,joking_relationship,0.85,Implied joking/affectional liberties between father's mother and grandchildren/children.,2026-07-06T09:58:31.831692+00:00
997,/Tallensi_Fortes_222_NK,WesternAfrica,Tallensi,grandparents,kin_role,grandchildren,kin_role,kinship,"Text explicitly states a classical, culturally recognized joking relationship between these kin roles.","As in many tribal societies, and consistently with this point of view, the restraint that is customary between parents and children is counterbalanced by a classical joking relationship between grandparents and grandchildren.",classical joking relationship,,symmetric,joking_relationship,0.9,,2026-07-06T09:58:36.911875+00:00
998,/Tallensi_Fortes_273_NK,WesternAfrica,Tallensi,a man,kin_role,his wife's siblings (in the widest classificatory sense of all her clan-siblings),kin_role,kinship,Text describes a conventionalized joking relationship between a man and his wife's (classificatory) siblings.,"Conventionalized joking between a man and his wife's siblings (in the widest classificatory sense of all her clan-siblings), and of a woman with her husband's sisters and his more distant clansmen, is another indication of the social equivalence of siblings.",Conventionalized joking,,symmetric,joking_relationship,0.9,,2026-07-06T09:58:56.851641+00:00
999,/Tallensi_Fortes_273_NK,WesternAfrica,Tallensi,a woman,kin_role,her husband's sisters,kin_role,kinship,Author explicitly notes patterned joking of a woman with her husband's sisters (sister-in-law relations).,"Conventionalized joking between a man and his wife's siblings (in the widest classificatory sense of all her clan-siblings), and of a woman with her husband's sisters and his more distant clansmen, is another indication of the social equivalence of siblings.",Conventionalized joking,,symmetric,joking_relationship,0.9,Also evidenced by reciprocal address terms 'our wife' and 'husband' between wife's and husband's kin.,2026-07-06T09:58:56.851641+00:00
1000,/Tallensi_Fortes_273_NK,WesternAfrica,Tallensi,a woman,kin_role,her husband's more distant clansmen,clan,kinship,"Text groups wife's joking with husband's more distant clansmen as a recurrent, conventionalized pattern.","Conventionalized joking between a man and his wife's siblings (in the widest classificatory sense of all her clan-siblings), and of a woman with her husband's sisters and his more distant clansmen, is another indication of the social equivalence of siblings.",Conventionalized joking,,symmetric,joking_relationship,0.8,Clans treated as classificatory kin; author groups them with sister-in-law joking.,2026-07-06T09:58:56.851641+00:00
1001,/Tallensi_Fortes_296_NK,WesternAfrica,Tallensi,the men whom his ah(ə)b calls ‘father’,kin_role,a sister's son,kin_role,kinship,Text states the sister's son 'jokes with' these named kin; clearly a patterned kinship joking tie.,"The men whom his ah(ə)b calls ‘father’ he calls ‘grandfather’, and he jokes with them;",,ah(ə)b,symmetric,joking_relationship,0.9,,2026-07-06T09:59:06.113409+00:00
1002,/Tallensi_Fortes_301_nk,WesternAfrica,Tallensi,grandchildren,kin_role,maternal grandparents (ma-kpeem),kin_role,kinship,Text states grandchildren joke with their maternal grandparents; clearly recurring kin-based licensed teasing.,"As will be remembered, grandchildren joke with their maternal grandparents.",,ma-kpeem,symmetric,joking_relationship,0.9,,2026-07-06T09:59:11.536268+00:00
1003,/Tallensi_Fortes_334_nk,WesternAfrica,Tallensi,wife's sister,kin_role,brother-in-law,kin_role,kinship,"Text contrasts joking norms: joking with a wife's sister is culturally licensed, unlike with a father's sister.","It would be grossly improper, for example, to joke with her as one jokes with a wife's sister; and to strike or abuse her, even if she were much younger than oneself, would be a sin.",joking (licensed with wife's sister),,symmetric,joking_relationship,0.7,Inference: the culturally recognized joking relationship is between a person's brother-in-law role and his wife's sister; text states licensed joking with wife's sister by contrast.,2026-07-06T09:59:30.840011+00:00
1004,/Tallensi_Fortes_336_nk,WesternAfrica,Tallensi,father's sister (ba-p(ɔ)k / pug(ə)r(ə)ba),kin_role,nephew/niece (brother's child),kin_role,kinship,Text explicitly identifies ba-p(ɔ)k and nephews/nieces in a culturally recognized joking tie.,A person recognizes the sister of any man in the inner lineage or medial lineage whom he calls ‘father’ as his ba-p(ɔ)k. ... In theory the joking relationship holds for granchild and grandfather's sister.,,ba-p(ɔ)k; pug(ə)r(ə)ba,symmetric,joking_relationship,0.9,,2026-07-06T09:59:44.409801+00:00
1005,/Tallensi_Fortes_336_nk,WesternAfrica,Tallensi,grandfather's sister,kin_role,grandchild,kin_role,kinship,Author states the joking relationship specifically holds between grandchild and grandfather's sister.,In theory the joking relationship holds for granchild and grandfather's sister.,,,symmetric,joking_relationship,0.85,,2026-07-06T09:59:44.409801+00:00
1006,/Tallensi_Fortes_91_NK,WesternAfrica,Tallensi,Ba'ari,clan,Gorogo,clan,within_group,Text explicitly states Ba'ari has a joking partnership with Gorogo; intra-societal clan tie.,"Each clan among the Talis, and in some cases a particular maximal lineage, has one or more joking partnerships with other clans or lineages. Thus Ba'ari has a joking partnership with Gorogo, Zubiuŋ with Sakpee and Gundaat, Kpata'ar with Wakii, Degal with Samiit, and so forth.",joking partnership,,symmetric,joking_relationship,0.95,,2026-07-06T10:00:16.870891+00:00
1007,/Tallensi_Fortes_91_NK,WesternAfrica,Tallensi,Zubiuŋ,clan,Sakpee,clan,within_group,Author gives Zubiuŋ–Sakpee as an explicit joking partnership example within society.,"Thus Ba'ari has a joking partnership with Gorogo, Zubiuŋ with Sakpee and Gundaat, Kpata'ar with Wakii, Degal with Samiit, and so forth.",joking partnership,,symmetric,joking_relationship,0.95,,2026-07-06T10:00:16.870891+00:00
1008,/Tallensi_Fortes_91_NK,WesternAfrica,Tallensi,Zubiuŋ,clan,Gundaat,clan,within_group,Text lists Zubiuŋ–Gundaat as another explicit joking partnership among clans.,"Thus Ba'ari has a joking partnership with Gorogo, Zubiuŋ with Sakpee and Gundaat, Kpata'ar with Wakii, Degal with Samiit, and so forth.",joking partnership,,symmetric,joking_relationship,0.95,,2026-07-06T10:00:16.870891+00:00
1009,/Tallensi_Fortes_91_NK,WesternAfrica,Tallensi,Kpata'ar,clan,Wakii,clan,within_group,Explicit enumeration identifies Kpata'ar and Wakii as joking partners within the society.,"Thus Ba'ari has a joking partnership with Gorogo, Zubiuŋ with Sakpee and Gundaat, Kpata'ar with Wakii, Degal with Samiit, and so forth.",joking partnership,,symmetric,joking_relationship,0.95,,2026-07-06T10:00:16.870891+00:00
1010,/Tallensi_Fortes_91_NK,WesternAfrica,Tallensi,Degal,clan,Samiit,clan,within_group,Text explicitly pairs Degal with Samiit as a conventional joking partnership.,"Thus Ba'ari has a joking partnership with Gorogo, Zubiuŋ with Sakpee and Gundaat, Kpata'ar with Wakii, Degal with Samiit, and so forth.",joking partnership,,symmetric,joking_relationship,0.95,,2026-07-06T10:00:16.870891+00:00
1011,/Tallensi_Fortes_91_NK,WesternAfrica,Tallensi,man,kin_role,wife's brother (dakii),kin_role,kinship,Text compares clan joking with affinal teasing; gives man teasing his wife's brother (dakii) as routine.,"As we have noted, the natives compare them with the joking relationship of affines of the same generation. A man will tease his wife's brother (dakii) or sister (dakii-p(ɔ)k) or his sister's husband (dakii) or a clansman's wife in this way, and a woman her brother's wife (p(ɔ)□akii) or her husband's sister (p(ɔ)□akii), to the amusement of both.",affinal teasing,dakii,symmetric,joking_relationship,0.9,,2026-07-06T10:00:16.870891+00:00
1012,/Tallensi_Fortes_91_NK,WesternAfrica,Tallensi,man,kin_role,sister's husband (dakii),kin_role,kinship,Author states men routinely tease their sister's husband (dakii) as part of affinal joking.,"A man will tease his wife's brother (dakii) or sister (dakii-p(ɔ)k) or his sister's husband (dakii) or a clansman's wife in this way, and a woman her brother's wife (p(ɔ)□akii) or her husband's sister (p(ɔ)□akii), to the amusement of both.",affinal teasing,dakii,symmetric,joking_relationship,0.9,,2026-07-06T10:00:16.870891+00:00
1013,/Tallensi_Fortes_91_NK,WesternAfrica,Tallensi,woman,kin_role,brother's wife (p(ɔ)□akii),kin_role,kinship,Text gives women teasing their brother's wife (pɔakii) as a culturally patterned joking tie.,"A man will tease his wife's brother (dakii) or sister (dakii-p(ɔ)k) or his sister's husband (dakii) or a clansman's wife in this way, and a woman her brother's wife (p(ɔ)□akii) or her husband's sister (p(ɔ)□akii), to the amusement of both.",affinal teasing,p(ɔ)□akii,symmetric,joking_relationship,0.9,,2026-07-06T10:00:16.870891+00:00
1014,/Tallensi_Fortes_91_NK,WesternAfrica,Tallensi,woman,kin_role,husband's sister (p(ɔ)□akii),kin_role,kinship,"Author records women teasing their husband's sister (pɔakii), indicating patterned affinal joking.","A man will tease his wife's brother (dakii) or sister (dakii-p(ɔ)k) or his sister's husband (dakii) or a clansman's wife in this way, and a woman her brother's wife (p(ɔ)□akii) or her husband's sister (p(ɔ)□akii), to the amusement of both.",affinal teasing,p(ɔ)□akii,symmetric,joking_relationship,0.9,,2026-07-06T10:00:16.870891+00:00
1015,/Tallensi_Fortes_91_NK,WesternAfrica,Tallensi,clansman,kin_role,clansman's wife,kin_role,kinship,Text mentions men teasing a clansman's wife as comparable to affinal joking; indicates patterned license.,"A man will tease his wife's brother (dakii) or sister (dakii-p(ɔ)k) or his sister's husband (dakii) or a clansman's wife in this way, and a woman her brother's wife (p(ɔ)□akii) or her husband's sister (p(ɔ)□akii), to the amusement of both.",affinal/complementary teasing,,symmetric,joking_relationship,0.85,,2026-07-06T10:00:16.870891+00:00
1016,/Tallensi_Fortes_93_NK,WesternAfrica,Tallensi,Yam(ə)l(ə)g,village,Tongo,village,cross_group,Repeated teasing/forcible appropriation between these villages described as accepted practical joke tied to clanship rights.,"When there was a funeral at Yam(ə)l(ə)g a party of relatives-in-law (deenam) would sometimes pass through Tongo from Wakii or T□nzugu carrying the obligatory food contributions ... Tongo youths would then, if they had a chance, intercept them and compel them to give up most of the food, leaving only a small portion to prove to the Yam(ə)l(ə)g people that their relatives-in-law had discharged their obligations.",inter-village joking/forcible appropriations (sunz(ɔ)p rights),sunz(ɔ)p,mixed,joking_relationship,0.9,,2026-07-06T10:00:50.273278+00:00
1017,/Tallensi_Fortes_93_NK,WesternAfrica,Tallensi,Yam(ə)l(ə)g,village,Nab(ə)rug,village,cross_group,"Yam(ə)l(ə)g people waylaid Nab(ə)rug parties as a customary, accepted practical joke.",Next time a similar party of relatives-in-law bound for Tongo from Nab(ə)rug passed through Yam(ə)l(ə)g they would be waylaid and robbed in the same way.,waylaying/teasing of passing relatives-in-law,sunz(ɔ)p,non_symmetric,joking_relationship,0.85,Yam(ə)l(ə)g actors described as instigators in this instance.,2026-07-06T10:00:50.273278+00:00
1018,/Tallensi_Fortes_93_NK,WesternAfrica,Tallensi,Tongo,village,Wakii,village,cross_group,Tongo youths intercepted Wakii relatives-in-law passing through Tongo as an accepted practical joke.,"When there was a funeral at Yam(ə)l(ə)g a party of relatives-in-law (deenam) would sometimes pass through Tongo from Wakii or T□nzugu carrying the obligatory food contributions ... Tongo youths would then, if they had a chance, intercept them and compel them to give up most of the food ... It was thought of as a practical joke, and accepted as such by the victims.",interception/teasing of passing relatives-in-law,deenam,non_symmetric,joking_relationship,0.85,Victims are described as relatives-in-law (deenam) from Wakii.,2026-07-06T10:00:50.273278+00:00
1019,/Tallensi_Fortes_93_NK,WesternAfrica,Tallensi,Tongo,village,T□nzugu,village,cross_group,Tongo youths intercepted relatives-in-law from T□nzugu passing through Tongo; described as accepted practical joking.,"When there was a funeral at Yam(ə)l(ə)g a party of relatives-in-law (deenam) would sometimes pass through Tongo from Wakii or T□nzugu carrying the obligatory food contributions ... Tongo youths would then, if they had a chance, intercept them and compel them to give up most of the food ... It was thought of as a practical joke, and accepted as such by the victims.",interception/teasing of passing relatives-in-law,deenam,non_symmetric,joking_relationship,0.8,T□nzugu named in same pattern as Wakii; orthography preserved from source.,2026-07-06T10:00:50.273278+00:00
1020,/Tallensi_Fortes_93_NK,WesternAfrica,Tallensi,Tongo,village,Yam(ə)l(ə)g,village,cross_group,Tongo people were permitted to pluck crops in Yam(ə)l(ə)g as an exaggerated assertion of clanship ties; described as accepted teasing.,"In the same way, twenty years ago, a Tongo man who chanced to be passing through Yam(ə)l(ə)g when the guinea corn was ripening or the ground-nuts ready for harvesting, might pluck a few twigs of guinea corn or pull up a bunch of ground-nuts to stay his hunger. He would shout out, ‘Whose corn is this, yo-o-o? I am going to pluck some.’ The owner ... would not raise a hue and cry, for this was not theft but an exaggerated assertion of clanship ties.",licensed crop-plucking/teasing,,non_symmetric,joking_relationship,0.9,Later political hostility ended this custom between the two places.,2026-07-06T10:00:50.273278+00:00
1021,/Tallensi_Fortes_93_NK(1),WesternAfrica,Tallensi,a woman (wife),kin_role,"sisters-in-law (p(ɔ)□akie, pl. p(ɔ)□akies)",kin_role,kinship,Text describes recurrent joking/play between a wife and her sisters-in-law as a culturally patterned relation.,"With them, often her equals in years and her companions in work, she can laugh and play and joke.  Like herself, they are already, or are fated to be, married out of their natal families to ‘strangers’.",joke and play,p(ɔ)□akie,symmetric,joking_relationship,0.9,,2026-07-06T10:01:03.775003+00:00
1022,/Tallensi_Fortes_94_NK,WesternAfrica,Tallensi,Gbizug,lineage,Tongo,lineage,within_group,Text describes recurrent playful taunting between complementary politico-ritual lineages in ceremonies.,"Gbizug and Tongo men, for example, have a habit of doing this. The Chief of Tongo and the Gbizug t□ndaana, on the rare occasions when they meet in public, will interrupt a long and ceremonious discussion with a95 jesting altercation about their mythologically founded bonds of mutual coercion.",,,symmetric,joking_relationship,0.9,,2026-07-06T10:01:26.153552+00:00
1023,/Tallensi_Fortes_94_NK,WesternAfrica,Tallensi,Chief of Tongo,lineage,Gbizug t□ndaana,lineage,within_group,Explicit ritual-office pair engages in recurrent public jesting during ceremonies.,"The Chief of Tongo and the Gbizug t□ndaana, on the rare occasions when they meet in public, will interrupt a long and ceremonious discussion with a95 jesting altercation about their mythologically founded bonds of mutual coercion.",,,symmetric,joking_relationship,0.9,Ritual-office pair extracted as institutionalized joking in ceremonial contexts.,2026-07-06T10:01:26.153552+00:00
1024,/Tallensi_Fortes_94_NK,WesternAfrica,Tallensi,Kpata'ar,lineage,Gundaat,lineage,within_group,Author states elders of these politico-ritual lineages often tease one another in ceremonies.,"Elders of Kpata'ar and Gundaat, which have a similar politico-ritual relationship to that of Tongo and Gbizug, often tease one another in the same way when they meet to perform a ceremony together.",,,symmetric,joking_relationship,0.9,,2026-07-06T10:01:26.153552+00:00
1025,/Tallensi_Fortes_94_NK,WesternAfrica,Tallensi,Yam(ə)l(ə)g,village,Sie,village,cross_group,Text reports patterned mutual actions between named communities prior to political conflict.,The people of Yam(ə)l(ə)g and of Sie used to act in the same way towards each other before the political jealousies that to-day poison their relationship arose.,,,symmetric,joking_relationship,0.7,Passage links their prior reciprocal behaviour to same customary pattern; less explicit as joking but described as 'act in the same way'.,2026-07-06T10:01:26.153552+00:00
1092,/Wolof_181_nk,WesternAfrica,Wolof,Diop,patronym,Ndiaye,patronym,within_group,Text gives kall joking greeting exchanged between Diop and Ndiaye surnames; recurring group-level institution.,"A. Diop!(B’s name)

B. Ndiaye! (A’s name)

Diop!

Ndiaye!

A. Sant ba neehul!

That surname is not pleasing!

B. Neeh na kaay.

It is so pleasing.

A. Lekk tyeb!

(The Diops) eat rice! [luxury food; this
means they are greedy]

B. Ndiaye rek, nyoo ko lekk!

Only the Ndiayes, it is they who eat it!",kall / joking greeting,kall,symmetric,joking_relationship,0.95,,2026-07-06T10:08:28.862764+00:00
1093,/Wolof_181_nk,WesternAfrica,Wolof,griot,group,young or low-ranking noble,kin_role,within_group,Author states joking greeting may occur between a griot and a young/low-ranking noble as a recognized practice.,"It is rare to see a joking greeting between a griot and the Imam of the mosque, for instance, although such a greeting might well occur between a griot and a young or low-ranking noble.",,kall,unclear,joking_relationship,0.65,Text frames this as a permissible instance of kall between occupational/status roles rather than specific lineages.,2026-07-06T10:08:28.862764+00:00
1094,/Wolof_182_nk,WesternAfrica,Wolof,Diop,patronym,Ndiaye,patronym,kinship,Document gives kall joking greeting example and states certain surname pairs perform it; Diop–Ndiaye shown.,"A. Diop! (B’s name)

Diop! (B’s name)

B. Sa sant Ndiaye neehul!

Your surname Ndiaye is not pleasing!

The joking relationship provides, however, only a very limited opportunity to express equality. The kall involves only certain pairs of surnames, and any one person has only one or two surname groups in which to find joking partners.",kall,kall,symmetric,joking_relationship,0.9,,2026-07-06T10:08:35.052920+00:00
1095,/Yoruba_67_nk,WesternAfrica,Yoruba,the grave diggers,group,his children,kin_role,within_group,"Repeated, culturally patterned joking by grave-diggers toward bereaved children during funerals.","If the deceased was elderly, the grave diggers joke while they work to make his children forger some of their sorrow and laugh a little; but if he was their own age or younger, they do not joke while they work and they do not ask for food and drink.",joke while they work,,non_symmetric,joking_relationship,0.9,Occupational group (grave diggers) performs licensed joking directed at bereaved kin (children) as a funerary practice.,2026-07-06T10:08:40.922199+00:00
1438,/tiv_12_nk,WesternAfrica,tiv,Tiv,ethnic group,Fulani,ethnic group,cross_group,Text explicitly names a recurrent joking relationship (sengen) between Tiv and Fulani; cross-ethnic partners.,"Tiv in almost all parts of Tivland say today that they came into their present
country from the south-east. While they were “ coming down ” ( sen, that is,
going north-west) they met the Fulani, with whom they lived for a time and
from whom they parted peacefully. As evidence they cite the present “ joking
relationship ” ( sengen ) between Tiv and Fulani.",joking relationship,sengen,symmetric,joking_relationship,0.9,,2026-07-06T10:34:21.366455+00:00
1439,/tiv_1_nk,WesternAfrica,tiv,Tiv,ethnic group,Fulani,ethnic group,cross_group,Text explicitly states a recurring joking relationship between Tiv and Fulani—an institutionalized interethnic tie.,"""Coming down,"" as they put it, they met the Fulani, with whom they still recognize a joking relationship.",joking relationship,,symmetric,joking_relationship,0.9,,2026-07-06T10:34:31.936726+00:00
1487,/wolof_180_nk,WesternAfrica,wolof,Diop,patronym,Ndiaye,patronym,kinship,Text identifies Diop–Ndiaye as a named kall (jokingrelationship) between surnamed kin groups with mother–son origin.,"Certain pairs of surnames, and the kin groups which bear them, stand in a special relationship to each other, called kall ‘jokingrelationship.’ The families Diop and Ndiaye, for example, are in jokingrelationship because, supposedly, ‘the Diops are the mothers of the Ndiayes.’",kall (joking relationship),kall,symmetric,joking_relationship,0.9,,2026-07-06T10:39:52.277031+00:00
1488,/wolof_35_nk,WesternAfrica,wolof,grandfathers,kin_role,grandsons,kin_role,kinship,Text explicitly describes a culturally allowed recurring joking tie between grandfathers and grandsons.,"There is a jokingrelationship between grandfathers and grandsons. A grandson is permitted to act disrespectfully toward his grandfather, pulling his beard, calling him by a nickname, making fun of his physique, and contradicting him.",jokingrelationship,,non_symmetric,joking_relationship,0.9,,2026-07-06T10:39:59.361775+00:00
1489,/wolof_47_nk,WesternAfrica,wolof,child of the mother9s brother,kin_role,child of the father9s sister,kin_role,kinship,"Text describes culturally recognized, recurrent joking liberties between these cross-cousin kin roles.","Like many other peoples, the Wolof have an institution-alized cross cousins relationship. It is especially marked by a jokingrelationship between the child Regulation Of of the mother9s brother who is called ""master"" ( borom) and the child of the father9s sister who is called ""slave"" ( jam).",master/slave (borom/jam) joking relationship,"borom, jam",mixed,joking_relationship,0.9,"Oppositional labels (master/slave) exist, but joking liberties described as mutual, especially between opposite-sex cross-cousins.",2026-07-06T10:40:05.511891+00:00
1490,/wolof_55_nk,WesternAfrica,wolof,jam (father's sister's child),kin_role,b[unknown]r[unknown]m (mother's brother's child),kin_role,kinship,"Text describes recurring, institutionalized jam ↔ b...r...m joking rights in kin relations and ceremonies.","Among the Wolof the relationship is expressed in terms of jam (slave) and b[unknown]r[unknown]m (master), a father’s sister’s child will be jam, a mother's brother’s child b[unknown]r[unknown]m. On ceremonial occasions the jam come to help their b[unknown]r[unknown]m, and are rewarded for their services.",,jam / b[unknown]r[unknown]m,symmetric,joking_relationship,0.95,,2026-07-06T10:40:20.335372+00:00
1491,/wolof_55_nk,WesternAfrica,wolof,Njai,clan,Gei,clan,within_group,"Text explicitly states Njai are b...r...m of the Gei, a recurrent clan-level joking relationship.","In clan relationships, the Njai are the b[unknown]r[unknown]m of the Gei, the Gei b[unknown]r[unknown]m of the Seka, the Seka b[unknown]r[unknown]m of the Job, and so on.",,b[unknown]r[unknown]m,symmetric,joking_relationship,0.9,,2026-07-06T10:40:20.335372+00:00
1492,/wolof_55_nk,WesternAfrica,wolof,Gei,clan,Seka,clan,within_group,"Text lists Gei as b...r...m of Seka, indicating institutionalized clan joking partnership.","In clan relationships, the Njai are the b[unknown]r[unknown]m of the Gei, the Gei b[unknown]r[unknown]m of the Seka, the Seka b[unknown]r[unknown]m of the Job, and so on.",,b[unknown]r[unknown]m,symmetric,joking_relationship,0.9,,2026-07-06T10:40:20.335372+00:00
1493,/wolof_55_nk,WesternAfrica,wolof,Seka,clan,Job,clan,within_group,Text explicitly pairs Seka and Job in the chain of b...r...m clan joking relations.,"In clan relationships, the Njai are the b[unknown]r[unknown]m of the Gei, the Gei b[unknown]r[unknown]m of the Seka, the Seka b[unknown]r[unknown]m of the Job, and so on.",,b[unknown]r[unknown]m,symmetric,joking_relationship,0.9,,2026-07-06T10:40:20.335372+00:00
1494,/wolof_98_nk,WesternAfrica,wolof,men,group,younger women,group,within_group,Text states men customarily joke and take liberties with younger women as a recurrent behavioral norm.,"A man does not give an older woman such consideration, though he will not joke with her or take other liberties as he does with younger women.",take liberties / joke with,,non_symmetric,joking_relationship,0.8,,2026-07-06T10:40:25.845305+00:00
1495,/wolof_99_nk,WesternAfrica,wolof,Jola,ethnic group,Serer,ethnic group,cross_group,Text states an ongoing culturally recognized joking relationship between these two ethnic groups.,A joking relationship exists between Jola and Serer to this day.,,,symmetric,joking_relationship,0.9,,2026-07-06T10:40:30.279938+00:00
