entity_a,entity_b,source_flags,n_assertions,needs_review,region,source,quote,notes,entity_a_polygon_source,entity_a_polygon_id,entity_a_display_name,entity_a_match_method,entity_a_resolve_source,entity_b_polygon_source,entity_b_polygon_id,entity_b_display_name,entity_b_match_method,entity_b_resolve_source,homeland_complete
Abasuba,esimbore singers,llm_ehraf,1,0,EasternAfrica,/Gusii_Mayer_1952_15_KS,"When one or two groups of novices have been dealt with, the circumciser leads off the singing of the esimbore. ... The song enumerates, as will be seen, things unmentionable for initiated males, except as deliberate or joking insults.
...
Orwane Bosoba, orwane Bosoba! Fight the Abasuba, fight the",Ritual esimbore song names Abasuba in exhortations; recurrent singing implies institutionalized cross-group taunting.,,,Abasuba,,,,,esimbore singers,,,0
Abe,ARI,icmid_sheet2,2,0,West Africa,https://jaga.afrique-gouvernance.net/_docs/les_alliances_a_plaisanteries_comme_voie.pdf | https://databitesafrica.substack.com/p/gabons-success-story-and-the-joking,"QUELQUES ALLIANCES A PLAISANTERIES...Adjoukrou /Dida, Adjoukrou / Alladian | The funny thing is that my own ethnic group, the Dida, has the same kind of relationship with the Abbé people.",,murdock,ABE,ABE,gis_exact,gis:murdock,murdock,ARI,ARI,gis_exact,gis:murdock,1
ABE,Dida,icmid_sheet2,2,0,West Africa,"https://databitesafrica.substack.com/p/gabons-success-story-and-the-joking | NEA, Madou. « Écriture et développement en Côte d'Ivoire ». ZAOULI, n°02 Spécial, décembre 2021, pp. 318-328. Enseignant-chercheur, Département de Théâtre et Traditions Populaires, ESTCA/INSAAC, Côte d'Ivoire. ISSN : 2788-9343.","The funny thing is that my own ethnic group, the Dida, has the same kind of relationship with the Abbé people. | Tableau 2 : Alliances inter-ethniques à plaisanterie",,murdock,ABE,ABE,gis_exact,gis:murdock,murdock,DIDA,DIDA,gis_exact,gis:murdock,1
Abgâl ‘Ismân,other tribes,llm_ehraf,1,0,EasternAfrica,/Somali_Cerulli_1964_62_KS,which is the subject of ironical jokes on the part of the other tribes ( 2 ).,"Text states recurring ironical jokes by other tribes about Abgâl's origin, indicating inter-tribal teasing.",,,Abgâl ‘Ismân,,,,,other tribes,,,0
Abron,KULANGO,icmid_sheet2,1,0,West Africa,"NEA, Madou. « Écriture et développement en Côte d'Ivoire ». ZAOULI, n°02 Spécial, décembre 2021, pp. 318-328. Enseignant-chercheur, Département de Théâtre et Traditions Populaires, ESTCA/INSAAC, Côte d'Ivoire. ISSN : 2788-9343.",Tableau 2 : Alliances inter-ethniques à plaisanterie,,,,Abron,,,murdock,KULANGO,KULANGO,gis_exact,gis:murdock,0
AFO,Kanuri,icmid_sheet2,1,0,West Africa,https://www.cambridge.org/core/services/aop-cambridge-core/content/view/CB83B6CCBD1B9137E513D7F44F9CF9BB/S016511532300013Xa.pdf/silent_heritage_investigating_ruxtons_nigeria_collection_at_the_horniman_museum_and_gardens.pdf,"They are labelled “Afo,” a derogatory term
the British co-opted. According to Craven, “the Kanuri called the Eloyi “Aho,” a word I was
told meant “let us go away and rest””140 in reference to their viewing the Eloyi as “slaves,”
though they had a “joking relationship.”",,murdock,AFO,AFO,gis_exact,gis:murdock,murdock,KANURI,Kanuri,index,ethnic_entity_index,1
AHAGGAREN,Own ethnicity,icmid_sheet2,1,0,North Africa,https://ehrafworldcultures.yale.edu/cultures/ms25/summary,,"presence of 'temazlayt'—a traditional pact of protection, exchange, and mutual assistance often contracted between individuals of different statuses",murdock,AHAGGAREN,AHAGGAREN,gis_exact,gis:murdock,,,Own ethnicity,,,0
Ahizi,AJUKRU,icmid_sheet2,1,0,West Africa,https://jaga.afrique-gouvernance.net/_docs/les_alliances_a_plaisanteries_comme_voie.pdf,"QUELQUES ALLIANCES A PLAISANTERIES...Adjoukrou /Dida, Adjoukrou / Alladian",,,,Ahizi,,,murdock,AJUKRU,AJUKRU,gis_exact,gis:murdock,0
AJUKRU,Alagya,icmid_sheet2,2,0,West Africa,https://jaga.afrique-gouvernance.net/_docs/les_alliances_a_plaisanteries_comme_voie.pdf,"QUELQUES ALLIANCES A PLAISANTERIES...Adjoukrou /Dida, Adjoukrou / Alladian",Also called alladin,murdock,AJUKRU,AJUKRU,gis_exact,gis:murdock,murdock,ALAGYA,ALAGYA,gis_exact,gis:murdock,1
AJUKRU,Dida,icmid_sheet2,1,0,West Africa,https://jaga.afrique-gouvernance.net/_docs/les_alliances_a_plaisanteries_comme_voie.pdf,"QUELQUES ALLIANCES A PLAISANTERIES...Adjoukrou /Dida, Adjoukrou / Alladian",,murdock,AJUKRU,AJUKRU,gis_exact,gis:murdock,murdock,DIDA,DIDA,gis_exact,gis:murdock,1
Akamba,TEITA,icmid_sheet2,1,0,East Africa,https://www.jstor.org/stable/218607?seq=22,,,greg,AKAMBA,Akamba,index,ethnic_entity_index,murdock,TEITA,Teita,registry,bootstrapped from entity index polygon_ids,1
Akan (Ashanti),Nzema,keerthana_og,1,0,WesternAfrica,,"[/Akan_Fortes_273_KS:p2] same sex may do so. The attachment and mutual identification of sisters is
notorious. Two sisters (in this case all women of the same generation in the
lineage) cannot be the wives of one husband at the same time or in
succession. They would quarrel incessantly—and so involve their immediate
maternal kin in quarrels—because they cannot be kept separate in their
relations with their husband. Sisters try to live together all their lives. A
woman treats her sister's children so much like her own that orphan children
often do not know whether their apparent mother is their true mother or her
sister. This holds, though to a lesser degree (because of the legal inferiority of
paternal ties), of brothers. Siblings think of one another's possessions as joint
property. Borrowing between siblings cannot create debts 2 and, as we know,
a sibling is a person's first heir. 1 It is the piesie whose birth transforms the woman into a parent ( obaatan) and his or her position in the sibling group is unique for that
reason. It is of interest that it is taboo for a piesie to have any contact with the medicine set up for twins. This accentuates his unique
social position, the antithesis to which is a place in the sibling group that is shared.
1 Conventionalized joking is not customary in any Ashanti kinship relationship. The nearest approach to a joking relationship is the
privileged familiarity that obtains between Ashanti and some neighbouring Akan peoples like the Nzima.
2 This applies also to all lineage kin, by contrast with other kin; but siblings (including children of full sisters) may borrow one another's
personal goods without asking permission; other kin, except parents, may not. The borrowing and lending of money is in a class of its own.
It is a common complaint that irrecoverable ‘loans’ cannot be withheld from lineage kin, but this complaint is seldom made of siblings. A
brother or sister must be helped even if the circumstances of his need are blameworthy.  2/2 ||| [/Akan_Fortes_273_NK:p2] accent on equality is not found in any other kinship relationship. It is felt to be 858
immodest for adults of different generations to bath together; siblings of the Status Of Children
same sex may do so. The attachment and mutual identification of sisters is
notorious. Two sisters (in this case all women of the same generation in the
lineage) cannot be the wives of one husband at the same time or in
succession. They would quarrel incessantly—and so involve their immediate
maternal kin in quarrels—because they cannot be kept separate in their
relations with their husband. Sisters try to live together all their lives. A
woman treats her sister's children so much like her own that orphan children
often do not know whether their apparent mother is their true mother or her
sister. This holds, though to a lesser degree (because of the legal inferiority of
paternal ties), of brothers. Siblings think of one another's possessions as joint
property. Borrowing between siblings cannot create debts 2 and, as we know,
a sibling is a person's first heir. 1 It is the piesie whose birth transforms the woman into a parent ( obaatan) and his or her position in the sibling group is unique for
that reason. It is of interest that it is taboo for a piesie to have any contact with the medicine set up for twins. This accentuates his
unique social position, the antithesis to which is a place in the sibling group that is shared.
1 Conventionalized joking is not customary in any Ashanti kinship relationship. The nearest approach to a joking relationship is the
privileged familiarity that obtains between Ashanti and some neighbouring Akan peoples like the Nzima.
2 This applies also to all lineage kin, by contrast with other kin; but siblings (including children of full sisters) may borrow one another's
personal goods without asking permission; other kin, except parents, may not. The borrowing and lending of money is in a class of its
own. It is a c","The text states that conventionalized joking is not customary in Ashanti kinship, but there is a privileged familiarity (nearest approach to joking) between Ashanti and some neighbouring Akan peoples like the Nzima. | Text states the nearest approach to joking relationship is privileged familiarity between Ashanti and some neighbouring Akan peoples like the Nzima.",murdock,ASHANTI,Akan (Ashanti),index,ethnic_entity_index,,,Nzema,,,0
AKPOSO,Kebu,icmid_sheet2,1,0,West Africa,Facebook: https://www.facebook.com/nayayodika/photos/la-parent%C3%A9-%C3%A0-plaisanterie-%EF%B8%8F-ce-que-cest-la-parent%C3%A9-%C3%A0-plaisanterie-est-une-pratiq/122123464010069638/,,,murdock,AKPOSO,AKPOSO,gis_exact,gis:murdock,murdock,KEBU,KEBU,gis_exact,gis:murdock,1
Akye,DIDA,icmid_sheet2,1,0,West Africa,"NEA, Madou. « Écriture et développement en Côte d'Ivoire ». ZAOULI, n°02 Spécial, décembre 2021, pp. 318-328. Enseignant-chercheur, Département de Théâtre et Traditions Populaires, ESTCA/INSAAC, Côte d'Ivoire. ISSN : 2788-9343.",Tableau 2 : Alliances inter-ethniques à plaisanterie,,,,Akye,,,murdock,DIDA,DIDA,gis_exact,gis:murdock,0
All Dogon,Bozo,llm_ehraf,1,0,WesternAfrica,/Dogon_Parin_59_NK,"All Dogon have a mock-kinship with the Bozo, members of a tribe of fishermen who live somewhat beyond, on the Niger.",Text states all Dogon have mock-kinship (mangu) with the Bozo; cross-community institutional joking.,,,All Dogon,,,murdock,BOZO,Bozo,index,ethnic_entity_index,0
all Tuareg,Imeggedezen,llm_ehraf,1,0,NorthernAfrica,/Tuareg_Nicolaisen_1963_429_KS,"This is true also of present day joking between noble Tuareg and vassals, and between all Tuareg and various black-skinned people such as the Imeggedezen and even slaves.",Author states joking occurs between Tuareg and the Imeggedezen as a recurrent social practice.,,,all Tuareg,,,,,Imeggedezen,,,0
Ambo,LENJE,icmid_sheet2,1,0,East Africa,https://journals.unza.zm/index.php/zjh/article/view/1376/971,"On the western side of Zambia, the Lozi communities have joking relations with the Bantu
Botatwe complex commonly known as BaTonga. In essence, the BaTonga group includes
Gwembe Tonga, Plateau Tonga, Toka, Leya, Ila, Lenje and Soli","and many other
  smaller tribes appear to have no joking relationships with other tribes.",murdock,AMBO,AMBO,gis_exact,gis:murdock,murdock,LENJE,Lenje,registry,bootstrapped from entity index polygon_ids,1
Amhara students,foreign teachers,llm_ehraf,1,0,EasternAfrica,/Amhara_Levine_1964_134_KS,"The ambiguous status of foreign teachers and their frequent inability or unwillingness to play the traditional authoritarian role tends to weaken this, for the possibility of informal, even joking, relations with foreign teachers gives Amhara students their first taste of a more relaxed relation to authority figures.","Text describes recurrent informal, joking relations between Amhara students and foreign teachers in the school context.",,,Amhara students,,,,,foreign teachers,,,0
and Luguru.,DIGO,icmid_sheet2,1,0,East Africa,https://www.jstor.org/stable/218607?seq=22,,,,,and Luguru.,,,murdock,DIGO,DIGO,gis_exact,gis:murdock,0
and Pangwa,KINGA,icmid_sheet2,1,0,East Africa,,,,,,and Pangwa,,,murdock,KINGA,KINGA,gis_exact,gis:murdock,0
and Zaramu,MBUNGA,icmid_sheet2,1,0,East Africa,https://sci-hub.fr/10.2307/1157006,,,,,and Zaramu,,,murdock,MBUNGA,Mbunga,registry,bootstrapped from entity index polygon_ids,0
ANYI,Baule,icmid_sheet2,2,0,West Africa,"https://jaga.afrique-gouvernance.net/_docs/les_alliances_a_plaisanteries_comme_voie.pdf | NEA, Madou. « Écriture et développement en Côte d'Ivoire ». ZAOULI, n°02 Spécial, décembre 2021, pp. 318-328. Enseignant-chercheur, Département de Théâtre et Traditions Populaires, ESTCA/INSAAC, Côte d'Ivoire. ISSN : 2788-9343.","QUELQUES ALLIANCES A PLAISANTERIES...Adjoukrou /Dida, Anyi / Baoule | Tableau 2 : Alliances inter-ethniques à plaisanterie",Also called anyi,murdock,ANYI,ANYI,gis_exact,gis:murdock,murdock,BAULE,BAULE,gis_exact,gis:murdock,1
Arab traders,Orthodox Amhara women,llm_ehraf,1,0,EasternAfrica,/Amhara_Messing_1985_269_KS,"Arab traders, particularly, like to joke with Orthodox Amhara women when the latter come to their stores; e.g., teasingly refusing to hand over goods after purchase has been made, or if the customer finds the price on a desired item too high, suggesting that payment might be made “another way”.","Recurring, culturally patterned teasing by Arab traders toward Orthodox Amhara women in market stores.",,,Arab traders,,,,,Orthodox Amhara women,,,0
ARI,Dida,icmid_sheet2,2,0,West Africa,"https://jaga.afrique-gouvernance.net/_docs/les_alliances_a_plaisanteries_comme_voie.pdf | NEA, Madou. « Écriture et développement en Côte d'Ivoire ». ZAOULI, n°02 Spécial, décembre 2021, pp. 318-328. Enseignant-chercheur, Département de Théâtre et Traditions Populaires, ESTCA/INSAAC, Côte d'Ivoire. ISSN : 2788-9343.","QUELQUES ALLIANCES A PLAISANTERIES...Adjoukrou /Dida, Adjoukrou / Alladian | Tableau 2 : Alliances inter-ethniques à plaisanterie",,murdock,ARI,ARI,gis_exact,gis:murdock,murdock,DIDA,DIDA,gis_exact,gis:murdock,1
Ashanti,Nzima,llm_ehraf,2,0,WesternAfrica,/Akan_Fortes_273_NK | /Akan_Fortes__273_KS,Conventionalized joking is not customary in any Ashanti kinship relationship. The nearest approach to a joking relationship is the privileged familiarity that obtains between Ashanti and some neighbouring Akan peoples like the Nzima.,Author identifies privileged familiarity between Ashanti and neighbouring Akan peoples like the Nzima as nearest joking relationship. | Author identifies a recurrent 'privileged familiarity' between Ashanti and neighbouring Nzima resembling a joking relationship.,murdock,ASHANTI,Ashanti,index,ethnic_entity_index,,,Nzima,,,0
ASHANTI,Nzimas,icmid_sheet2,1,0,West Africa,"Arhin, Kwame. “The Structure of Greater Ashanti (1700–1824).” The Journal of African History 8, no. 1 (1967): 65–85. https://doi.org/10.1017/S0021853700006836.","Upon the defeat of the Denkyeras, Wassaws and Sehwis in the
south-western hinterland, the Ashantis formed some sort of an alliance
(expressed in a joking relationship which has lasted to today) with the
Nzimas for the purpose of securing easy passage to Kankyiabo (Half-
Assini), where the Ashantis first started trading.2",,murdock,ASHANTI,Ashanti,registry,bootstrapped from entity index polygon_ids,,,Nzimas,,,0
ATTIE,Bakwe,icmid_sheet2,2,0,West Africa,"https://mptf.undp.org/sites/default/files/documents/25000/les_pactes_communautaires_outils_de_prevention_des_conflits_et_de_consolidation_de_la_paix.pdf | NEA, Madou. « Écriture et développement en Côte d'Ivoire ». ZAOULI, n°02 Spécial, décembre 2021, pp. 318-328. Enseignant-chercheur, Département de Théâtre et Traditions Populaires, ESTCA/INSAAC, Côte d'Ivoire. ISSN : 2788-9343.","en Côte
d’Ivoire, les Attié ont pour parentés à plaisanterie les Oida, Mbatto, Kroumen, Bakué), ce n’est
pas le cas en Guinée forestière | Tableau 2 : Alliances inter-ethniques à plaisanterie",,murdock,ATTIE,ATTIE,gis_exact,gis:murdock,murdock,BAKWE,BAKWE,gis_exact,gis:murdock,1
ATTIE,Dida,icmid_sheet2,1,0,West Africa,https://mptf.undp.org/sites/default/files/documents/25000/les_pactes_communautaires_outils_de_prevention_des_conflits_et_de_consolidation_de_la_paix.pdf,"en Côte
d’Ivoire, les Attié ont pour parentés à plaisanterie les Oida, Mbatto, Kroumen, Bakué), ce n’est
pas le cas en Guinée forestière",,murdock,ATTIE,ATTIE,gis_exact,gis:murdock,murdock,DIDA,DIDA,gis_exact,gis:murdock,1
ATTIE,Kroumen,icmid_sheet2,1,0,West Africa,https://mptf.undp.org/sites/default/files/documents/25000/les_pactes_communautaires_outils_de_prevention_des_conflits_et_de_consolidation_de_la_paix.pdf,"en Côte
d’Ivoire, les Attié ont pour parentés à plaisanterie les Oida, Mbatto, Kroumen, Bakué), ce n’est
pas le cas en Guinée forestière",,murdock,ATTIE,ATTIE,gis_exact,gis:murdock,,,Kroumen,,,0
ATTIE,Mbatto,icmid_sheet2,1,0,West Africa,https://mptf.undp.org/sites/default/files/documents/25000/les_pactes_communautaires_outils_de_prevention_des_conflits_et_de_consolidation_de_la_paix.pdf,"en Côte
d’Ivoire, les Attié ont pour parentés à plaisanterie les Oida, Mbatto, Kroumen, Bakué), ce n’est
pas le cas en Guinée forestière",,murdock,ATTIE,ATTIE,gis_exact,gis:murdock,,,Mbatto,,,0
AVIKAM,Dida,icmid_sheet2,1,0,West Africa,https://www.revue-zaouli.com/wp-content/uploads/2025/05/11-MABA-Tagbo-Victor_Zaouli_Hors-Serie-N%C2%B04_Mai-2025.pdf,"Cette forme de collaboration est tout aussi valable dans le
mandingue, au nord, entre les parents à plaisanterie et dans
le sud, entre les alliés matrimoniaux Dida et Avikam. C’est
une alliance de non-agression qui exige des alliés la
coexistence pacifique.",,murdock,AVIKAM,AVIKAM,gis_exact,gis:murdock,murdock,DIDA,DIDA,gis_exact,gis:murdock,1
Ayizo,FON,icmid_sheet2,1,0,West Africa,"Bio Bigou Bani Léon. “Les rapports sociaux, politiques, économiques, culturels et cultuels entre les Shabè et d’autres groupes socioculturels : les formes des pratiques et expressions de la parenté à plaisanterie entre les Shàbè et les Baatombu du Bénin et du Nigeria.” In Rapport final du Symposium culturel de Yaoui, 42–49. Abomey-Calavi: Laboratoire d’Étude des Dynamiques Urbaines et Régionales (LEDUR), Université d’Abomey-Calavi.","Dans cette partie du Bénin, il existe cette parenté à plaisanterie entre les peuples ci-
après : (i) Fon (à l‟intérieur de la collectivité et des clans) ; (ii) entre Fon et
Yorouba en remontant à leurs périodes de conflits armés du 17ème au à la première
moitié du 19ème siècle ; (iii) entre Xwla et Hueda (rapport de cousinage où le
premier se considère comme le plus grand que le second) ; (iv) Ayizo et Bopagbe
(Ayizo se considérant comme le plus grand et plus ancien que Bopagbe), (v) entre
Ayizo et Fon….",,,,Ayizo,,,murdock,FON,Fon,registry,bootstrapped from entity index polygon_ids,0
Azande (Abangombi),Azande (Abanvra),keerthana_og,1,0,CentralAfrica,,"[/Azande_Baxter_1953_76_KS:p1] Today the most important duties laid on blood-brothers are to assist a man’s affines to dig his grave, and to contribute to the mortuary feast. If a man has to raise compensation for witchcraft, homicide, or adultery, a blood-brother must assist him; in the old days, when a man stood in danger of instant mutilation for the last offence, this help had to be immediate. Other duties, which have now largely lost their importance, were to warn the other if he had incurred the chief’s displeasure, and to assist at the post-mortem on a dead brother’s corpse, or the corpse of a kinsman of his. 57 There are occasional instances of one blood-brother being treacherous to another, usually by committing adultery with his wife, but such breaches are rare. The behaviour which blood-brothers are expected to assume towards each other is the opposite of that required towards kin and in-laws, and they stand to each other in a sort of joking relationship. They abuse each other with impunity, saying things that would normally be considered causes of deep quarrels. In a modified form this joking relationship is extended to clansmen, known as bakulemi; and between certain clans, such as the Abanvra, Abangombi, Akalinga, and Agiti, a permanent joking relationship has grown up. 58  1/3",Permanent joking relationship between certain clans including Abanvra and Abangombi. | Permanent joking relationship between these clans.,murdock,AZANDE,Azande (Abangombi),index,ethnic_entity_index,murdock,AZANDE,Azande (Abanvra),index,ethnic_entity_index,1
Azande (Abangombi),Azande (Abauura),keerthana_og,1,0,CentralAfrica,,"[/Azande_EvansPrittchard_1933_390-392c_KS:p1] The man who has been fooled replies, ‘Ah! my friend, my blood-brother so! why can’t you tell the truth?’ He bursts out laughing again and goes on roaring with laughter. ’ As the behaviour pattern between blood-brothers is extended to the members of their clans, an extension discussed in the following section, a ‘Joking Relationship’ may grow up between two clans who may insult one another with impunity. I do not think that this [ ] is common in Zandeland, but it appears to happen sometimes, as, for example, between the Abauura and the Abangombi, the Akalinga and the Agiti, and in one or two other instances, who jest in this manner without offence being taken by either party, a relationship which is said to have arisen from blood-brotherhood between members of the two clans. ”  1/2","Joking relationship between clans arising from blood-brotherhood. | The text states these clans insult one another with impunity and jest without offence, indicating a symmetric joking relationship. | The text states these clans insult one another with impunity and jest without offence, indicating a symmetric joking relationship.",murdock,AZANDE,Azande (Abangombi),index,ethnic_entity_index,murdock,AZANDE,Azande (Abauura),index,ethnic_entity_index,1
Azande (Abangombi),Azande (Agiti),keerthana_og,1,0,CentralAfrica,,"[/Azande_Baxter_1953_76_KS:p1] Today the most important duties laid on blood-brothers are to assist a man’s affines to dig his grave, and to contribute to the mortuary feast. If a man has to raise compensation for witchcraft, homicide, or adultery, a blood-brother must assist him; in the old days, when a man stood in danger of instant mutilation for the last offence, this help had to be immediate. Other duties, which have now largely lost their importance, were to warn the other if he had incurred the chief’s displeasure, and to assist at the post-mortem on a dead brother’s corpse, or the corpse of a kinsman of his. 57 There are occasional instances of one blood-brother being treacherous to another, usually by committing adultery with his wife, but such breaches are rare. The behaviour which blood-brothers are expected to assume towards each other is the opposite of that required towards kin and in-laws, and they stand to each other in a sort of joking relationship. They abuse each other with impunity, saying things that would normally be considered causes of deep quarrels. In a modified form this joking relationship is extended to clansmen, known as bakulemi; and between certain clans, such as the Abanvra, Abangombi, Akalinga, and Agiti, a permanent joking relationship has grown up. 58  1/3",Permanent joking relationship between certain clans including Abangombi and Agiti. | Permanent joking relationship between these clans.,murdock,AZANDE,Azande (Abangombi),index,ethnic_entity_index,murdock,AZANDE,Azande (Agiti),index,ethnic_entity_index,1
Azande (Abangombi),Azande (Akalinga),keerthana_og,1,0,CentralAfrica,,"[/Azande_Baxter_1953_76_KS:p1] Today the most important duties laid on blood-brothers are to assist a man’s affines to dig his grave, and to contribute to the mortuary feast. If a man has to raise compensation for witchcraft, homicide, or adultery, a blood-brother must assist him; in the old days, when a man stood in danger of instant mutilation for the last offence, this help had to be immediate. Other duties, which have now largely lost their importance, were to warn the other if he had incurred the chief’s displeasure, and to assist at the post-mortem on a dead brother’s corpse, or the corpse of a kinsman of his. 57 There are occasional instances of one blood-brother being treacherous to another, usually by committing adultery with his wife, but such breaches are rare. The behaviour which blood-brothers are expected to assume towards each other is the opposite of that required towards kin and in-laws, and they stand to each other in a sort of joking relationship. They abuse each other with impunity, saying things that would normally be considered causes of deep quarrels. In a modified form this joking relationship is extended to clansmen, known as bakulemi; and between certain clans, such as the Abanvra, Abangombi, Akalinga, and Agiti, a permanent joking relationship has grown up. 58  1/3",Permanent joking relationship between certain clans including Abangombi and Akalinga. | Permanent joking relationship between these clans.,murdock,AZANDE,Azande (Abangombi),index,ethnic_entity_index,murdock,AZANDE,Azande (Akalinga),index,ethnic_entity_index,1
Azande (Abanvra),Azande (Agiti),keerthana_og,1,0,CentralAfrica,,"[/Azande_Baxter_1953_76_KS:p1] Today the most important duties laid on blood-brothers are to assist a man’s affines to dig his grave, and to contribute to the mortuary feast. If a man has to raise compensation for witchcraft, homicide, or adultery, a blood-brother must assist him; in the old days, when a man stood in danger of instant mutilation for the last offence, this help had to be immediate. Other duties, which have now largely lost their importance, were to warn the other if he had incurred the chief’s displeasure, and to assist at the post-mortem on a dead brother’s corpse, or the corpse of a kinsman of his. 57 There are occasional instances of one blood-brother being treacherous to another, usually by committing adultery with his wife, but such breaches are rare. The behaviour which blood-brothers are expected to assume towards each other is the opposite of that required towards kin and in-laws, and they stand to each other in a sort of joking relationship. They abuse each other with impunity, saying things that would normally be considered causes of deep quarrels. In a modified form this joking relationship is extended to clansmen, known as bakulemi; and between certain clans, such as the Abanvra, Abangombi, Akalinga, and Agiti, a permanent joking relationship has grown up. 58  1/3",Permanent joking relationship between certain clans including Abanvra and Agiti. | Permanent joking relationship between these clans.,murdock,AZANDE,Azande (Abanvra),index,ethnic_entity_index,murdock,AZANDE,Azande (Agiti),index,ethnic_entity_index,1
Azande (Abanvra),Azande (Akalinga),keerthana_og,1,0,CentralAfrica,,"[/Azande_Baxter_1953_76_KS:p1] Today the most important duties laid on blood-brothers are to assist a man’s affines to dig his grave, and to contribute to the mortuary feast. If a man has to raise compensation for witchcraft, homicide, or adultery, a blood-brother must assist him; in the old days, when a man stood in danger of instant mutilation for the last offence, this help had to be immediate. Other duties, which have now largely lost their importance, were to warn the other if he had incurred the chief’s displeasure, and to assist at the post-mortem on a dead brother’s corpse, or the corpse of a kinsman of his. 57 There are occasional instances of one blood-brother being treacherous to another, usually by committing adultery with his wife, but such breaches are rare. The behaviour which blood-brothers are expected to assume towards each other is the opposite of that required towards kin and in-laws, and they stand to each other in a sort of joking relationship. They abuse each other with impunity, saying things that would normally be considered causes of deep quarrels. In a modified form this joking relationship is extended to clansmen, known as bakulemi; and between certain clans, such as the Abanvra, Abangombi, Akalinga, and Agiti, a permanent joking relationship has grown up. 58  1/3",Permanent joking relationship between certain clans including Abanvra and Akalinga. | Permanent joking relationship between these clans.,murdock,AZANDE,Azande (Abanvra),index,ethnic_entity_index,murdock,AZANDE,Azande (Akalinga),index,ethnic_entity_index,1
Azande (Agiti),Azande (Akalinga),keerthana_og,1,0,CentralAfrica,,"[/Azande_Baxter_1953_76_KS:p1] Today the most important duties laid on blood-brothers are to assist a man’s affines to dig his grave, and to contribute to the mortuary feast. If a man has to raise compensation for witchcraft, homicide, or adultery, a blood-brother must assist him; in the old days, when a man stood in danger of instant mutilation for the last offence, this help had to be immediate. Other duties, which have now largely lost their importance, were to warn the other if he had incurred the chief’s displeasure, and to assist at the post-mortem on a dead brother’s corpse, or the corpse of a kinsman of his. 57 There are occasional instances of one blood-brother being treacherous to another, usually by committing adultery with his wife, but such breaches are rare. The behaviour which blood-brothers are expected to assume towards each other is the opposite of that required towards kin and in-laws, and they stand to each other in a sort of joking relationship. They abuse each other with impunity, saying things that would normally be considered causes of deep quarrels. In a modified form this joking relationship is extended to clansmen, known as bakulemi; and between certain clans, such as the Abanvra, Abangombi, Akalinga, and Agiti, a permanent joking relationship has grown up. 58  1/3 ||| [/Azande_EvansPrittchard_1933_390-392c_KS:p1] The man who has been fooled replies, ‘Ah! my friend, my blood-brother so! why can’t you tell the truth?’ He bursts out laughing again and goes on roaring with laughter. ’ As the behaviour pattern between blood-brothers is extended to the members of their clans, an extension discussed in the following section, a ‘Joking Relationship’ may grow up between two clans who may insult one another with impunity. I do not think that this [ ] is common in Zandeland, but it appears to happen sometimes, as, for example, between the Abauura and the Abangombi, the Akalinga and the Agiti, and in one or two other instances, who jest in this manner without offence being taken by either party, a relationship which is said to have arisen from blood-brotherhood between members of the two clans. ”  1/2","Permanent joking relationship between certain clans including Akalinga and Agiti. | Permanent joking relationship between these clans. | Joking relationship between clans arising from blood-brotherhood. | Same as above, symmetric joking relationship between these clans. | Same as above, symmetric joking relationship between these clans.",murdock,AZANDE,Azande (Agiti),index,ethnic_entity_index,murdock,AZANDE,Azande (Akalinga),index,ethnic_entity_index,1
B[unknown]adde,Monga,llm_ehraf,1,0,WesternAfrica,/Kanuri_Cohen_73_NK,"Joking relations also hold between clans such as Ngala’s and Magumi; Nguma and T[unknown]ara; Kuburi and T[unknown]ara; Su’urti and Kuburi; or between ethnic groups like Shuwa and Kanuri; Kurdi and Shuwa; Hausa and Fulani; Kanuri and Fulani; Tubu and Monga; Monga and B[unknown]adde; Kanembu and Wasili (Arabs). In the above relationships which seem in all cases to cover an area of interrelations involving potential conflicts, the joking takes the form (usually) of the grandparent-grandchild relationship.",Ethnic groups explicitly paired (Monga ↔ B[unknown]adde).,,,B[unknown]adde,,,,,Monga,,,0
BACHAMA,Chamba,icmid_sheet2,2,0,West Africa,"https://www.jstor.org/stable/41409891, https://dipp.archiv.hbz-nrw.de/journals/https:/www.afrikanistik-aegyptologie-online.de/archiv/2008/1573/ | https://www.jstor.org/stable/41409891?seq=15","On the one hand there is a tribal joking relation be-
tween Chamba and Bata/Bachama which informants claim makes fighting absurd and un-
thinkable. ;

The Bachama apparently fought against Kona before,
but out of fear of magic, they rather established a joking relationship with the Jibe. | On the one hand there is a tribal joking relation be-
tween Chamba and Bata/Bachama which informants claim makes fighting absurd and un-
thinkable. On the other hand, reports of Chamba/Bata hostilities are recorded, apparently
from Fulani sources026",,murdock,BACHAMA,BACHAMA,gis_exact,gis:murdock,murdock,CHAMBA,CHAMBA,gis_exact,gis:murdock,1
BACHAMA,Kona,icmid_sheet2,2,0,West Africa,"https://www.jstor.org/stable/41409891, https://dipp.archiv.hbz-nrw.de/journals/https:/www.afrikanistik-aegyptologie-online.de/archiv/2008/1573/ | https://dipp.archiv.hbz-nrw.de/journals/https://www.afrikanistik-aegyptologie-online.de/archiv/2008/1573/","On the one hand there is a tribal joking relation be-
tween Chamba and Bata/Bachama which informants claim makes fighting absurd and un-
thinkable. ;

The Bachama apparently fought against Kona before,
but out of fear of magic, they rather established a joking relationship with the Jibe. | The Bachama apparently fought against Kona before,
but out of fear of magic, they rather established a joking relationship with the Jibe.",Jibe is another name for Kona people,murdock,BACHAMA,BACHAMA,gis_exact,gis:murdock,murdock,KONA,KONA,gis_exact,gis:murdock,1
Bakwe,BETE,icmid_sheet2,1,0,West Africa,"NEA, Madou. « Écriture et développement en Côte d'Ivoire ». ZAOULI, n°02 Spécial, décembre 2021, pp. 318-328. Enseignant-chercheur, Département de Théâtre et Traditions Populaires, ESTCA/INSAAC, Côte d'Ivoire. ISSN : 2788-9343.",Tableau 2 : Alliances inter-ethniques à plaisanterie,,murdock,BAKWE,BAKWE,gis_exact,gis:murdock,murdock,BETE,BETE,gis_exact,gis:murdock,1
BAKWE,Godie,icmid_sheet2,1,0,West Africa,"NEA, Madou. « Écriture et développement en Côte d'Ivoire ». ZAOULI, n°02 Spécial, décembre 2021, pp. 318-328. Enseignant-chercheur, Département de Théâtre et Traditions Populaires, ESTCA/INSAAC, Côte d'Ivoire. ISSN : 2788-9343.",Tableau 2 : Alliances inter-ethniques à plaisanterie,,murdock,BAKWE,BAKWE,gis_exact,gis:murdock,,,Godie,,,0
BAKWE,Niabou,icmid_sheet2,1,0,West Africa,"NEA, Madou. « Écriture et développement en Côte d'Ivoire ». ZAOULI, n°02 Spécial, décembre 2021, pp. 318-328. Enseignant-chercheur, Département de Théâtre et Traditions Populaires, ESTCA/INSAAC, Côte d'Ivoire. ISSN : 2788-9343.",Tableau 2 : Alliances inter-ethniques à plaisanterie,,murdock,BAKWE,BAKWE,gis_exact,gis:murdock,,,Niabou,,,0
BALANTE,Fula,icmid_sheet2,1,0,West Africa,"Badjie, Gibriel, and Ratri Buda Nugrahanti. 2021. ""The Concept of Joking Relationship in Gambian Public Relations Practice."" In Proceedings of the 3rd Annual International Conference on Public and Business Administration (AICoBPA 2020), Advances in Economics, Business and Management Research, vol. 191, 390–398. Atlantis Press. https://doi.org/10.2991/aebmr.k.210928.074",TABLE I. CATEGORIES AND JOKING RELATIONSHIP AFFILIATES,,murdock,BALANTE,Balante,registry,bootstrapped from entity index polygon_ids,geopr,42002000,Fula,gis_exact,gis:geopr,1
BALANTE,Jola,icmid_sheet2,1,0,West Africa,"Badjie, Gibriel, and Ratri Buda Nugrahanti. 2021. ""The Concept of Joking Relationship in Gambian Public Relations Practice."" In Proceedings of the 3rd Annual International Conference on Public and Business Administration (AICoBPA 2020), Advances in Economics, Business and Management Research, vol. 191, 390–398. Atlantis Press. https://doi.org/10.2991/aebmr.k.210928.074",TABLE I. CATEGORIES AND JOKING RELATIONSHIP AFFILIATES,,murdock,BALANTE,Balante,registry,bootstrapped from entity index polygon_ids,,,Jola,,,0
BALANTE,Serer,icmid_sheet2,1,0,West Africa,"Badjie, Gibriel, and Ratri Buda Nugrahanti. 2021. ""The Concept of Joking Relationship in Gambian Public Relations Practice."" In Proceedings of the 3rd Annual International Conference on Public and Business Administration (AICoBPA 2020), Advances in Economics, Business and Management Research, vol. 191, 390–398. Atlantis Press. https://doi.org/10.2991/aebmr.k.210928.074",TABLE I. CATEGORIES AND JOKING RELATIONSHIP AFFILIATES,,murdock,BALANTE,Balante,registry,bootstrapped from entity index polygon_ids,murdock,SERER,Serer,index,ethnic_entity_index,1
Bambara (Somono),Bozo,keerthana_og,1,0,WesternAfrica,,"[/Bambara_119_NK:p1] Joking Relationship A very important institution is also linked to the family name. It concerns the ties called “joking relationship,” dyo benatye (literally, agreement between us), which is integrated with the general kinship relationships designated in the Mandingo country by the term senãnkuya. But family relationships in the strict sense, called sindyi benatye (literally, breast milk between us), are to be distinguished from dyo benatye which, on the contrary, involves the members of two families, or even of two different peoples. Thus, a Koulibali is a Kéita's senãnku among the Bambara; Bozo and Dogon as well as Bozo and Somono are also senãnku(1). To the Mandé, a Koulibali and a Tangara, bound by a long and durable friendship, decided to seal it in a lasting way. They opened their veins and put a little blood from one wound into the other, thus realizing the alliance through this exchange. They next prepared a meal which they ate 84 together while pronouncing their oaths never to spill each other's blood. 1. Joking relationship called senãnkuya among the Bambara is termed măgu among the Dogon, dagana among the Bozo, etc. This
important institution, which embraces all the tribes of the French Sudan, has already been the object of a number of studies. See
especially M. Delafosse, Haut-Sénégal Niger /The Upper Senegal and Niger,/ Vol. 3, p. 206; H. Labouret, “La Parenté à plaisanteries en
Afrique occidentale /Joking Relationship in West Africa/”; D. Paulme, Parenté à plaisanteries et alliance par le sang en Afrique
occidentale /Joking Relationship and Blood Alliance in West Africa/; R. Radcliffe-Brown, On Joking Relationships.
In the “Alliance cathartique /The Cathartic Alliance,/” M. Griaule throws light on the Dogon-Bozo relations which are at the origin of
the institution in the Sudan. This brings out the fundamental notion of the duality of beings and the principles that animate them. A
Dogon and a Bozo are twins, each carrying a particle of the other in his body and soul. When he insults or purifies, he appeals to that
part of himself in the other and the powers he communicates in this way come to the help of his partner.
 1/2 ||| [/Bambara_Dieterlin_119_KS:p1] Joking Relationship A very important institution is also linked to the family name. It concerns the ties called “joking relationship,” dyo benatye (literally, agreement between us), which is integrated with the general kinship relationships designated in the Mandingo country by the term senãnkuya. But family relationships in the strict sense, called sindyi benatye (literally, breast milk between us), are to be distinguished from dyo benatye which, on the contrary, involves the members of two families, or even of two different peoples. Thus, a Koulibali is a Kéita's senãnku among the Bambara; Bozo and Dogon as well as Bozo and Somono are also senãnku(1). To the Mandé, a Koulibali and a Tangara, bound by a long and durable friendship, decided to seal it in a lasting way. They opened their veins and put a little blood from one wound into the other, thus realizing the alliance through this exchange. They next prepared a meal which they ate 84 together while pronouncing their oaths never to spill each other's blood. 1. Joking relationship called senãnkuya among the Bambara is termed măgu among the Dogon, dagana among the Bozo, etc. This
important institution, which embraces all the tribes of the French Sudan, has already been the object of a number of studies. See especially
M. Delafosse, Haut-Sénégal Niger /The Upper Senegal and Niger,/ Vol. 3, p. 206; H. Labouret, “La Parenté à plaisanteries en Afrique
occidentale /Joking Relationship in West Africa/”; D. Paulme, Parenté à plaisanteries et alliance par le sang en Afrique occidentale /Joking
Relationship and Blood Alliance in West Africa/; R. Radcliffe-Brown, On Joking Relationships.
In the “Alliance cathartique /The Cathartic Alliance,/” M. Griaule throws light on the Dogon-Bozo relations whi","Bozo and Somono are senãnku (joking relationship). | Bozo and Somono are senãnku, indicating a joking relationship between these two ethnic groups.",murdock,BAMBARA,Bambara (Somono),index,ethnic_entity_index,murdock,BOZO,Bozo,index,ethnic_entity_index,1
Bambara,Bozo,keerthana_og,1,0,WesternAfrica,,"[/Bambara_119_NK:p1] Joking Relationship A very important institution is also linked to the family name. It concerns the ties called “joking relationship,” dyo benatye (literally, agreement between us), which is integrated with the general kinship relationships designated in the Mandingo country by the term senãnkuya. But family relationships in the strict sense, called sindyi benatye (literally, breast milk between us), are to be distinguished from dyo benatye which, on the contrary, involves the members of two families, or even of two different peoples. Thus, a Koulibali is a Kéita's senãnku among the Bambara; Bozo and Dogon as well as Bozo and Somono are also senãnku(1). To the Mandé, a Koulibali and a Tangara, bound by a long and durable friendship, decided to seal it in a lasting way. They opened their veins and put a little blood from one wound into the other, thus realizing the alliance through this exchange. They next prepared a meal which they ate 84 together while pronouncing their oaths never to spill each other's blood. 1. Joking relationship called senãnkuya among the Bambara is termed măgu among the Dogon, dagana among the Bozo, etc. This
important institution, which embraces all the tribes of the French Sudan, has already been the object of a number of studies. See
especially M. Delafosse, Haut-Sénégal Niger /The Upper Senegal and Niger,/ Vol. 3, p. 206; H. Labouret, “La Parenté à plaisanteries en
Afrique occidentale /Joking Relationship in West Africa/”; D. Paulme, Parenté à plaisanteries et alliance par le sang en Afrique
occidentale /Joking Relationship and Blood Alliance in West Africa/; R. Radcliffe-Brown, On Joking Relationships.
In the “Alliance cathartique /The Cathartic Alliance,/” M. Griaule throws light on the Dogon-Bozo relations which are at the origin of
the institution in the Sudan. This brings out the fundamental notion of the duality of beings and the principles that animate them. A
Dogon and a Bozo are twins, each carrying a particle of the other in his body and soul. When he insults or purifies, he appeals to that
part of himself in the other and the powers he communicates in this way come to the help of his partner.
 1/2 ||| [/Bambara_Dieterlin_119_KS:p1] Joking Relationship A very important institution is also linked to the family name. It concerns the ties called “joking relationship,” dyo benatye (literally, agreement between us), which is integrated with the general kinship relationships designated in the Mandingo country by the term senãnkuya. But family relationships in the strict sense, called sindyi benatye (literally, breast milk between us), are to be distinguished from dyo benatye which, on the contrary, involves the members of two families, or even of two different peoples. Thus, a Koulibali is a Kéita's senãnku among the Bambara; Bozo and Dogon as well as Bozo and Somono are also senãnku(1). To the Mandé, a Koulibali and a Tangara, bound by a long and durable friendship, decided to seal it in a lasting way. They opened their veins and put a little blood from one wound into the other, thus realizing the alliance through this exchange. They next prepared a meal which they ate 84 together while pronouncing their oaths never to spill each other's blood. 1. Joking relationship called senãnkuya among the Bambara is termed măgu among the Dogon, dagana among the Bozo, etc. This
important institution, which embraces all the tribes of the French Sudan, has already been the object of a number of studies. See especially
M. Delafosse, Haut-Sénégal Niger /The Upper Senegal and Niger,/ Vol. 3, p. 206; H. Labouret, “La Parenté à plaisanteries en Afrique
occidentale /Joking Relationship in West Africa/”; D. Paulme, Parenté à plaisanteries et alliance par le sang en Afrique occidentale /Joking
Relationship and Blood Alliance in West Africa/; R. Radcliffe-Brown, On Joking Relationships.
In the “Alliance cathartique /The Cathartic Alliance,/” M. Griaule throws light on the Dogon-Bozo relations whi","The text explicitly states the joking relationship between Bambara and Bozo, with local terms senãnkuya and dagana respectively. | The text states the joking relationship is called senãnkuya among Bambara and dagana among Bozo, indicating a symmetric joking relationship between these groups.",murdock,BAMBARA,Bambara,index,ethnic_entity_index,murdock,BOZO,Bozo,index,ethnic_entity_index,1
Bambara,Dogon,keerthana_analysis;keerthana_og,2,0,WesternAfrica,,"[/Bambara_119_NK:p1] Joking Relationship A very important institution is also linked to the family name. It concerns the ties called “joking relationship,” dyo benatye (literally, agreement between us), which is integrated with the general kinship relationships designated in the Mandingo country by the term senãnkuya. But family relationships in the strict sense, called sindyi benatye (literally, breast milk between us), are to be distinguished from dyo benatye which, on the contrary, involves the members of two families, or even of two different peoples. Thus, a Koulibali is a Kéita's senãnku among the Bambara; Bozo and Dogon as well as Bozo and Somono are also senãnku(1). To the Mandé, a Koulibali and a Tangara, bound by a long and durable friendship, decided to seal it in a lasting way. They opened their veins and put a little blood from one wound into the other, thus realizing the alliance through this exchange. They next prepared a meal which they ate 84 together while pronouncing their oaths never to spill each other's blood. 1. Joking relationship called senãnkuya among the Bambara is termed măgu among the Dogon, dagana among the Bozo, etc. This
important institution, which embraces all the tribes of the French Sudan, has already been the object of a number of studies. See
especially M. Delafosse, Haut-Sénégal Niger /The Upper Senegal and Niger,/ Vol. 3, p. 206; H. Labouret, “La Parenté à plaisanteries en
Afrique occidentale /Joking Relationship in West Africa/”; D. Paulme, Parenté à plaisanteries et alliance par le sang en Afrique
occidentale /Joking Relationship and Blood Alliance in West Africa/; R. Radcliffe-Brown, On Joking Relationships.
In the “Alliance cathartique /The Cathartic Alliance,/” M. Griaule throws light on the Dogon-Bozo relations which are at the origin of
the institution in the Sudan. This brings out the fundamental notion of the duality of beings and the principles that animate them. A
Dogon and a Bozo are twins, each carrying a particle of the other in his body and soul. When he insults or purifies, he appeals to that
part of himself in the other and the powers he communicates in this way come to the help of his partner.
 1/2 ||| [/Bambara_Dieterlin_119_KS:p1] Joking Relationship A very important institution is also linked to the family name. It concerns the ties called “joking relationship,” dyo benatye (literally, agreement between us), which is integrated with the general kinship relationships designated in the Mandingo country by the term senãnkuya. But family relationships in the strict sense, called sindyi benatye (literally, breast milk between us), are to be distinguished from dyo benatye which, on the contrary, involves the members of two families, or even of two different peoples. Thus, a Koulibali is a Kéita's senãnku among the Bambara; Bozo and Dogon as well as Bozo and Somono are also senãnku(1). To the Mandé, a Koulibali and a Tangara, bound by a long and durable friendship, decided to seal it in a lasting way. They opened their veins and put a little blood from one wound into the other, thus realizing the alliance through this exchange. They next prepared a meal which they ate 84 together while pronouncing their oaths never to spill each other's blood. 1. Joking relationship called senãnkuya among the Bambara is termed măgu among the Dogon, dagana among the Bozo, etc. This
important institution, which embraces all the tribes of the French Sudan, has already been the object of a number of studies. See especially
M. Delafosse, Haut-Sénégal Niger /The Upper Senegal and Niger,/ Vol. 3, p. 206; H. Labouret, “La Parenté à plaisanteries en Afrique
occidentale /Joking Relationship in West Africa/”; D. Paulme, Parenté à plaisanteries et alliance par le sang en Afrique occidentale /Joking
Relationship and Blood Alliance in West Africa/; R. Radcliffe-Brown, On Joking Relationships.
In the “Alliance cathartique /The Cathartic Alliance,/” M. Griaule throws light on the Dogon-Bozo relations whi","The text explicitly states the joking relationship between Bambara and Dogon, with local terms senãnkuya and măgu respectively. | The text states the joking relationship is called senãnkuya among Bambara and măgu among Dogon, indicating a symmetric joking relationship between these groups.",murdock,BAMBARA,Bambara,index,ethnic_entity_index,murdock,DOGON,Dogon,index,ethnic_entity_index,1
BAMBARA,Fulbe,icmid_sheet2,1,0,West Africa,"Youssouf DIALLO, « Identités et relations de plaisanterie chez les Peuls de l'ouest du Burkina Faso »,
Cahiers d’études africaines [En ligne], 184 | 2006, mis en ligne le 01 janvier 2008, consulté le 21
septembre 2021. URL : http://journals.openedition.org/etudesafricaines/15399 ; DOI : https://doi.org/
10.4000/etudesafricaines.15399","L’examen des
aspects historiques du phénomène des plaisanteries dans ses moments
constitutifs révèle que ce type de relations constitue le modèle restreint
d’interactions sociales larges et relativement anciennes où se reflète la repré-
sentation de rapports de force passés entre groupes dominants et groupes
dominés dans les formations étatiques précoloniales ouest-africaines. Les
relations de clientèle Peuls/Bambara dans le cadre du royaume de Ségou,
de même que les relations entre les chefs wattara/ouattara de l’ancien État
de Kong et les groupes assujettis sont typiques de ce genre de relations
entre dominants et dominés.",,murdock,BAMBARA,Bambara,registry,bootstrapped from entity index polygon_ids,greg,FULBE,Fulbe,index,ethnic_entity_index,1
Bam,Mossi,keerthana_analysis,1,0,BurkinaFaso,,,,,,Bam,,,murdock,MOSSI,Mossi,index,ethnic_entity_index,0
Bangubangu,REGA,icmid_sheet2,1,0,Central Africa,https://dice.missouri.edu/assets/docs/niger-congo/Bangubangu.pdf,The western and southern Lega stand in an unusual joking relationship to the Bangubangu.,,,,Bangubangu,,,murdock,REGA,REGA,gis_exact,gis:murdock,0
Bani,Dogon,keerthana_analysis,1,0,BurkinaFaso,,,,,,Bani,,,murdock,DOGON,Dogon,index,ethnic_entity_index,0
Bani,Gourmantché,keerthana_analysis,1,0,BurkinaFaso,,,,,,Bani,,,murdock,GURMA,Gourmantché,index,https://en.wikipedia.org/wiki/Gurma_people,0
Bani,Samo,keerthana_analysis,1,0,BurkinaFaso,,,,,,Bani,,,murdock,SAMO,Samo,index,ethnic_entity_index,0
Barebare,Fulani,llm_ehraf,1,0,WesternAfrica,/Hausa_Baba_102_NK,"we are Kado—Habe, the people who have been here since long before the Fulani came; Habe are free, not like a dimajo or a bacucane, they are two names for the same thing—the son of a slave, a man born in captivity. We came from Bornu but we were like Habe, and my family did not like to marry

 ) But the chief of the town was a Fulani, and

Regulation Of

Avuncular And
Nepotic Relatives

Regulation Of

into families who  held ruling titles, in spite of the fact that Bornu people
and Fulani are joking relations—Barebare and Fulani. (
 ) That was why
could not marry Sarkin Zarewa’s son.","Text explicitly calls Barebare (Bornu people) and Fulani 'joking relations', a recurrent cross-group institutional tie.",,,Barebare,,,greg,FULBE,Fulbe,registry,bootstrapped from entity index polygon_ids,0
Barga,Mossi,keerthana_analysis,1,0,BurkinaFaso,,,,,,Barga,,,murdock,MOSSI,Mossi,index,ethnic_entity_index,0
BARGU,Djerma of Songhai,icmid_sheet2,1,0,West Africa,"Schottman, Wendy. “The Daily Ritual of Greeting among the Baatombu of Benin.” Anthropological Linguistics 37, no. 4 (1995): 487–523. http://www-jstor.org.gorgone.univ-toulouse.fr/stable/30028332.

Bio Bigou Bani Léon. “Les rapports sociaux, politiques, économiques, culturels et cultuels entre les Shabè et d’autres groupes socioculturels : les formes des pratiques et expressions de la parenté à plaisanterie entre les Shàbè et les Baatombu du Bénin et du Nigeria.” In Rapport final du Symposium culturel de Yaoui, 42–49. Abomey-Calavi: Laboratoire d’Étude des Dynamiques Urbaines et Régionales (LEDUR), Université d’Abomey-Calavi.","The Baatombu are tied by a joking relations
the Nago to the south and the Djerma, a subgr
With members of these two ethnic groups,
tionship, joking is largely limited to occasio
each other by the name of the group, instead o
dress, the partners will exchange a few mocki
by cultura,


2.1.3- Les rapports sociaux, politiques, économiques,
culturels et cultuels entre les Shabè et d’autres groupes
socioculturels : les formes des pratiques et expressions
de la parenté a plaisanterie entre les Shàbè et les
baatombu du Bénin et du Nigeria",Another name for Baatombu,murdock,BARGU,BARGU,gis_exact,gis:murdock,,,Djerma of Songhai,,,0
BARGU,Kaobu,icmid_sheet2,1,0,West Africa,"Schottman, Wendy. “The Daily Ritual of Greeting among the Baatombu of Benin.” Anthropological Linguistics 37, no. 4 (1995): 487–523. http://www-jstor.org.gorgone.univ-toulouse.fr/stable/30028332.

Bio Bigou Bani Léon. “Les rapports sociaux, politiques, économiques, culturels et cultuels entre les Shabè et d’autres groupes socioculturels : les formes des pratiques et expressions de la parenté à plaisanterie entre les Shàbè et les Baatombu du Bénin et du Nigeria.” In Rapport final du Symposium culturel de Yaoui, 42–49. Abomey-Calavi: Laboratoire d’Étude des Dynamiques Urbaines et Régionales (LEDUR), Université d’Abomey-Calavi.","The Baatombu are tied by a joking relations
the Nago to the south and the Djerma, a subgr
With members of these two ethnic groups,
tionship, joking is largely limited to occasio
each other by the name of the group, instead o
dress, the partners will exchange a few mocki
by cultura,


2.1.3- Les rapports sociaux, politiques, économiques,
culturels et cultuels entre les Shabè et d’autres groupes
socioculturels : les formes des pratiques et expressions
de la parenté a plaisanterie entre les Shàbè et les
baatombu du Bénin et du Nigeria",Another name for Baatombu,murdock,BARGU,BARGU,gis_exact,gis:murdock,,,Kaobu,,,0
BARGU,Nago,icmid_sheet2,1,0,West Africa,"Schottman, Wendy. “The Daily Ritual of Greeting among the Baatombu of Benin.” Anthropological Linguistics 37, no. 4 (1995): 487–523. http://www-jstor.org.gorgone.univ-toulouse.fr/stable/30028332.

Bio Bigou Bani Léon. “Les rapports sociaux, politiques, économiques, culturels et cultuels entre les Shabè et d’autres groupes socioculturels : les formes des pratiques et expressions de la parenté à plaisanterie entre les Shàbè et les Baatombu du Bénin et du Nigeria.” In Rapport final du Symposium culturel de Yaoui, 42–49. Abomey-Calavi: Laboratoire d’Étude des Dynamiques Urbaines et Régionales (LEDUR), Université d’Abomey-Calavi.","The Baatombu are tied by a joking relations
the Nago to the south and the Djerma, a subgr
With members of these two ethnic groups,
tionship, joking is largely limited to occasio
each other by the name of the group, instead o
dress, the partners will exchange a few mocki
by cultura,


2.1.3- Les rapports sociaux, politiques, économiques,
culturels et cultuels entre les Shabè et d’autres groupes
socioculturels : les formes des pratiques et expressions
de la parenté a plaisanterie entre les Shàbè et les
baatombu du Bénin et du Nigeria",Another name for Baatombu,murdock,BARGU,BARGU,gis_exact,gis:murdock,,,Nago,,,0
BARGU,Shabe,icmid_sheet2,1,0,West Africa,"Schottman, Wendy. “The Daily Ritual of Greeting among the Baatombu of Benin.” Anthropological Linguistics 37, no. 4 (1995): 487–523. http://www-jstor.org.gorgone.univ-toulouse.fr/stable/30028332.

Bio Bigou Bani Léon. “Les rapports sociaux, politiques, économiques, culturels et cultuels entre les Shabè et d’autres groupes socioculturels : les formes des pratiques et expressions de la parenté à plaisanterie entre les Shàbè et les Baatombu du Bénin et du Nigeria.” In Rapport final du Symposium culturel de Yaoui, 42–49. Abomey-Calavi: Laboratoire d’Étude des Dynamiques Urbaines et Régionales (LEDUR), Université d’Abomey-Calavi.","The Baatombu are tied by a joking relations
the Nago to the south and the Djerma, a subgr
With members of these two ethnic groups,
tionship, joking is largely limited to occasio
each other by the name of the group, instead o
dress, the partners will exchange a few mocki
by cultura,


2.1.3- Les rapports sociaux, politiques, économiques,
culturels et cultuels entre les Shabè et d’autres groupes
socioculturels : les formes des pratiques et expressions
de la parenté a plaisanterie entre les Shàbè et les
baatombu du Bénin et du Nigeria",Another name for Baatombu,murdock,BARGU,BARGU,gis_exact,gis:murdock,,,Shabe,,,0
Bargu,ZERMA,icmid_sheet2,1,0,West Africa,"Schottman, Wendy. “The Daily Ritual of Greeting among the Baatombu of Benin.” Anthropological Linguistics 37, no. 4 (1995): 487–523. http://www-jstor.org.gorgone.univ-toulouse.fr/stable/30028332.","The Baatombu are tied by a joking relations
the Nago to the south and the Djerma, a subgr
With members of these two ethnic groups,
tionship, joking is largely limited to occasio
each other by the name of the group, instead o
dress, the partners will exchange a few mocki
by cultura,",Bargu is another name for baatombu,murdock,BARGU,BARGU,gis_exact,gis:murdock,murdock,ZERMA,Zerma,registry,bootstrapped from entity index polygon_ids,1
Barísä Mant[unknown]an,Hawiye,llm_ehraf,1,0,EasternAfrica,/Somali_Cerulli_1959_120_KS,"“To ask the Barísä Mant[unknown]an for money is [like] an elephant that wants to feed on grass during the dry season.”

They joke about the attachment of the Barisä Mant[unknown]an to their goods.",Proverb explicitly jokes about Barisä Mantan's stinginess; culturally patterned teasing between groups.,,,Barísä Mant[unknown]an,,,,,Hawiye,,,0
Bassorobié,Gourounsi,keerthana_analysis,1,0,BurkinaFaso,,,,,,Bassorobié,,,murdock,GRUNSHI,Gourounsi,index,https://en.wikipedia.org/wiki/Gurunsi_people,0
BAULE,Bete,icmid_sheet2,2,0,West Africa,"NEA, Madou. « Écriture et développement en Côte d'Ivoire ». ZAOULI, n°02 Spécial, décembre 2021, pp. 318-328. Enseignant-chercheur, Département de Théâtre et Traditions Populaires, ESTCA/INSAAC, Côte d'Ivoire. ISSN : 2788-9343.",Tableau 2 : Alliances inter-ethniques à plaisanterie,,murdock,BAULE,BAULE,gis_exact,gis:murdock,murdock,BETE,BETE,gis_exact,gis:murdock,1
BAULE,Dida,icmid_sheet2,2,0,West Africa,"NEA, Madou. « Écriture et développement en Côte d'Ivoire ». ZAOULI, n°02 Spécial, décembre 2021, pp. 318-328. Enseignant-chercheur, Département de Théâtre et Traditions Populaires, ESTCA/INSAAC, Côte d'Ivoire. ISSN : 2788-9343.",Tableau 2 : Alliances inter-ethniques à plaisanterie,,murdock,BAULE,BAULE,gis_exact,gis:murdock,murdock,DIDA,DIDA,gis_exact,gis:murdock,1
BAYA,Dii,icmid_sheet2,1,0,Central Africa,"Gabana, Jean Francis & Nandiba, Marianne. (2025). Rites funéraires et dynamique des relations dii-gbaya dans l'Adamaoua au Cameroun.","Les railleries et les plaisanteries organisées par les Dii et les Gbaya
pendant les cérémonies funéraires constituent aussi un facteur de consolidation
des liens interethniques entre Dii et Gbaya.",,murdock,BAYA,BAYA,gis_exact,gis:murdock,,,Dii,,,0
Bechuana,HIECHWARE,icmid_sheet2,1,0,Southern Africa,https://archive.org/stream/in.ernet.dli.2015.106134/2015.106134.Journal-Of-The-Anthropological-Institute-Of-Great-Britain-And-Ireland-Vol47_djvu.txt,,Masarwa is another name for the group,,,Bechuana,,,murdock,HIECHWARE,HIECHWARE,gis_exact,gis:murdock,0
Begemidir,little boys,llm_ehraf,1,0,EasternAfrica,/Amhara_Messing_1985_263_KS,"Little boys begin to practice the “art of insult” (brain, not only brawn) e.g. such ethnocentric insults as the following:

Question: “Where are you from?”

Reply:

“Begemidir”,

Response:

“Land of shysters and quibblers.”","Ethnocentric, recurrent teasing ('art of insult') targets named regions—patterned cross-group teasing by boys.",,,Begemidir,,,,,little boys,,,0
Bella,Gourmantché,keerthana_analysis,1,0,BurkinaFaso,,,,,,Bella,,,murdock,GURMA,Gourmantché,index,https://en.wikipedia.org/wiki/Gurma_people,0
BEMBA,Hehe,icmid_sheet2,1,0,East Africa,https://quest-journal.net/shikanda/topicalities/memorial_Gerti_FINALFINAL.pdf,"Such joking relations are not limited to the Nkoya but are found all over Zambia, even in modern contexts of urban ethnicity – where for instance Lozi and Tonga, and Bemba and Nsenga, are each other’s joking partners / grandparents.","Bemba can get away
  with a murderous joke involving the Nsengas, Ngonis and Tumbuka people.",murdock,BEMBA,Bemba,registry,bootstrapped from entity index polygon_ids,murdock,HEHE,HEHE,gis_exact,gis:murdock,1
Bemba,KUNDA,icmid_sheet2,1,0,East Africa,,,,murdock,BEMBA,Bemba,index,ethnic_entity_index,murdock,KUNDA,KUNDA,gis_exact,gis:murdock,1
Bemba,LUAPULA,icmid_sheet2,1,0,East Africa,"Ian Cunnison, The Luapula Peoples of Northern Rhodesia: Custom and History in Tribal Politics (Manchester: Manchester University Press, 1959).",,,murdock,BEMBA,Bemba,index,ethnic_entity_index,murdock,LUAPULA,LUAPULA,gis_exact,gis:murdock,1
Bemba,LUNGU,icmid_sheet2,1,0,East Africa,"William Watson, Tribal Cohesion in a Money Economy: A Study of the Mambwe People of Northern Rhodesia (Manchester: Manchester University Press, 1958).",,,murdock,BEMBA,Bemba,index,ethnic_entity_index,murdock,LUNGU,LUNGU,gis_exact,gis:murdock,1
Bemba,MPEZENI,icmid_sheet2,1,0,East Africa,"“Joking Relationship in East Africa.” Africa 13, no. 2 (1940): 170–73. https://doi.org/10.1017/S0001972000003429.",,Also called Ngoni,murdock,BEMBA,Bemba,index,ethnic_entity_index,murdock,MPEZENI,Mpezeni,registry,bootstrapped from entity index polygon_ids,1
BEMBA,Ngindo,icmid_sheet2,1,0,East Africa,https://quest-journal.net/shikanda/topicalities/memorial_Gerti_FINALFINAL.pdf,"Such joking relations are not limited to the Nkoya but are found all over Zambia, even in modern contexts of urban ethnicity – where for instance Lozi and Tonga, and Bemba and Nsenga, are each other’s joking partners / grandparents.","Bemba can get away
  with a murderous joke involving the Nsengas, Ngonis and Tumbuka people.",murdock,BEMBA,Bemba,registry,bootstrapped from entity index polygon_ids,murdock,NGINDO,NGINDO,gis_exact,gis:murdock,1
BEMBA,Ngoni,icmid_sheet2,1,0,East Africa,https://quest-journal.net/shikanda/topicalities/memorial_Gerti_FINALFINAL.pdf,"Such joking relations are not limited to the Nkoya but are found all over Zambia, even in modern contexts of urban ethnicity – where for instance Lozi and Tonga, and Bemba and Nsenga, are each other’s joking partners / grandparents.","Bemba can get away
  with a murderous joke involving the Nsengas, Ngonis and Tumbuka people.",murdock,BEMBA,Bemba,registry,bootstrapped from entity index polygon_ids,,,Ngoni,,,0
Bemba,NSENGA,icmid_sheet2,2,0,East Africa,See under Bemba | https://quest-journal.net/shikanda/topicalities/memorial_Gerti_FINALFINAL.pdf,"Such joking relations are not limited to the Nkoya but are found all over Zambia, even in modern contexts of urban ethnicity – where for instance Lozi and Tonga, and Bemba and Nsenga, are each other’s joking partners / grandparents.","Bemba can get away
  with a murderous joke involving the Nsengas, Ngonis and Tumbuka people.",murdock,BEMBA,Bemba,index,ethnic_entity_index,murdock,NSENGA,Nsenga,registry,bootstrapped from entity index polygon_ids,1
BEMBA,Tumbuka,icmid_sheet2,2,0,East Africa,https://quest-journal.net/shikanda/topicalities/memorial_Gerti_FINALFINAL.pdf,"Such joking relations are not limited to the Nkoya but are found all over Zambia, even in modern contexts of urban ethnicity – where for instance Lozi and Tonga, and Bemba and Nsenga, are each other’s joking partners / grandparents.","Bemba can get away
  with a murderous joke involving the Nsengas, Ngonis and Tumbuka people.",murdock,BEMBA,Bemba,registry,bootstrapped from entity index polygon_ids,murdock,TUMBUKA,Tumbuka,index,ethnic_entity_index,1
BEMBA,Yao,icmid_sheet2,1,0,East Africa,https://quest-journal.net/shikanda/topicalities/memorial_Gerti_FINALFINAL.pdf,"Such joking relations are not limited to the Nkoya but are found all over Zambia, even in modern contexts of urban ethnicity – where for instance Lozi and Tonga, and Bemba and Nsenga, are each other’s joking partners / grandparents.","Bemba can get away
  with a murderous joke involving the Nsengas, Ngonis and Tumbuka people.",murdock,BEMBA,Bemba,registry,bootstrapped from entity index polygon_ids,murdock,YAO,Yao,index,ethnic_entity_index,1
Bena,KINGA,icmid_sheet2,1,0,East Africa,,,,murdock,BENA,Bena,index,ethnic_entity_index,murdock,KINGA,KINGA,gis_exact,gis:murdock,1
Bena,MPEZENI,icmid_sheet2,1,0,East Africa,"“Joking Relationship in East Africa.” Africa 13, no. 2 (1940): 170–73. https://doi.org/10.1017/S0001972000003429.",,Also called Ngoni,murdock,BENA,Bena,index,ethnic_entity_index,murdock,MPEZENI,Mpezeni,registry,bootstrapped from entity index polygon_ids,1
Beriberi,Fulani,llm_ehraf,1,0,WesternAfrica,/Hausa_Beik_215_NK,"Mai Samari: In this country the Beriberi joke with the Fulani, right?","Text states a recurrent joking tie between these named groups (wasan nangi), national patterning.",murdock,BERIBERI,Beriberi,index,ethnic_entity_index,greg,FULBE,Fulbe,registry,bootstrapped from entity index polygon_ids,1
Beriberi,Wodaabe,llm_ehraf,2,0,WesternAfrica,/Fulani_Kaartinen_7_NK | /Fulani_Kristin_159_NK,"Ancient marriages8 between Wodaabe headmen and their Beriberi and Kanouri neighbors, as well as between Wodaabe and the slaves they acquired during the period of jihad, have remained as a basis of dendiraagal between Woodaabe and their ancient allies and serfs (ibid.: 27, 29, 37, ; 1970, ). | Interrelations with the Beriberi in Niamey are characterized by a joking-relationship, which is similar to that between WoDaaBe cross-cousins (Dupire 1962a:27).",Ancient marital alliances produced dendiraagal (joking/alliance) between Wodaabe and Beriberi neighbors. | Text explicitly describes interrelations between WoDaaBe and Beriberi as a joking-relationship.,murdock,BERIBERI,Beriberi,index,ethnic_entity_index,,,Wodaabe,,,0
BETE,Dida,icmid_sheet2,1,0,West Africa,"NEA, Madou. « Écriture et développement en Côte d'Ivoire ». ZAOULI, n°02 Spécial, décembre 2021, pp. 318-328. Enseignant-chercheur, Département de Théâtre et Traditions Populaires, ESTCA/INSAAC, Côte d'Ivoire. ISSN : 2788-9343.",Tableau 2 : Alliances inter-ethniques à plaisanterie,,murdock,BETE,BETE,gis_exact,gis:murdock,murdock,DIDA,DIDA,gis_exact,gis:murdock,1
BETE,Gagu,icmid_sheet2,2,0,West Africa,"NEA, Madou. « Écriture et développement en Côte d'Ivoire ». ZAOULI, n°02 Spécial, décembre 2021, pp. 318-328. Enseignant-chercheur, Département de Théâtre et Traditions Populaires, ESTCA/INSAAC, Côte d'Ivoire. ISSN : 2788-9343.",Tableau 2 : Alliances inter-ethniques à plaisanterie,,murdock,BETE,BETE,gis_exact,gis:murdock,murdock,GAGU,GAGU,gis_exact,gis:murdock,1
Bingo,Mossi (Yarse),keerthana_analysis,1,0,BurkinaFaso,,,,,,Bingo,,,murdock,MOSSI,Mossi (Yarse),index,ethnic_entity_index,0
Bira villagers,Mbuti,llm_ehraf,1,0,CentralAfrica,/Mbuti_Turnbull_1983_32_KS,"Yet with all this mockery and ridicule, and very real trickery, there was never a trace of malice or real hostility. If anything, it was really rather friendly ridicule, a form of group joking relationship that merely helped to establish the clear and necessary difference between “them” and “us.”

...they came to regard me with the same kind of rather amused disdain that they had, or pretended to have, for the Mbuti.",Text describes recurrent friendly mockery establishing an us-vs-them joking relationship between Mbuti and villagers.,,,Bira villagers,,,,,Mbuti,,,0
BIRIFON,Dafi,icmid_sheet2,1,0,West Africa,https://journals.openedition.org/communication/5503?lang=en,Tableau 1. Groupes alliés à plaisanteries,,murdock,BIRIFON,Birifor,registry,synced from ethnic_entity_index,murdock,DAFI,Dafi,index,ethnic_entity_index,1
BIRIFON,Guin,icmid_sheet2,1,0,West Africa,https://journals.openedition.org/communication/5503?lang=en,Tableau 1. Groupes alliés à plaisanteries,,murdock,BIRIFON,Birifor,registry,synced from ethnic_entity_index,murdock,GUIN,GUIN,gis_exact,gis:murdock,1
BIRIFON,Lobi,icmid_sheet2,2,0,West Africa,https://journals.openedition.org/communication/5503?lang=en,Tableau 1. Groupes alliés à plaisanteries,,murdock,BIRIFON,Birifor,registry,synced from ethnic_entity_index,murdock,LOBI,Lobi,index,ethnic_entity_index,1
Birifor,Bua,keerthana_analysis,1,0,BurkinaFaso,,,,murdock,BIRIFON,Birifor,index,https://www.101lasttribes.com/tribes/birifor.html,murdock,BUA,Bua,index,ethnic_entity_index,1
Birifor,Curama,keerthana_analysis,1,0,BurkinaFaso,,,,murdock,BIRIFON,Birifor,index,https://www.101lasttribes.com/tribes/birifor.html,,,Curama,,,0
Birifor,Dagari,keerthana_analysis,1,0,BurkinaFaso,,,,murdock,BIRIFON,Birifor,index,https://www.101lasttribes.com/tribes/birifor.html,murdock,DAGARI,Dagari,index,ethnic_entity_index,1
Birifor,Karaboro,keerthana_analysis,1,0,BurkinaFaso,,,,murdock,BIRIFON,Birifor,index,https://www.101lasttribes.com/tribes/birifor.html,murdock,KARABORO,Karaboro,index,ethnic_entity_index,1
Birifor,Malinke,keerthana_analysis,1,0,BurkinaFaso,,,,murdock,BIRIFON,Birifor,index,https://www.101lasttribes.com/tribes/birifor.html,murdock,MALINKE,Malinke,index,ethnic_entity_index,1
Birifor,Samo,keerthana_analysis,1,0,BurkinaFaso,,,,murdock,BIRIFON,Birifor,index,https://www.101lasttribes.com/tribes/birifor.html,murdock,SAMO,Samo,index,ethnic_entity_index,1
Birifor,Senufo,keerthana_analysis,1,0,BurkinaFaso,,,,murdock,BIRIFON,Birifor,index,https://www.101lasttribes.com/tribes/birifor.html,murdock,SENUFO,Senufo,index,ethnic_entity_index,1
Birifor,Siamou,keerthana_analysis,1,0,BurkinaFaso,,,,murdock,BIRIFON,Birifor,index,https://www.101lasttribes.com/tribes/birifor.html,,,Siamou,,,0
Birifor,Sèmè,keerthana_analysis,1,0,BurkinaFaso,,,,murdock,BIRIFON,Birifor,index,https://www.101lasttribes.com/tribes/birifor.html,,,Sèmè,,,0
Birifor,Tiefo,keerthana_analysis,1,0,BurkinaFaso,,,,murdock,BIRIFON,Birifor,index,https://www.101lasttribes.com/tribes/birifor.html,murdock,SENUFO,Tiefo,index,https://www.101lasttribes.com/tribes/tiefo.html,1
Birifor,Tusyan,keerthana_analysis,1,0,BurkinaFaso,,,,murdock,BIRIFON,Birifor,index,https://www.101lasttribes.com/tribes/birifor.html,murdock,TUSYAN,Tusyan,index,ethnic_entity_index,1
Birifor,Zerma,keerthana_analysis,1,0,BurkinaFaso,,,,murdock,BIRIFON,Birifor,index,https://www.101lasttribes.com/tribes/birifor.html,murdock,ZERMA,Zerma,index,ethnic_entity_index,1
BISA,Chewa,icmid_sheet2,1,0,East Africa,https://doi.org/10.1177/026858098700200103,"An anecdote related by Boswell (1969) illustrates this. During a brief stay in Lusaka, three rural authority councillors venture into a bar. They belong to different ethnies. The Chewa and the Bisa, who both had some experience with the urban environment, start joking together. The Lala seems disconcerted, worried about whether such behaviour is tolerable: in his village he would be obliged to fight anyone who was to address him in such a way. It is explained to him that all is as it should be, that the people from the Northern provinces normally establish joking relationships with those from the Eastern provinces.",,murdock,BISA,Bisa,registry,bootstrapped from entity index polygon_ids,murdock,CHEWA,CHEWA,gis_exact,gis:murdock,1
Bisa,UNGA,icmid_sheet2,1,0,East Africa,https://www.taylorfrancis.com/chapters/edit/10.4324/9781003134930-3/performance-categories-plays-identity-africa-australia-bruce-kapferer,,,murdock,BISA,Bisa,index,ethnic_entity_index,murdock,UNGA,UNGA,gis_exact,gis:murdock,1
Bisa,YAO,icmid_sheet2,2,0,East Africa,https://www.era.anthropology.ac.uk/Kalela/jokingtribes.html | https://doi.org/10.1177/026858098700200103,"An anecdote related by Boswell (1969) illustrates this. During a brief stay in Lusaka, three rural authority councillors venture into a bar. They belong to different ethnies. The Chewa and the Bisa, who both had some experience with the urban environment, start joking together. The Lala seems disconcerted, worried about whether such behaviour is tolerable: in his village he would be obliged to fight anyone who was to address him in such a way. It is explained to him that all is as it should be, that the people from the Northern provinces normally establish joking relationships with those from the Eastern provinces.",,murdock,BISA,Bisa,index,ethnic_entity_index,murdock,YAO,Yao,registry,bootstrapped from entity index polygon_ids,1
blacksmiths,"Buzaye (serfs of the Asben people, Tuareg)",llm_ehraf,1,0,WesternAfrica,/Hausa_Smith_43_NK,"Joking relationships also hold between ethnic groups and occupational groups, such as Buzaye (serfs of the Asben people, Tuareg) and blacksmiths.",Text states joking relationships hold between Buzaye (serfs) and blacksmiths (occupational/ethnic cross).,,,blacksmiths,,,,,"Buzaye (serfs of the Asben people, Tuareg)",,,0
Bobo fing,Dafi,keerthana_analysis,1,0,BurkinaFaso,,,,,,Bobo fing,,,murdock,DAFI,Dafi,index,ethnic_entity_index,0
Bobo fing,Fulbe,keerthana_analysis,1,0,BurkinaFaso,,,,,,Bobo fing,,,greg,FULBE,Fulbe,index,ethnic_entity_index,0
Bobo madaré,Dafi,keerthana_analysis,2,0,BurkinaFaso,,,,,,Bobo madaré,,,murdock,DAFI,Dafi,index,ethnic_entity_index,0
Bobo madaré,Fulbe,keerthana_analysis,1,0,BurkinaFaso,,,,,,Bobo madaré,,,greg,FULBE,Fulbe,index,ethnic_entity_index,0
Bobo-dioula,Bua,keerthana_analysis,1,0,BurkinaFaso,,,,,,Bobo-dioula,,,murdock,BUA,Bua,index,ethnic_entity_index,0
Bobo-Dioula,DAFI,icmid_sheet2,1,0,West Africa,https://journals.openedition.org/communication/5503?lang=en,Tableau 1. Groupes alliés à plaisanteries,,,,Bobo-Dioula,,,murdock,DAFI,Dafi,registry,bootstrapped from entity index polygon_ids,0
Bobo,Bua,keerthana_analysis,1,0,BurkinaFaso,,,,murdock,BOBO,Bobo,index,ethnic_entity_index,murdock,BUA,Bua,index,ethnic_entity_index,1
Bobo,Busansi,keerthana_analysis,1,0,BurkinaFaso,,,,murdock,BOBO,Bobo,index,ethnic_entity_index,murdock,BUSANSI,Busansi,index,ethnic_entity_index,1
Bobo,Dafi,keerthana_analysis,2,0,BurkinaFaso,,,,murdock,BOBO,Bobo,index,ethnic_entity_index,murdock,DAFI,Dafi,index,ethnic_entity_index,1
Bobo,Djan,keerthana_analysis,1,0,BurkinaFaso,,,,murdock,BOBO,Bobo,index,ethnic_entity_index,,,Djan,,,0
Bobo,Fulbe,icmid_sheet2;keerthana_analysis,3,0,BurkinaFaso,https://www.jstor.org/stable/25843052,"This paper is about joking relationships and how these are expressed socio-politically
in different contexts in present-day Burkina Faso. The practice of joking relationships
is omnipresent in everyday life, and occurs within the family (e. g. between grandchil
dren and grandparents), between clans (e.g. Coulibaly",,murdock,BOBO,Bobo,index,ethnic_entity_index,greg,FULBE,Fulbe,index,ethnic_entity_index,1
Bobo,Gourmantché,keerthana_analysis,1,0,BurkinaFaso,,,,murdock,BOBO,Bobo,index,ethnic_entity_index,murdock,GURMA,Gourmantché,index,https://en.wikipedia.org/wiki/Gurma_people,1
Bobo,Gourounsi (Ko),keerthana_analysis,1,0,BurkinaFaso,,,,murdock,BOBO,Bobo,index,ethnic_entity_index,murdock,GRUNSHI,Gourounsi (Ko),index,ethnic_entity_index,1
Bobo,Kurumba,keerthana_analysis,1,0,BurkinaFaso,,,,murdock,BOBO,Bobo,index,ethnic_entity_index,murdock,LILSE,Kurumba,index,https://www.101lasttribes.com/tribes/kurumba.html,1
Bobo,Malinke,keerthana_analysis,1,0,BurkinaFaso,,,,murdock,BOBO,Bobo,index,ethnic_entity_index,murdock,MALINKE,Malinke,index,ethnic_entity_index,1
Bobo,Mandé,keerthana_analysis,1,0,BurkinaFaso,,,,murdock,BOBO,Bobo,index,ethnic_entity_index,murdock,MALINKE,Mandé,index,https://en.wikipedia.org/wiki/Mand%C3%A9_peoples,1
Bobo,Mossi,keerthana_analysis,1,0,BurkinaFaso,,,,murdock,BOBO,Bobo,index,ethnic_entity_index,murdock,MOSSI,Mossi,index,ethnic_entity_index,1
Bobo,Peul (Toucouleurs),keerthana_analysis,1,0,BurkinaFaso,,,,murdock,BOBO,Bobo,index,ethnic_entity_index,geopr,PEUL,Peul (Toucouleurs),index,ethnic_entity_index,1
Bobo,Samo,keerthana_analysis,1,0,BurkinaFaso,,,,murdock,BOBO,Bobo,index,ethnic_entity_index,murdock,SAMO,Samo,index,ethnic_entity_index,1
Bobo,Senufo,keerthana_analysis,2,0,BurkinaFaso,,,,murdock,BOBO,Bobo,index,ethnic_entity_index,murdock,SENUFO,Senufo,index,ethnic_entity_index,1
Bobo,Soninké,keerthana_analysis,1,0,BurkinaFaso,,,,murdock,BOBO,Bobo,index,ethnic_entity_index,,,Soninké,,,0
Bobo,Tusyan,keerthana_analysis,1,0,BurkinaFaso,,,,murdock,BOBO,Bobo,index,ethnic_entity_index,murdock,TUSYAN,Tusyan,index,ethnic_entity_index,1
Bobo,Yana,keerthana_analysis,1,0,BurkinaFaso,,,,murdock,BOBO,Bobo,index,ethnic_entity_index,,,Yana,,,0
Boers,HURUTSHE,icmid_sheet2,1,0,Southern Africa,https://www.africabib.org/rec.php?RID=10004204X,This article traces how the Hurutshe (a Tswana-speaking group) navigated relations with Boer settlers,,,,Boers,,,murdock,HURUTSHE,HURUTSHE,gis_exact,gis:murdock,0
Bondei,SHAMBALA,icmid_sheet2,1,0,East Africa,https://www.jstor.org/stable/1157006?seq=1,,,murdock,BONDEI,BONDEI,gis_exact,gis:murdock,murdock,SHAMBALA,SHAMBALA,gis_exact,gis:murdock,1
BONDEI,Zigua,icmid_sheet2,1,0,East Africa,https://www.cambridge.org/core/journals/africa/article/abs/joking-relationships-in-tanganyika/B7DA0A8FA1B1368836C86AA53B4A8A2E,,,murdock,BONDEI,BONDEI,gis_exact,gis:murdock,murdock,ZIGULA,Zigua,index,ethnic_entity_index,1
Boosso,Dogon,keerthana_analysis,1,0,BurkinaFaso,,,,,,Boosso,,,murdock,DOGON,Dogon,index,ethnic_entity_index,0
Bornu,BURA,icmid_sheet2,1,0,West Africa,https://dice.missouri.edu/assets/docs/afro-asiatic/Bura-Pabir.pdf,"The following sentence leads me to believe that there are joking relationships: “the fact that Bornu people and Fulani are joking
relations” (2,108)",,,,Bornu,,,murdock,BURA,BURA,gis_exact,gis:murdock,0
Bororo,dillalai-mahautaa,llm_ehraf,1,0,WesternAfrica,/Fulani_Dupire_349_NK,"Among the Bororo, servile relations have become very much lessened in content and have actually been assimilated into a sort of joking relationship (dendiraagal).",Text describes recurring dendiraagal joking alliance between Bororo and dillalai-mahautaa as institutionalized.,greg,BORORO,Bororo,index,ethnic_entity_index,,,dillalai-mahautaa,,,0
Bourgo,Mossi (Yarse),keerthana_analysis,1,0,BurkinaFaso,,,,,,Bourgo,,,murdock,MOSSI,Mossi (Yarse),index,ethnic_entity_index,0
Bozo,Dogon,icmid_sheet1;icmid_sheet2;keerthana_analysis;keerthana_og;llm_ehraf,14,0,WesternAfrica,"/Bambara_119_NK | /Bambara_79_NK | /Bambara_Dieterlin_119_KS | /Bambara_Germaine_79_KS | /Dogon_Calame_305_NK | /Dogon_Calame_450_NK | /Dogon_Griaule_107_NK | /Dogon_Griaule_215_NK | /Dogon_Griaule_26_NK | https://shs.cairn.info/journal-cahiers-d-etudes-africaines-2006-4-page-883?lang=en , https://www.cambridge.org/core/journals/africa/article/abs/further-note-on-joking-relationships/D6D38D98BC31F077EE45FA81C5D66F79","Thus, a Koulibali is a Kéita's senãnku among the Bambara; Bozo and Dogon as well as Bozo and Somono are also senãnku | The myths of both groups mention the apparition of the Bozo on earth as coinciding with the beginning of 51 Faro's actions which, in turn, coincides with the development of techniques among the Bambara, and with the “third word” of the Dogon (1). In addition, the “joking relationships” which they maintain with the Dogon and which go back to the origin of a whole system of tribal and intertribal alliances clearly indicate the importance of the symbolic role conferred upon them (2). | A Dogon and a Bozo are twins, each carrying a particle of the other in his body and soul. | These two people are joined in a “joking relationship” or “cathartic association,” má[unavailable]a which means to “knead into a ball.” According to Griaule this relationship gives rise to several forms of exchange of “material, moral and religious services rendered: hospitality, the administering of food and of purification, and ritual activities” (1948a: ). The relationship also gives rise to various taboos chiefly concerning sexual relationships, spilled blood, and release of tension through taunts and insults. | We should recall that this institution among the Dogon is the model for their kinship ties with the Bozo and that a system of relationship of the same type can be found internally between regions, villages, and families (Griaule 1948b: ). | The original situation of the ideal couple—twins enclosed in the same egg—is also illustrated in a religious and economic relationship maintained between the Dogon and the Bozo which has existed, it is said, from the earliest times. This institution, which flourishes over a wide area, is known as a ‘joking relationship’, though the term ‘cathartic alliance’ has been suggested for it. | Fish and men are twins, and the Bozo is himself of water, being the first fisherman of the Niger and the master of the river. The Bozo maintain what is called a ‘joking relationship’ with the Dogon who traditionally refer to them as ‘fish that walk on land’. | The Dogon, who are farmers, maintain special relations with the Bozo, fishermen of the Niger, which the Dogon call sorogon; they are united through a cathartic relationship or “joking kinship,” which implies the observance of a certain number of prohibitions and also mutual aid. both rigorously defined. | [/Bambara_119_NK:p1] Joking Relationship A very important institution is also linked to the family name. It concerns the ties called “joking relationship,” dyo benatye (literally, agreement between us), which is integrated with the general kinship relationships designated in the Mandingo country by the term senãnkuya. But family relationships in the strict sense, called sindyi benatye (literally, breast milk between us), are to be distinguished from dyo benatye which, on the contrary, involves the members of two families, or even of two different peoples. Thus, a Koulibali is a Kéita's senãnku among the Bambara; Bozo and Dogon as well as Bozo and Somono are also senãnku(1). To the Mandé, a Koulibali and a Tangara, bound by a long and durable friendship, decided to seal it in a lasting way. They opened their veins and put a little blood from one wound into the other, thus realizing the alliance through this exchange. They next prepared a meal which they ate 84 together while pronouncing their oaths never to spill each other's blood. 1. Joking relationship called senãnkuya among the Bambara is termed măgu among the Dogon, dagana among the Bozo, etc. This
important institution, which embraces all the tribes of the French Sudan, has already been the object of a number of studies. See
especially M. Delafosse, Haut-Sénégal Niger /The Upper Senegal and Niger,/ Vol. 3, p. 206; H. Labouret, “La Parenté à plaisanteries en
Afrique occidentale /Joking Relationship in West Africa/”; D. Paulme, Parenté à plaisanteries et alliance par le sang en Afrique
occidentale /J","Document repeatedly describes Dogon–Bozo as a named senãnku/allianced pair across peoples with ritualized joking. | Text explicitly states a recurring joking relationship between Bozo and Dogon, an intertribal tie. | Text repeatedly describes Dogon–Bozo as a named institutional joking/alliance across peoples (senãnkuya type). | Text explicitly states recurrent 'joking relationships' between Bozo and Dogon as intertribal alliance practice. | Text explicitly describes a recurring 'joking relationship' between Dogon and Bozo (cross-ethnic, ritualized insults). | Text states Dogon joking institution models kinship ties with the Bozo (institutionalized interethnic alliance). | Text describes an institutionalized 'mangu' joking/cathartic alliance between Dogon and Bozo. | Text explicitly states a recurrent 'joking relationship' between Bozo and Dogon; cross-community ethnic groups. | Text explicitly describes a recurrent 'joking kinship' (cathartic relationship) with prohibitions and mutual ",murdock,BOZO,Bozo,index,ethnic_entity_index,murdock,DOGON,Dogon,index,ethnic_entity_index,1
Bozo,Fulbe,keerthana_analysis,1,0,BurkinaFaso,,,,murdock,BOZO,Bozo,index,ethnic_entity_index,greg,FULBE,Fulbe,index,ethnic_entity_index,1
Bozo,Kurumba,keerthana_analysis,1,0,BurkinaFaso,,,,murdock,BOZO,Bozo,index,ethnic_entity_index,murdock,LILSE,Kurumba,index,https://www.101lasttribes.com/tribes/kurumba.html,1
Bozo,Mossi,keerthana_analysis,1,0,BurkinaFaso,,,,murdock,BOZO,Bozo,index,ethnic_entity_index,murdock,MOSSI,Mossi,index,ethnic_entity_index,1
Bozo,Peul,llm_ehraf,2,0,WesternAfrica,/Bambara_119_NK | /Bambara_Dieterlin_119_KS,"Moreover, within this last group, several types of alliances can be observed: some involve exogamy (Dogon and Bozo: Bozo and Peul, etc…); others exclude the possibility of carrying out purification rites. | Moreover, within this last group, several types of alliances can be observed: some involve exogamy (Dogon and Bozo: Bozo and Peul, etc…)",Text mentions Bozo and Peul as an example of alliances involving exogamy and joking relationships between tribes. | Text notes Dogon and Bozo; Bozo and Peul as types of alliances involving exogamy and joking ties.,murdock,BOZO,Bozo,index,ethnic_entity_index,geopr,PEUL,Peul,index,ethnic_entity_index,1
Bozo,Somono,llm_ehraf,2,0,WesternAfrica,/Bambara_119_NK | /Bambara_Dieterlin_119_KS,"Thus, a Koulibali is a Kéita's senãnku among the Bambara; Bozo and Dogon as well as Bozo and Somono are also senãnku","Text explicitly lists Bozo and Somono as 'senãnku', indicating institutionalized joking between these peoples. | Text lists Bozo and Somono as senãnku (joking/allied peoples).",murdock,BOZO,Bozo,index,ethnic_entity_index,,,Somono,,,0
Bua,Busansi,keerthana_analysis,1,0,BurkinaFaso,,,,murdock,BUA,Bua,index,ethnic_entity_index,murdock,BUSANSI,Busansi,index,ethnic_entity_index,1
Bua,Dafi,keerthana_analysis,2,0,BurkinaFaso,,,,murdock,BUA,Bua,index,ethnic_entity_index,murdock,DAFI,Dafi,index,ethnic_entity_index,1
Bua,Djan,keerthana_analysis,2,0,BurkinaFaso,,,,murdock,BUA,Bua,index,ethnic_entity_index,,,Djan,,,0
Bua,Fulbe,keerthana_analysis,2,0,BurkinaFaso,,,,murdock,BUA,Bua,index,ethnic_entity_index,greg,FULBE,Fulbe,index,ethnic_entity_index,1
Bua,Gourmantché,keerthana_analysis,1,0,BurkinaFaso,,,,murdock,BUA,Bua,index,ethnic_entity_index,murdock,GURMA,Gourmantché,index,https://en.wikipedia.org/wiki/Gurma_people,1
Bua,Gourounsi,keerthana_analysis,1,0,BurkinaFaso,,,,murdock,BUA,Bua,index,ethnic_entity_index,murdock,GRUNSHI,Gourounsi,index,https://en.wikipedia.org/wiki/Gurunsi_people,1
Bua,Gourounsi (Ko),keerthana_analysis,1,0,BurkinaFaso,,,,murdock,BUA,Bua,index,ethnic_entity_index,murdock,GRUNSHI,Gourounsi (Ko),index,ethnic_entity_index,1
Bua,Kurumba,keerthana_analysis,1,0,BurkinaFaso,,,,murdock,BUA,Bua,index,ethnic_entity_index,murdock,LILSE,Kurumba,index,https://www.101lasttribes.com/tribes/kurumba.html,1
Bua,Lobi,keerthana_analysis,1,0,BurkinaFaso,,,,murdock,BUA,Bua,index,ethnic_entity_index,murdock,LOBI,Lobi,index,ethnic_entity_index,1
Bua,Malinke,keerthana_analysis,1,0,BurkinaFaso,,,,murdock,BUA,Bua,index,ethnic_entity_index,murdock,MALINKE,Malinke,index,ethnic_entity_index,1
Bua,Mandé,keerthana_analysis,1,0,BurkinaFaso,,,,murdock,BUA,Bua,index,ethnic_entity_index,murdock,MALINKE,Mandé,index,https://en.wikipedia.org/wiki/Mand%C3%A9_peoples,1
Bua,Ouattara,keerthana_analysis,1,0,BurkinaFaso,,,,murdock,BUA,Bua,index,ethnic_entity_index,,,Ouattara,,,0
Bua,Peul (Toucouleurs),keerthana_analysis,1,0,BurkinaFaso,,,,murdock,BUA,Bua,index,ethnic_entity_index,geopr,PEUL,Peul (Toucouleurs),index,ethnic_entity_index,1
Bua,Puguli,keerthana_analysis,1,0,BurkinaFaso,,,,murdock,BUA,Bua,index,ethnic_entity_index,,,Puguli,,,0
Bua,Sambla,keerthana_analysis,1,0,BurkinaFaso,,,,murdock,BUA,Bua,index,ethnic_entity_index,murdock,SAMO,Sambla,index,https://joshuaproject.net/people_groups/14813/UV,1
Bua,Samo,keerthana_analysis,2,0,BurkinaFaso,,,,murdock,BUA,Bua,index,ethnic_entity_index,murdock,SAMO,Samo,index,ethnic_entity_index,1
Bua,Senufo,keerthana_analysis,1,0,BurkinaFaso,,,,murdock,BUA,Bua,index,ethnic_entity_index,murdock,SENUFO,Senufo,index,ethnic_entity_index,1
Bua,Tiefo,keerthana_analysis,1,0,BurkinaFaso,,,,murdock,BUA,Bua,index,ethnic_entity_index,murdock,SENUFO,Tiefo,index,https://www.101lasttribes.com/tribes/tiefo.html,1
Bua,Tusyan,keerthana_analysis,1,0,BurkinaFaso,,,,murdock,BUA,Bua,index,ethnic_entity_index,murdock,TUSYAN,Tusyan,index,ethnic_entity_index,1
Bua,Viguié,keerthana_analysis,1,0,BurkinaFaso,,,,murdock,BUA,Bua,index,ethnic_entity_index,,,Viguié,,,0
BUILSA,Sisala,icmid_sheet2,1,0,West Africa,https://www.jstor.org/stable/3773072,,,murdock,BUILSA,BUILSA,gis_exact,gis:murdock,,,Sisala,,,0
Bulibuli lineage,Mbuti,llm_ehraf,1,0,CentralAfrica,/MbutiTurnball291KS,"More important, he describes how two Mbuti groups are fitted into the Amba lineage structure, but only partially so. They are both attached to Bulibuli lineages, each to a maximal lineage as a whole; yet they do not share full and equivalent relationships as Bulibuli with the other lineages of the same clan. Winter mentions that they stand in a joking relationship with only one of the maximal lineages.",Text states Mbuti groups are attached to Bulibuli lineages and stand in a joking relationship with one maximal lineage.,,,Bulibuli lineage,,,,,Mbuti,,,0
BURA,Fulani,icmid_sheet2,1,0,West Africa,https://dice.missouri.edu/assets/docs/afro-asiatic/Bura-Pabir.pdf,"The following sentence leads me to believe that there are joking relationships: “the fact that Bornu people and Fulani are joking
relations” (2,108)",,murdock,BURA,BURA,gis_exact,gis:murdock,greg,FULBE,Fulbe,registry,bootstrapped from entity index polygon_ids,1
Busansi,Dagari,keerthana_analysis,1,0,BurkinaFaso,,,,murdock,BUSANSI,Busansi,index,ethnic_entity_index,murdock,DAGARI,Dagari,index,ethnic_entity_index,1
Busansi,Djerma,keerthana_analysis,1,0,BurkinaFaso,,,,murdock,BUSANSI,Busansi,index,ethnic_entity_index,murdock,ZERMA,Djerma,index,https://commons.wikimedia.org/wiki/Category:Djerma_people,1
Busansi,Forgerons,keerthana_analysis,1,0,BurkinaFaso,,,,murdock,BUSANSI,Busansi,index,ethnic_entity_index,,,Forgerons,,,0
Busansi,Fulbe,keerthana_analysis,1,0,BurkinaFaso,,,,murdock,BUSANSI,Busansi,index,ethnic_entity_index,greg,FULBE,Fulbe,index,ethnic_entity_index,1
Busansi,Gourounsi,keerthana_analysis,2,0,BurkinaFaso,,,,murdock,BUSANSI,Busansi,index,ethnic_entity_index,murdock,GRUNSHI,Gourounsi,index,https://en.wikipedia.org/wiki/Gurunsi_people,1
Busansi,Gourounsi (Lela),keerthana_analysis,2,0,BurkinaFaso,,,,murdock,BUSANSI,Busansi,index,ethnic_entity_index,murdock,GRUNSHI,Gourounsi (Lela),index,ethnic_entity_index,1
Busansi,Grunshi (Kasena),keerthana_analysis,1,0,BurkinaFaso,,,,murdock,BUSANSI,Busansi,index,ethnic_entity_index,murdock,GRUNSHI,Grunshi,index,ethnic_entity_index,1
Busansi,Grunshi (Lele),keerthana_analysis,2,0,BurkinaFaso,,,,murdock,BUSANSI,Busansi,index,ethnic_entity_index,murdock,GRUNSHI,Grunshi,index,ethnic_entity_index,1
Busansi,Grunshi (Nunuma),keerthana_analysis,1,0,BurkinaFaso,,,,murdock,BUSANSI,Busansi,index,ethnic_entity_index,murdock,GRUNSHI,Grunshi,index,ethnic_entity_index,1
BUSANSI,Gurunsi,icmid_sheet2,1,0,West Africa,"The Politics of Joking Relationships in Burkina Faso
Author(s): Sten Hagberg
Source: Zeitschrift für Ethnologie, 2006, Bd. 131, H. 2 (2006), pp. 197-214
Published by: Dietrich Reimer Verlag GmbH
Stable URL: https://www.jstor.org/stable/25843052","and no official sanction was taken against the bad
behaviour of the state agent Ernest. In other words, the joking relationship between
Bisa and Gurunsi - in this case between the district head (Andre) and the wife of the
state agent (Solange) - saved Ernest from sancti",,murdock,BUSANSI,Busansi,registry,bootstrapped from entity index polygon_ids,,,Gurunsi,,,0
Busansi,Mossi,keerthana_analysis,2,0,BurkinaFaso,,,,murdock,BUSANSI,Busansi,index,ethnic_entity_index,murdock,MOSSI,Mossi,index,ethnic_entity_index,1
Busansi,Mossi (Yarse),keerthana_analysis,1,0,BurkinaFaso,,,,murdock,BUSANSI,Busansi,index,ethnic_entity_index,murdock,MOSSI,Mossi (Yarse),index,ethnic_entity_index,1
Busansi,Nankana,keerthana_analysis,1,0,BurkinaFaso,,,,murdock,BUSANSI,Busansi,index,ethnic_entity_index,,,Nankana,,,0
Busansi,Saaba,keerthana_analysis,1,0,BurkinaFaso,,,,murdock,BUSANSI,Busansi,index,ethnic_entity_index,,,Saaba,,,0
Busansi,Samo,keerthana_analysis,2,0,BurkinaFaso,,,,murdock,BUSANSI,Busansi,index,ethnic_entity_index,murdock,SAMO,Samo,index,ethnic_entity_index,1
Busansi,Yana,keerthana_analysis,2,0,BurkinaFaso,,,,murdock,BUSANSI,Busansi,index,ethnic_entity_index,,,Yana,,,0
Busansi,Yaoni,keerthana_analysis,1,0,BurkinaFaso,,,,murdock,BUSANSI,Busansi,index,ethnic_entity_index,,,Yaoni,,,0
Bwaba,DAFI,icmid_sheet2,1,0,West Africa,https://journals.openedition.org/communication/5503?lang=en,Tableau 1. Groupes alliés à plaisanteries,,,,Bwaba,,,murdock,DAFI,Dafi,registry,bootstrapped from entity index polygon_ids,0
certain Nupe sections,other tribes,llm_ehraf,1,0,WesternAfrica,/Nupe_Nadel_242_NK,"Joking relationship also occurs outside the kindred, between certain Nupe sections and other tribes, or within Nupe communities

between occupational groups.",Author states joking relationships occur between Nupe sections and other tribes (inter-group institutionalized joking).,,,certain Nupe sections,,,,,other tribes,,,0
certain villages,each other,llm_ehraf,1,0,WesternAfrica,/Mossi_Hammond_260_NK,"Among the Mossi, joking is institutionalized as an adjustive mechanism in the following relationships: (1) between Ego and his mother's agnatic kin, particularly his mother's elder brother; (2) between Ego and his mother's brother's wife; (3) between siblings-in-law; (4) between sibs; (5) between age-sets in the same age-grade; (6) between certain villages; and (7) between the Mossi and several other ethnic groups.",Author lists joking institutionalized between certain villages; inter-community pattern implies cross-group.,,,certain villages,,,,,each other,,,0
certain villages,other certain villages,llm_ehraf,1,0,WesternAfrica,/Mossi_Hammond_260_KS,"Among the Mossi, joking is institutionalized as an adjustive mechanism in the following relationships: (6) between certain villages;",Author explicitly states institutionalized joking occurs between certain villages (inter-village patterned teasing).,,,certain villages,,,,,other certain villages,,,0
CHAGA,Pare,icmid_sheet2,1,0,East Africa,"Moreau, R. E. “Joking Relationships in Tanganyika.” Africa 14, no. 7 (1944): 386–400. https://doi.org/10.2307/1157006.",,,murdock,CHAGA,Chaga,registry,bootstrapped from entity index polygon_ids,murdock,PARE,PARE,gis_exact,gis:murdock,1
Chagga,Masai,keerthana_og,1,0,EasternAfrica,,"[/Chagga_Guttman_1926_305_KS:p1] Of all the salutation names with which the Chagga honors a member of an age grade none makes any reference to circumcision. The most important names refer to the period in the grove and to its secrets; all other names are borrowed from the sib organization. The most frequent salutation is ngoso: kafo ngoso as a greeting, nenga ngoso as a petition. Those who have been in the grove together use the terms rika and ngasi. The beseeching ma ngasi (blood alliance of the grove) constitutes a petition which the agemate cannot decline. But if a person is unable to give what the petitioner asks for, he protects himself against any further demands with the assertive oath: “mkombo ngasi.” Mkombo is the grove in which the Moshi people let their circumcised youngsters sleep during the last period. From the sib organization they took the terms mrata and toho. The members of the preceding age grades greeted them as wawa, wande, sahu, but also as msongoru (“the preceding ones”). Girls and women greeted coeval men with msatsa (brother), older men, however, with ndami (father of the husband). A mania for imitating and the tendency toward being regarded as something special are responsible for the changing fashions of the salutations of the age grades. When the influence of the Taita on the eastern slopes of the Kilimanjaro was great, the Chagga took over the Taita salutation, oro. In the Chagga and the Masai languages oro means he-goat. I do not know its meaning in the Taita language, but I presume it is the same. From the Masai the Chagga borrowed the salutation ndawo, which, among the Masai designates two booty-companions in the same age group. At the present time, a new designation for the members of the same age grade makes its appearance in the Kibosho district: momo, which in the Kibosho dialect means heifer. It started as a joking form of address among young men, and is now the fashionable word of Kibosho.  1/2","Chagga borrowed a salutation from Masai designating two booty-companions in the same age group, indicating joking or playful interaction.",,,Chagga,,,murdock,MASAI,Masai,index,ethnic_entity_index,0
Chagga,Teita,keerthana_og,1,0,EasternAfrica,,"[/Chagga_Guttman_1926_305_KS:p1] Of all the salutation names with which the Chagga honors a member of an age grade none makes any reference to circumcision. The most important names refer to the period in the grove and to its secrets; all other names are borrowed from the sib organization. The most frequent salutation is ngoso: kafo ngoso as a greeting, nenga ngoso as a petition. Those who have been in the grove together use the terms rika and ngasi. The beseeching ma ngasi (blood alliance of the grove) constitutes a petition which the agemate cannot decline. But if a person is unable to give what the petitioner asks for, he protects himself against any further demands with the assertive oath: “mkombo ngasi.” Mkombo is the grove in which the Moshi people let their circumcised youngsters sleep during the last period. From the sib organization they took the terms mrata and toho. The members of the preceding age grades greeted them as wawa, wande, sahu, but also as msongoru (“the preceding ones”). Girls and women greeted coeval men with msatsa (brother), older men, however, with ndami (father of the husband). A mania for imitating and the tendency toward being regarded as something special are responsible for the changing fashions of the salutations of the age grades. When the influence of the Taita on the eastern slopes of the Kilimanjaro was great, the Chagga took over the Taita salutation, oro. In the Chagga and the Masai languages oro means he-goat. I do not know its meaning in the Taita language, but I presume it is the same. From the Masai the Chagga borrowed the salutation ndawo, which, among the Masai designates two booty-companions in the same age group. At the present time, a new designation for the members of the same age grade makes its appearance in the Kibosho district: momo, which in the Kibosho dialect means heifer. It started as a joking form of address among young men, and is now the fashionable word of Kibosho.  1/2","Chagga adopted a salutation from Taita, indicating a joking or playful relationship involving greetings.",,,Chagga,,,murdock,TEITA,Teita,index,ethnic_entity_index,0
CHAKOSSI,Gonja,icmid_sheet2,1,0,West Africa,"Samuel Nana Abokyi (2025) The Anufor (Chokosi): history of origins
and settlement patterns, Journal of Contemporary African Studies, 43:1, 52-68, DOI:
10.1080/02589001.2024.2414013","This notwithstanding, the
enduring camaraderie and joking relations with their foremost allies (Gonja and Mamprusi)
lend credence to the value they attached to friendly human relations even in contemporary
times.",,murdock,CHAKOSSI,CHAKOSSI,gis_exact,gis:murdock,,,Gonja,,,0
CHAKOSSI,Mamprusi,icmid_sheet2,2,0,West Africa,"Samuel Nana Abokyi (2025) The Anufor (Chokosi): history of origins
and settlement patterns, Journal of Contemporary African Studies, 43:1, 52-68, DOI:
10.1080/02589001.2024.2414013","This notwithstanding, the
enduring camaraderie and joking relations with their foremost allies (Gonja and Mamprusi)
lend credence to the value they attached to friendly human relations even in contemporary
times.",,murdock,CHAKOSSI,CHAKOSSI,gis_exact,gis:murdock,murdock,MAMPRUSI,MAMPRUSI,gis_exact,gis:murdock,1
Cham,JEN,icmid_sheet2,1,0,West Africa,https://d1wqtxts1xzle7.cloudfront.net/121943504/Cham_Ethnographic_historical_profile_Mandaras_Pub-libre.pdf?1742586648=&response-content-disposition=inline%3B+filename%3DThe_Cham_A_collection_of_ethnographic_an.pdf&Expires=1782809298&Signature=EYjMHHQRBSCtYXPtacNDlqpU7IVpHhhOnSyZxJzSyBRp6kgxQcLakhFjZ0nt268~5XoI7xp3zgsJuEantsKd3440xZRaXsu1TUJ40rrpIX4jU3eeyLsCw584HJBC0Zq2c6uaKWz8hyK0XtAmRqC17nTXW6c4hckLJeNSDnyBgU3izbfVIPitZEdmeC7FqtMhXYr9XZ5k8--Wz5Ze5BldHw98tflEEZNbacON9SsFrzNx9M2ZOKvqazUxZh7gF3JwGN5LmwPzLAJZ0HSFY0sERdswF6xaRKEdx8wdi9ziPS-KgIQHpvp-aWxKMNdpG~1YxWMuXtqt8J2lrFTaQxkzqg__&Key-Pair-Id=APKAJLOHF5GGSLRBV4ZA,"The Cham call the Tsobo ‘Kittam’ and regard them as close associates. They say that they have
a joking relationship with the following groups: the Jen, Chamba, Awak, Kamo, Bura, and Bacha-
ma of Dubunga. On a sectional level, the Looja have a joking relationship with the Dadiya. The
existence of a joking relationship is considered to be the result of a victory in interethnic fighting. It
is said that a Baobab tree was planted at Dubunga as a boundary marker after fighting with the
Bachama.",,greg,CHAM,Cham,gis_exact,gis:greg,murdock,JEN,JEN,gis_exact,gis:murdock,1
Chokwe,LENJE,icmid_sheet2,1,0,East Africa,https://journals.unza.zm/index.php/zjh/article/view/1376/971,"On the western side of Zambia, the Lozi communities have joking relations with the Bantu
Botatwe complex commonly known as BaTonga. In essence, the BaTonga group includes
Gwembe Tonga, Plateau Tonga, Toka, Leya, Ila, Lenje and Soli","and many other
  smaller tribes appear to have no joking relationships with other tribes.",murdock,CHOKWE,CHOKWE,gis_exact,gis:murdock,murdock,LENJE,Lenje,registry,bootstrapped from entity index polygon_ids,1
Curama,Dagari,keerthana_analysis,1,0,BurkinaFaso,,,,,,Curama,,,murdock,DAGARI,Dagari,index,ethnic_entity_index,0
Curama,Djan,keerthana_analysis,1,0,BurkinaFaso,,,,,,Curama,,,,,Djan,,,0
Curama,Ethnies du sud-ouest,keerthana_analysis,1,0,BurkinaFaso,,,,,,Curama,,,,,Ethnies du sud-ouest,,,0
Curama,Gan,keerthana_analysis,1,0,BurkinaFaso,,,,,,Curama,,,murdock,GAN,Gan,index,ethnic_entity_index,0
Curama,Lobi,keerthana_analysis,1,0,BurkinaFaso,,,,,,Curama,,,murdock,LOBI,Lobi,index,ethnic_entity_index,0
Curama,Lorhon,keerthana_analysis,1,0,BurkinaFaso,,,,,,Curama,,,,,Lorhon,,,0
Curama,Yana,keerthana_analysis,1,0,BurkinaFaso,,,,,,Curama,,,,,Yana,,,0
D[unknown]ar[unknown]od /Daarood/,Hawâdlä,llm_ehraf,1,0,EasternAfrica,/Somali_Cerulli_1959_93_KS,"The poet, before considering the Hawiyya peoples of the middle W[unknown]ebi, turns to the D[unknown]ar[unknown]od tribes (of Northern Somalia)... . The poet now begins to mock the [unknown]Haw[unknown]adlä tribe (belonging to the Hawiyya)...",Poem mocks Hawâdlä and earlier turns to Daarood; poet's verses provoked reactions from Daarood—recurring inter-tribal vaunting.,,,D[unknown]ar[unknown]od /Daarood/,,,,,Hawâdlä,,,0
Dafi,Dagari,keerthana_analysis,1,0,BurkinaFaso,,,,murdock,DAFI,Dafi,index,ethnic_entity_index,murdock,DAGARI,Dagari,index,ethnic_entity_index,1
Dafi,Djan,keerthana_analysis,1,0,BurkinaFaso,,,,murdock,DAFI,Dafi,index,ethnic_entity_index,,,Djan,,,0
Dafi,Dogon,keerthana_analysis,2,0,BurkinaFaso,,,,murdock,DAFI,Dafi,index,ethnic_entity_index,murdock,DOGON,Dogon,index,ethnic_entity_index,1
Dafi,Forgerons,keerthana_analysis,1,0,BurkinaFaso,,,,murdock,DAFI,Dafi,index,ethnic_entity_index,,,Forgerons,,,0
Dafi,Fulbe,icmid_sheet2;keerthana_analysis,3,0,BurkinaFaso,https://journals.openedition.org/communication/5503?lang=en,Tableau 1. Groupes alliés à plaisanteries,,murdock,DAFI,Dafi,index,ethnic_entity_index,greg,FULBE,Fulbe,index,ethnic_entity_index,1
Dafi,Gan,keerthana_analysis,1,0,BurkinaFaso,,,,murdock,DAFI,Dafi,index,ethnic_entity_index,murdock,GAN,Gan,index,ethnic_entity_index,1
Dafi,Gourmantché,keerthana_analysis,2,0,BurkinaFaso,,,,murdock,DAFI,Dafi,index,ethnic_entity_index,murdock,GURMA,Gourmantché,index,https://en.wikipedia.org/wiki/Gurma_people,1
Dafi,Gourounsi,keerthana_analysis,2,0,BurkinaFaso,,,,murdock,DAFI,Dafi,index,ethnic_entity_index,murdock,GRUNSHI,Gourounsi,index,https://en.wikipedia.org/wiki/Gurunsi_people,1
Dafi,Grunshi (Nunuma),keerthana_analysis,1,0,BurkinaFaso,,,,murdock,DAFI,Dafi,index,ethnic_entity_index,murdock,GRUNSHI,Grunshi,index,ethnic_entity_index,1
Dafi,Konate,keerthana_analysis,1,0,BurkinaFaso,,,,murdock,DAFI,Dafi,index,ethnic_entity_index,,,Konate,,,0
Dafi,Malinke,keerthana_analysis,1,0,BurkinaFaso,,,,murdock,DAFI,Dafi,index,ethnic_entity_index,murdock,MALINKE,Malinke,index,ethnic_entity_index,1
Dafi,Mandé,keerthana_analysis,1,0,BurkinaFaso,,,,murdock,DAFI,Dafi,index,ethnic_entity_index,murdock,MALINKE,Mandé,index,https://en.wikipedia.org/wiki/Mand%C3%A9_peoples,1
Dafi,Minianka,keerthana_analysis,1,0,BurkinaFaso,,,,murdock,DAFI,Dafi,index,ethnic_entity_index,murdock,MINIANKA,Minianka,index,ethnic_entity_index,1
Dafi,Mossi,keerthana_analysis,2,0,BurkinaFaso,,,,murdock,DAFI,Dafi,index,ethnic_entity_index,murdock,MOSSI,Mossi,index,ethnic_entity_index,1
Dafi,Mossi (Yarse),keerthana_analysis,1,0,BurkinaFaso,,,,murdock,DAFI,Dafi,index,ethnic_entity_index,murdock,MOSSI,Mossi (Yarse),index,ethnic_entity_index,1
Dafi,Mossi (Yonyonse),keerthana_analysis,1,0,BurkinaFaso,,,,murdock,DAFI,Dafi,index,ethnic_entity_index,murdock,MOSSI,Mossi (Yonyonse),index,ethnic_entity_index,1
Dafi,ressortissants de boinboinla,keerthana_analysis,1,0,BurkinaFaso,,,,murdock,DAFI,Dafi,index,ethnic_entity_index,,,ressortissants de boinboinla,,,0
Dafi,Sambla,keerthana_analysis,1,0,BurkinaFaso,,,,murdock,DAFI,Dafi,index,ethnic_entity_index,murdock,SAMO,Sambla,index,https://joshuaproject.net/people_groups/14813/UV,1
Dafi,Samo,keerthana_analysis,1,0,BurkinaFaso,,,,murdock,DAFI,Dafi,index,ethnic_entity_index,murdock,SAMO,Samo,index,ethnic_entity_index,1
Dafi,Senufo,keerthana_analysis,2,0,BurkinaFaso,,,,murdock,DAFI,Dafi,index,ethnic_entity_index,murdock,SENUFO,Senufo,index,ethnic_entity_index,1
Dafi,Sienou,keerthana_analysis,1,0,BurkinaFaso,,,,murdock,DAFI,Dafi,index,ethnic_entity_index,,,Sienou,,,0
Dafi,Soninké,keerthana_analysis,1,0,BurkinaFaso,,,,murdock,DAFI,Dafi,index,ethnic_entity_index,,,Soninké,,,0
Dafi,Tuaregs,keerthana_analysis,1,0,BurkinaFaso,,,,murdock,DAFI,Dafi,index,ethnic_entity_index,greg,TUAREGS,Tuaregs,index,ethnic_entity_index,1
Dafi,Zon,keerthana_analysis,1,0,BurkinaFaso,,,,murdock,DAFI,Dafi,index,ethnic_entity_index,,,Zon,,,0
Dagaaba,Grunshi,icmid_sheet1,1,0,,https://www.folklore.ee/folklore/vol14/pdf/dagaaba.pdf,,"Dagari (as labelled in the Murdock data) is the language spoken by the Dagaaba people, FraFra is a subgroup of Grunshi",,,Dagaaba,,,murdock,GRUNSHI,Grunshi,index,ethnic_entity_index,0
Dagara,GUIN,icmid_sheet2,1,0,West Africa,https://www.jstor.org/stable/25843052,"This paper is about joking relationships and how these are expressed socio-politically
in different contexts in present-day Burkina Faso. The practice of joking relationships
is omnipresent in everyday life, and occurs within the family (e. g. between grandchil
dren and grandparents), between clans (e.g. Coulibaly",,,,Dagara,,,murdock,GUIN,GUIN,gis_exact,gis:murdock,0
Dagara,TUSYAN,icmid_sheet2,1,0,West Africa,https://journals.openedition.org/communication/5503?lang=en,Tableau 1. Groupes alliés à plaisanteries,,,,Dagara,,,murdock,TUSYAN,Tusyan,registry,bootstrapped from entity index polygon_ids,0
Dagari,Gourmantché,keerthana_analysis,1,0,BurkinaFaso,,,,murdock,DAGARI,Dagari,index,ethnic_entity_index,murdock,GURMA,Gourmantché,index,https://en.wikipedia.org/wiki/Gurma_people,1
DAGARI,Grunshi,icmid_sheet2,1,0,West Africa,"Wegru, Joseph Yelepuo. “The Dagaaba-Frafra Joking Relationship.” Folklore: Electronic Journal of Folklore 14 (2000): 85–97. https://doi.org/10.7592/FEJF2000.14.dagaaba.","The present article concerns inter-ethnic humour and its develop-
ment between the Dagaaba and Gurune (or Frafra) tribes in Ghana.","Dagari (as labelled in the Murdock data) is the language spoken by the Dagaaba people, FraFra is a subgroup of Grunshi",murdock,DAGARI,Dagari,registry,bootstrapped from entity index polygon_ids,murdock,GRUNSHI,Grunshi,index,ethnic_entity_index,1
Dagari,Karaboro,keerthana_analysis,2,0,BurkinaFaso,,,,murdock,DAGARI,Dagari,index,ethnic_entity_index,murdock,KARABORO,Karaboro,index,ethnic_entity_index,1
Dagari,Kusaal,keerthana_analysis,1,0,BurkinaFaso,,,,murdock,DAGARI,Dagari,index,ethnic_entity_index,,,Kusaal,,,0
Dagari,Lobi,keerthana_analysis,1,0,BurkinaFaso,,,,murdock,DAGARI,Dagari,index,ethnic_entity_index,murdock,LOBI,Lobi,index,ethnic_entity_index,1
Dagari,Malinke,keerthana_analysis,1,0,BurkinaFaso,,,,murdock,DAGARI,Dagari,index,ethnic_entity_index,murdock,MALINKE,Malinke,index,ethnic_entity_index,1
Dagari,Mossi,keerthana_analysis,1,0,BurkinaFaso,,,,murdock,DAGARI,Dagari,index,ethnic_entity_index,murdock,MOSSI,Mossi,index,ethnic_entity_index,1
Dagari,Mossi (Yarse),keerthana_analysis,1,0,BurkinaFaso,,,,murdock,DAGARI,Dagari,index,ethnic_entity_index,murdock,MOSSI,Mossi (Yarse),index,ethnic_entity_index,1
Dagari,Nankana,keerthana_analysis,2,0,BurkinaFaso,,,,murdock,DAGARI,Dagari,index,ethnic_entity_index,,,Nankana,,,0
Dagari,Nayiile,keerthana_analysis,1,0,BurkinaFaso,,,,murdock,DAGARI,Dagari,index,ethnic_entity_index,,,Nayiile,,,0
Dagari,Sambla,keerthana_analysis,1,0,BurkinaFaso,,,,murdock,DAGARI,Dagari,index,ethnic_entity_index,murdock,SAMO,Sambla,index,https://joshuaproject.net/people_groups/14813/UV,1
Dagari,Samo,keerthana_analysis,1,0,BurkinaFaso,,,,murdock,DAGARI,Dagari,index,ethnic_entity_index,murdock,SAMO,Samo,index,ethnic_entity_index,1
Dagari,Senufo,keerthana_analysis,2,0,BurkinaFaso,,,,murdock,DAGARI,Dagari,index,ethnic_entity_index,murdock,SENUFO,Senufo,index,ethnic_entity_index,1
Dagari,Sia,keerthana_analysis,1,0,BurkinaFaso,,,,murdock,DAGARI,Dagari,index,ethnic_entity_index,murdock,SIA,Sia,index,ethnic_entity_index,1
Dagari,Siamou,keerthana_analysis,2,0,BurkinaFaso,,,,murdock,DAGARI,Dagari,index,ethnic_entity_index,,,Siamou,,,0
Dagari,Sèmè,keerthana_analysis,1,0,BurkinaFaso,,,,murdock,DAGARI,Dagari,index,ethnic_entity_index,,,Sèmè,,,0
Dagari,Tiefo,keerthana_analysis,1,0,BurkinaFaso,,,,murdock,DAGARI,Dagari,index,ethnic_entity_index,murdock,SENUFO,Tiefo,index,https://www.101lasttribes.com/tribes/tiefo.html,1
Dagari,Tiere,keerthana_analysis,1,0,BurkinaFaso,,,,murdock,DAGARI,Dagari,index,ethnic_entity_index,,,Tiere,,,0
Dagari,Tusyan,keerthana_analysis,1,0,BurkinaFaso,,,,murdock,DAGARI,Dagari,index,ethnic_entity_index,murdock,TUSYAN,Tusyan,index,ethnic_entity_index,1
Dagari,Zerma,keerthana_analysis,2,0,BurkinaFaso,,,,murdock,DAGARI,Dagari,index,ethnic_entity_index,murdock,ZERMA,Zerma,index,ethnic_entity_index,1
DAGOMBA,Gonja(Guan),icmid_sheet2,1,0,West Africa,https://lagim.blogs.brynmawr.edu/files/2015/03/The-Peoples-of-Northern-Ghana.pdf,"However, some formerly antagonistic
peoples have since reconciled and transformed their antagonism into friendships, even quasi-kinships. For example,
Gonja and Dagomba formerly arch-enemies now have a joking relationship. Peoples who probably had no awareness of
kinship now realizing their connectedness have established friends and joking relationships. Sisala and Kasena, both
speakers of Grusi have a joking relationship just as Dagaba people have not only institutionalized a joking relationship
they now have the friendship games in Accra.",,murdock,DAGOMBA,Dagomba,registry,bootstrapped from entity index polygon_ids,,,Gonja(Guan),,,0
Dagomba,Zaose,keerthana_analysis,1,0,BurkinaFaso,,,,murdock,DAGOMBA,Dagomba,index,ethnic_entity_index,,,Zaose,,,0
DAKAKARI,Zamfara,icmid_sheet2,1,0,West Africa,https://sarpublication.com/media/articles/SARJALL_54_91-96.pdf,"The third joking relationship in Hausa is the one that exists between people
who practice different but related trades and traditional occupations in Hausa society. This cultural phenomenon has contributed in no small measure to the stability and cohesion among the Hausa people on one hand and their neighboring
tribes on the other; as there are also joking relationships between the Hausas and some of their neighbors, a clear example
of which is the jokes existing between the Zamfarawa ethnic group of Hausaland and their southwestern neighbors, the
Dakarkari (Clela) of Zuru in Kebbi state.",,murdock,DAKAKARI,DAKAKARI,gis_exact,gis:murdock,,,Zamfara,,,0
DAN,Fulani,icmid_sheet2,1,0,West Africa,"NEA, Madou. « Écriture et développement en Côte d'Ivoire ». ZAOULI, n°02 Spécial, décembre 2021, pp. 318-328. Enseignant-chercheur, Département de Théâtre et Traditions Populaires, ESTCA/INSAAC, Côte d'Ivoire. ISSN : 2788-9343.",Tableau 2 : Alliances inter-ethniques à plaisanterie,,murdock,DAN,DAN,gis_exact,gis:murdock,greg,FULBE,Fulbe,registry,bootstrapped from entity index polygon_ids,1
DAN,Guro,icmid_sheet2,1,0,West Africa,"NEA, Madou. « Écriture et développement en Côte d'Ivoire ». ZAOULI, n°02 Spécial, décembre 2021, pp. 318-328. Enseignant-chercheur, Département de Théâtre et Traditions Populaires, ESTCA/INSAAC, Côte d'Ivoire. ISSN : 2788-9343.",Tableau 2 : Alliances inter-ethniques à plaisanterie,,murdock,DAN,DAN,gis_exact,gis:murdock,murdock,GURO,GURO,gis_exact,gis:murdock,1
DAN,Mahouka,icmid_sheet2,1,0,West Africa,"NEA, Madou. « Écriture et développement en Côte d'Ivoire ». ZAOULI, n°02 Spécial, décembre 2021, pp. 318-328. Enseignant-chercheur, Département de Théâtre et Traditions Populaires, ESTCA/INSAAC, Côte d'Ivoire. ISSN : 2788-9343.",Tableau 2 : Alliances inter-ethniques à plaisanterie,,murdock,DAN,DAN,gis_exact,gis:murdock,,,Mahouka,,,0
DAN,Senufo,icmid_sheet2,2,0,West Africa,"NEA, Madou. « Écriture et développement en Côte d'Ivoire ». ZAOULI, n°02 Spécial, décembre 2021, pp. 318-328. Enseignant-chercheur, Département de Théâtre et Traditions Populaires, ESTCA/INSAAC, Côte d'Ivoire. ISSN : 2788-9343.",Tableau 2 : Alliances inter-ethniques à plaisanterie,,murdock,DAN,DAN,gis_exact,gis:murdock,murdock,SENUFO,Senufo,index,ethnic_entity_index,1
DAN,Tagbana,icmid_sheet2,1,0,West Africa,"NEA, Madou. « Écriture et développement en Côte d'Ivoire ». ZAOULI, n°02 Spécial, décembre 2021, pp. 318-328. Enseignant-chercheur, Département de Théâtre et Traditions Populaires, ESTCA/INSAAC, Côte d'Ivoire. ISSN : 2788-9343.",Tableau 2 : Alliances inter-ethniques à plaisanterie,,murdock,DAN,DAN,gis_exact,gis:murdock,,,Tagbana,,,0
Dayamba,Gourmantché,keerthana_analysis,1,0,BurkinaFaso,,,,,,Dayamba,,,murdock,GURMA,Gourmantché,index,https://en.wikipedia.org/wiki/Gurma_people,0
Da,Lobi,keerthana_analysis,1,0,BurkinaFaso,,,,,,Da,,,murdock,LOBI,Lobi,index,ethnic_entity_index,0
DENDI,Songhai,icmid_sheet2,1,0,West Africa,https://www.lesahel.org/rencontre-culturelle-internationale-reci-un-vibrant-hommage-aux-langues-cultures-et-traditions-des-peuples-sonrhai-zarma-dendi/,,,murdock,DENDI,DENDI,gis_exact,gis:murdock,murdock,SONGHAI,Songhai,registry,bootstrapped from entity index polygon_ids,1
DENDI,Zerma,icmid_sheet2,1,0,West Africa,https://www.lesahel.org/rencontre-culturelle-internationale-reci-un-vibrant-hommage-aux-langues-cultures-et-traditions-des-peuples-sonrhai-zarma-dendi/,,,murdock,DENDI,DENDI,gis_exact,gis:murdock,murdock,ZERMA,Zerma,index,ethnic_entity_index,1
DIAN,Guin,icmid_sheet2,1,0,West Africa,https://journals.openedition.org/communication/5503?lang=en,Tableau 1. Groupes alliés à plaisanteries,,murdock,DIAN,DIAN,gis_exact,gis:murdock,murdock,GUIN,GUIN,gis_exact,gis:murdock,1
Dibloni,Lobi,keerthana_analysis,1,0,BurkinaFaso,,,,,,Dibloni,,,murdock,LOBI,Lobi,index,ethnic_entity_index,0
DIDA,Godie,icmid_sheet2,1,0,West Africa,"NEA, Madou. « Écriture et développement en Côte d'Ivoire ». ZAOULI, n°02 Spécial, décembre 2021, pp. 318-328. Enseignant-chercheur, Département de Théâtre et Traditions Populaires, ESTCA/INSAAC, Côte d'Ivoire. ISSN : 2788-9343.",Tableau 2 : Alliances inter-ethniques à plaisanterie,,murdock,DIDA,DIDA,gis_exact,gis:murdock,,,Godie,,,0
DIDA,Goude,icmid_sheet2,1,0,West Africa,"NEA, Madou. « Écriture et développement en Côte d'Ivoire ». ZAOULI, n°02 Spécial, décembre 2021, pp. 318-328. Enseignant-chercheur, Département de Théâtre et Traditions Populaires, ESTCA/INSAAC, Côte d'Ivoire. ISSN : 2788-9343.",Tableau 2 : Alliances inter-ethniques à plaisanterie,,murdock,DIDA,DIDA,gis_exact,gis:murdock,,,Goude,,,0
DIDA,Neyo,icmid_sheet2,1,0,West Africa,"NEA, Madou. « Écriture et développement en Côte d'Ivoire ». ZAOULI, n°02 Spécial, décembre 2021, pp. 318-328. Enseignant-chercheur, Département de Théâtre et Traditions Populaires, ESTCA/INSAAC, Côte d'Ivoire. ISSN : 2788-9343.",Tableau 2 : Alliances inter-ethniques à plaisanterie,,murdock,DIDA,DIDA,gis_exact,gis:murdock,,,Neyo,,,0
Digo,DURUMA,icmid_sheet2,1,0,East Africa,https://publishing.cdlib.org/ucpressebooks/view?docId=ft9v19p2m5;chunk.id=0;doc.view=print,,,murdock,DIGO,DIGO,gis_exact,gis:murdock,murdock,DURUMA,DURUMA,gis_exact,gis:murdock,1
DIGO,Kami,icmid_sheet2,1,0,East Africa,https://www.jstor.org/stable/218607?seq=22,,,murdock,DIGO,DIGO,gis_exact,gis:murdock,,,Kami,,,0
Digo,SEGEJU,icmid_sheet2,1,0,East Africa,https://en.wikipedia.org/wiki/Segeju_people,"The Segeju have kinship relations with the Digo
people",,murdock,DIGO,DIGO,gis_exact,gis:murdock,murdock,SEGEJU,SEGEJU,gis_exact,gis:murdock,1
DIGO,Vumba,icmid_sheet2,1,0,East Africa,https://www.jstor.org/stable/218607?seq=22,,,murdock,DIGO,DIGO,gis_exact,gis:murdock,,,Vumba,,,0
Digo,ZARAMO,icmid_sheet2,1,0,East Africa,"“Joking Relationship in East Africa.” Africa 13, no. 2 (1940): 170–73. https://doi.org/10.1017/S0001972000003429.",,,murdock,DIGO,DIGO,gis_exact,gis:murdock,murdock,ZARAMO,Zaramo,registry,bootstrapped from entity index polygon_ids,1
DIGO,Zaramu,icmid_sheet2,1,0,East Africa,https://www.jstor.org/stable/218607?seq=22,,,murdock,DIGO,DIGO,gis_exact,gis:murdock,,,Zaramu,,,0
Diola,Mandinka,icmid_sheet1;icmid_sheet2,2,0,West Africa,https://theses.hal.science/tel-02179292v1,"Au Sénégal, comme dans tous les autres pays de la sous-région, les relations à plaisanterie
sont établies entre plusieurs populations. La relation qui nous intéressera en particulier est
celle qui relie les Joola aux Sereer.","Mandinka- GeoPR, Joola is another name for the Diola group",murdock,DIOLA,Diola,index,ethnic_entity_index,geopr,MANDINKA,Mandinka,index,ethnic_entity_index,1
Diola,Serer,keerthana_og,1,0,WesternAfrica,,"[/wolof_99_nk:p1] Jola and Serer: A Jola tradition, quoted among others by Wintz (1909, pp. v- vi), gives the Jola and Serer a common origin in Kabu (Haute Gambie and Portuguese Guinea) from which, because of internal quarrels, and probably also because of Mandinka and Fulbe pressure, emigration took place under two sisters, one (Anécho) establishing herself in the basin of the Salum and becoming the “mother” of the Serer, the other (Aguène) going to Casamance and becoming the “mother” of the Jola. A jokingrelationship exists between Jola and Serer to this day. Mandinka and Serer: According to Ezanno (1919) the Serer of Fadiout came from Kabu under a Mandinka chief, Mansa Ali. Gambian traditions would seem to indicate that the original inhabitants of Nyomi were Serer, subject to the Wolof chiefs of Salum. They called in Mandinka and Fulbe warrior chiefs to help them in their struggle for independence. These took over the chieftainship of Nyomi, and in the course of time the country became Mandinka. During the religious wars of the last century the people of the coastal region were attacked by the Mandinka and many were converted to Islam. Serer and Bainunka: Bérenger-Féraud (1879) considers that the Bainunka also entered into the composition of the Serer. These traditions all suggest that the Serer represent the survivors of a primitive people who migrated westwards to the coast from various starting  1/3","The text states a joking relationship exists but does not specify symmetry or local term. | From context_prev block 14659, explicit mention of joking relationship between Jola and Serer.",murdock,DIOLA,Diola,index,ethnic_entity_index,murdock,SERER,Serer,index,ethnic_entity_index,1
Djan,Kam,keerthana_analysis,1,0,BurkinaFaso,,,,,,Djan,,,murdock,KAM,Kam,index,ethnic_entity_index,0
Djan,Karaboro,keerthana_analysis,1,0,BurkinaFaso,,,,,,Djan,,,murdock,KARABORO,Karaboro,index,ethnic_entity_index,0
Djan,Malinke,keerthana_analysis,1,0,BurkinaFaso,,,,,,Djan,,,murdock,MALINKE,Malinke,index,ethnic_entity_index,0
Djan,Sambla,keerthana_analysis,1,0,BurkinaFaso,,,,,,Djan,,,murdock,SAMO,Sambla,index,https://joshuaproject.net/people_groups/14813/UV,0
Djan,Samo,keerthana_analysis,1,0,BurkinaFaso,,,,,,Djan,,,murdock,SAMO,Samo,index,ethnic_entity_index,0
Djan,Senufo,keerthana_analysis,1,0,BurkinaFaso,,,,,,Djan,,,murdock,SENUFO,Senufo,index,ethnic_entity_index,0
Djan,Siamou,keerthana_analysis,1,0,BurkinaFaso,,,,,,Djan,,,,,Siamou,,,0
Djan,Tiefo,keerthana_analysis,1,0,BurkinaFaso,,,,,,Djan,,,murdock,SENUFO,Tiefo,index,https://www.101lasttribes.com/tribes/tiefo.html,0
Djan,Tusyan,keerthana_analysis,1,0,BurkinaFaso,,,,,,Djan,,,murdock,TUSYAN,Tusyan,index,ethnic_entity_index,0
Djan,Zerma,keerthana_analysis,1,0,BurkinaFaso,,,,,,Djan,,,murdock,ZERMA,Zerma,index,ethnic_entity_index,0
Djerma,Dogon,keerthana_analysis,2,0,BurkinaFaso,,,,murdock,ZERMA,Djerma,index,https://commons.wikimedia.org/wiki/Category:Djerma_people,murdock,DOGON,Dogon,index,ethnic_entity_index,1
Djerma,Fulbe,keerthana_analysis,2,0,BurkinaFaso,,,,murdock,ZERMA,Djerma,index,https://commons.wikimedia.org/wiki/Category:Djerma_people,greg,FULBE,Fulbe,index,ethnic_entity_index,1
Djerma,Gourmantché,keerthana_analysis,2,0,BurkinaFaso,,,,murdock,ZERMA,Djerma,index,https://commons.wikimedia.org/wiki/Category:Djerma_people,murdock,GURMA,Gourmantché,index,https://en.wikipedia.org/wiki/Gurma_people,1
Djerma,Gourounsi,keerthana_analysis,1,0,BurkinaFaso,,,,murdock,ZERMA,Djerma,index,https://commons.wikimedia.org/wiki/Category:Djerma_people,murdock,GRUNSHI,Gourounsi,index,https://en.wikipedia.org/wiki/Gurunsi_people,1
Djerma,Gourounsi (Lela),keerthana_analysis,1,0,BurkinaFaso,,,,murdock,ZERMA,Djerma,index,https://commons.wikimedia.org/wiki/Category:Djerma_people,murdock,GRUNSHI,Gourounsi (Lela),index,ethnic_entity_index,1
Djerma,Grunshi (Kasena),keerthana_analysis,1,0,BurkinaFaso,,,,murdock,ZERMA,Djerma,index,https://commons.wikimedia.org/wiki/Category:Djerma_people,murdock,GRUNSHI,Grunshi,index,ethnic_entity_index,1
Djerma,Grunshi (Lele),keerthana_analysis,1,0,BurkinaFaso,,,,murdock,ZERMA,Djerma,index,https://commons.wikimedia.org/wiki/Category:Djerma_people,murdock,GRUNSHI,Grunshi,index,ethnic_entity_index,1
Djerma,Grunshi (Nunuma),keerthana_analysis,1,0,BurkinaFaso,,,,murdock,ZERMA,Djerma,index,https://commons.wikimedia.org/wiki/Category:Djerma_people,murdock,GRUNSHI,Grunshi,index,ethnic_entity_index,1
Djerma,Hausa,keerthana_analysis,1,0,BurkinaFaso,,,,murdock,ZERMA,Djerma,index,https://commons.wikimedia.org/wiki/Category:Djerma_people,murdock,HAUSA,Hausa,index,ethnic_entity_index,1
Djerma,Kurumba,keerthana_analysis,1,0,BurkinaFaso,,,,murdock,ZERMA,Djerma,index,https://commons.wikimedia.org/wiki/Category:Djerma_people,murdock,LILSE,Kurumba,index,https://www.101lasttribes.com/tribes/kurumba.html,1
Djerma,Moba,keerthana_analysis,1,0,BurkinaFaso,,,,murdock,ZERMA,Djerma,index,https://commons.wikimedia.org/wiki/Category:Djerma_people,murdock,MOBA,Moba,index,ethnic_entity_index,1
Djerma,Mossi,keerthana_analysis,1,0,BurkinaFaso,,,,murdock,ZERMA,Djerma,index,https://commons.wikimedia.org/wiki/Category:Djerma_people,murdock,MOSSI,Mossi,index,ethnic_entity_index,1
Djerma,Mossi (Nakomsé),keerthana_analysis,1,0,BurkinaFaso,,,,murdock,ZERMA,Djerma,index,https://commons.wikimedia.org/wiki/Category:Djerma_people,murdock,MOSSI,Mossi (Nakomsé),index,ethnic_entity_index,1
Djerma,Mossi (Yarse),keerthana_analysis,1,0,BurkinaFaso,,,,murdock,ZERMA,Djerma,index,https://commons.wikimedia.org/wiki/Category:Djerma_people,murdock,MOSSI,Mossi (Yarse),index,ethnic_entity_index,1
Djerma,Nadié,keerthana_analysis,1,0,BurkinaFaso,,,,murdock,ZERMA,Djerma,index,https://commons.wikimedia.org/wiki/Category:Djerma_people,,,Nadié,,,0
Djerma,Samo,keerthana_analysis,2,0,BurkinaFaso,,,,murdock,ZERMA,Djerma,index,https://commons.wikimedia.org/wiki/Category:Djerma_people,murdock,SAMO,Samo,index,ethnic_entity_index,1
Djerma,Tiwa,keerthana_analysis,1,0,BurkinaFaso,,,,murdock,ZERMA,Djerma,index,https://commons.wikimedia.org/wiki/Category:Djerma_people,,,Tiwa,,,0
Djerma,Venda,keerthana_analysis,1,0,BurkinaFaso,,,,murdock,ZERMA,Djerma,index,https://commons.wikimedia.org/wiki/Category:Djerma_people,murdock,VENDA,Venda,index,ethnic_entity_index,1
Djimini,GURO,icmid_sheet2,1,0,West Africa,"NEA, Madou. « Écriture et développement en Côte d'Ivoire ». ZAOULI, n°02 Spécial, décembre 2021, pp. 318-328. Enseignant-chercheur, Département de Théâtre et Traditions Populaires, ESTCA/INSAAC, Côte d'Ivoire. ISSN : 2788-9343.",Tableau 2 : Alliances inter-ethniques à plaisanterie,,,,Djimini,,,murdock,GURO,GURO,gis_exact,gis:murdock,0
Doe,ZARAMO,icmid_sheet2,1,0,East Africa,"“Joking Relationship in East Africa.” Africa 13, no. 2 (1940): 170–73. https://doi.org/10.1017/S0001972000003429.",,,,,Doe,,,murdock,ZARAMO,Zaramo,registry,bootstrapped from entity index polygon_ids,0
Dogon,Fulbe,keerthana_analysis,2,0,BurkinaFaso,,,,murdock,DOGON,Dogon,index,ethnic_entity_index,greg,FULBE,Fulbe,index,ethnic_entity_index,1
Dogon,Gourmantché,keerthana_analysis,2,0,BurkinaFaso,,,,murdock,DOGON,Dogon,index,ethnic_entity_index,murdock,GURMA,Gourmantché,index,https://en.wikipedia.org/wiki/Gurma_people,1
Dogon,Gourounsi,keerthana_analysis,1,0,BurkinaFaso,,,,murdock,DOGON,Dogon,index,ethnic_entity_index,murdock,GRUNSHI,Gourounsi,index,https://en.wikipedia.org/wiki/Gurunsi_people,1
Dogon,Gurmance,keerthana_analysis,1,0,BurkinaFaso,,,,murdock,DOGON,Dogon,index,ethnic_entity_index,murdock,GURMA,Gurmance,index,https://en.wikipedia.org/wiki/Gurma_people,1
Dogon,Kurumba,keerthana_analysis,2,0,BurkinaFaso,,,,murdock,DOGON,Dogon,index,ethnic_entity_index,murdock,LILSE,Kurumba,index,https://www.101lasttribes.com/tribes/kurumba.html,1
Dogon,Mossi,keerthana_analysis,1,0,BurkinaFaso,,,,murdock,DOGON,Dogon,index,ethnic_entity_index,murdock,MOSSI,Mossi,index,ethnic_entity_index,1
Dogon,Mossi (Yarse),keerthana_analysis,1,0,BurkinaFaso,,,,murdock,DOGON,Dogon,index,ethnic_entity_index,murdock,MOSSI,Mossi (Yarse),index,ethnic_entity_index,1
Dogon,Mossi (Yonyonse),keerthana_analysis,1,0,BurkinaFaso,,,,murdock,DOGON,Dogon,index,ethnic_entity_index,murdock,MOSSI,Mossi (Yonyonse),index,ethnic_entity_index,1
Dogon,Samo,keerthana_analysis,2,0,BurkinaFaso,,,,murdock,DOGON,Dogon,index,ethnic_entity_index,murdock,SAMO,Samo,index,ethnic_entity_index,1
Dogon,Senufo,keerthana_analysis,1,0,BurkinaFaso,,,,murdock,DOGON,Dogon,index,ethnic_entity_index,murdock,SENUFO,Senufo,index,ethnic_entity_index,1
Dogon,SONGHAI,icmid_sheet2;keerthana_analysis,3,0,BurkinaFaso,"https://shs.cairn.info/journal-cahiers-d-etudes-africaines-2006-4-page-883?lang=en , https://www.cambridge.org/core/journals/africa/article/abs/further-note-on-joking-relationships/D6D38D98BC31F077EE45FA81C5D66F79","Le cousinage est un pacte social scellé et inviolable qui lie deux clans à
l’intérieur de la même communauté (Traoré et Diarra ; Maïga et Touré) ou
entre deux groupes ethniques (Dogon et Songhay, Songhay et Mossi ; Bozo et
Dogon). Il a généralement un fondement idéologique et remonte dans
l’histoire des communautés. Il peut être aussi récent et volontaire (Maïga et
Coulibaly).",,murdock,DOGON,Dogon,index,ethnic_entity_index,murdock,SONGHAI,SONGHAI,index,ethnic_entity_index,1
Dogon,Tusyan,keerthana_analysis,1,0,BurkinaFaso,,,,murdock,DOGON,Dogon,index,ethnic_entity_index,murdock,TUSYAN,Tusyan,index,ethnic_entity_index,1
Dogon,White,llm_ehraf,1,0,WesternAfrica,/Dogon_Parin_506_NK,"For example, if an attitude of the analyst led to the fact that the analysand felt dependent on him, as on a patron, he might address a ritual joke to the White. This immediately restored his self-awareness and made possible another form of transference.",Text describes ritual/mock joking directed at a White as an institutionalized restorative mocking relationship.,murdock,DOGON,Dogon,index,ethnic_entity_index,geopr,57105000,White,gis_exact,gis:geopr,1
DOROSIE,Komono,icmid_sheet2,2,0,West Africa,"Youssouf DIALLO, « Identités et relations de plaisanterie chez les Peuls de l'ouest du Burkina Faso »,
Cahiers d’études africaines [En ligne], 184 | 2006, mis en ligne le 01 janvier 2008, consulté le 21
septembre 2021. URL : http://journals.openedition.org/etudesafricaines/15399 ; DOI : https://doi.org/
10.4000/etudesafricaines.15399","Nos interlocuteurs dogossié racontent qu’à
leur arrivée dans la région, les envahisseurs komono se seraient imposés
par la force aux autochtones dogossié en s’appropriant les instruments d’ex-
traction de l’or. Après une tentative de résistance, les Dogossié auraient fui
pour aller se réfugier dans des grottes, avant de conclure un pacte avec les
Komono. Ils utilisent aujourd’hui le terme konkaibe pour plaisanter avec
leurs voisins komono qu’ils appellent les « intrus ». Les Komono, quant à
IDENTITÉS CHEZ LES PEULS DU BURKINA 783
eux, désignent les Dogossié « gens du trou » en référence à leur couardise.
Cette forme de plaisanterie est la représentation de rapports de force passés
entre groupes d’une même unité politique.",,murdock,DOROSIE,DOROSIE,gis_exact,gis:murdock,murdock,KOMONO,KOMONO,gis_exact,gis:murdock,1
Dukawa males,Kamberi males,llm_ehraf,1,0,WesternAfrica,/Hausa_Salamone_92_NK,"For example, Kamberi and Dukawa males traditionally socialize with one another along age lines. They have a very well-developed joking relationship with one another.",Text states a well-developed joking relationship between Kamberi and Dukawa males; interethnic age-line joking.,,,Dukawa males,,,,,Kamberi males,,,0
Dukawa,Kamberi,keerthana_og;llm_ehraf,4,0,WesternAfrica,/Hausa_Salamone_121_NK | /Hausa_Salamone_40_NK | /Hausa_Salamone_45_NK,"The Dukawa, their closest friends, have tended to look down on the Kamberi for their “shyness” even while maintaining their joking relationship ( abokin wasar ) with them. | The Dukawa and Kamberi, in fact, have maintained a jokingrelationship with one another, stressing their traditional friendship and based on a common legend. As one would expect, the punch line of the legend varies, depending on the ethnic affiliation of the narrator. | It is suggestive that they provided wives for every ethnic group in Yauri except the Dukawa, who were already their allies and enjoyed a joking relationship with them. | [/Hausa_Salamone_121_NK:p1] Gods and goods in Africa Ethnic relations tended to be much the same in the nineteenth century as they had been in the earlier period, with the exceptions noted above. The Fulani tended to have the prestige attached to successful conquerors. Islam increased in prestige and the number of people becoming Muslims can safely be assumed to have increased. The Dukawa, who were victims of Fulani slave raids throughout the nineteenth century, resented both Islam and the Fulani. Their marriage patterns tended to keep them separate from other groups in the area, and their culture tended to be antithetical to Islam in general and Fulani in particular. The Kamberi tended to develop their “docility” in the nineteenth century as a result of the slave raids and their defeat at the hand of the Fulani adventurer Sambo (Balogun 1970: ; Mahdi, personal communication). They lost a large number of personnel in their resistance to Sambo and the slave raids. By adopting a non-aggressive attitude they seem to have lost a great deal of prestige. The Dukawa, their closest friends, have tended to look down on the Kamberi for their “shyness” even while maintaining their jokingrelationship ( abokin wasar ) with them. 3. The colonial period (to 1960) The British tended to reinforce existing ethnic relations in Yauri. They confirmed the political power of the ruling group as well - - as its consequent economic privileges and, in fact, strengthened and expanded both  1/2 ||| [/Hausa_Salamone_40_NK:p1] Gods and goods in Africa It is clear that the Dukawa and Kamberi languages are closely related. In fact, 000
so closely related are they that Gunn and Conant (1960) mistakenly identify Material Not Relevant
them as mutually intelligible. What was said above (pp. 33-34) regarding the
origin of the Kamberi is pertinent to that of the Dukawa. The Dukawa and
Kamberi, in fact, have maintained a jokingrelationship with one another,
stressing their traditional friendship and based on a common legend. As one
would expect, the punch line of the legend varies, depending on the ethnic
affiliation of the narrator. 10 The main area of Dukawa habitation within Yauri was Rijau -41- District, 000
since 1923 part of Kontagora Emirate. Rijau was the extreme northeastern Material Not Relevant
part of the Emirate. Within the district, the Dukawa had two major towns,
Dukku (from whence their name) and Iri (Mahdi 1968:33: Prazan n.d.:1;
NANK:K6099, Vols. I and II). Every Dukawa claims descent from one of these
two towns, which seem to have been part of a defense system against
endemic slave raids. The pressure of slave raids seems also to have caused
at least some Dukawa to move to Shanga District, west of Rijau District, and
since 1923 the easternmost extent of Yauri Emirate. The story in its Dukawa version relates the incident of a Kamberi found buried in the ground by an enemy who had killed all the other
Kamberi. The Kamberi at that time shaved all their hair. Thus, when the Dukawa tried to pull the man from the ground he could not. He
waited patiently until enough hair grew on the Kamberi’s head to enable him to yank him from the ground by the hair. To this day the
Kamberi shave all their head except for a longish knot at the top. The Kamberi laugh at anyone who tells them the Dukawa version and
claim that it was the Kamberi who saved the helples","Text explicitly names recurrent joking relationship between Dukawa and Kamberi (ethnic groups). | Text states a maintained joking relationship between the two ethnic groups based on a shared legend. | Text states Dukawa and Kamberi enjoyed a culturally recognized joking relationship between allied groups. | The Dukawa maintain a joking relationship with the Kamberi, called abokin wasar, despite looking down on them for their 'shyness'. | The text explicitly states the Dukawa maintain a joking relationship with the Kamberi, called abokin wasar, despite looking down on them for shyness. | The text explicitly states a joking relationship between Dukawa and Kamberi, emphasizing traditional friendship and a common legend, suggesting a symmetric relationship. | The text explicitly states a joking relationship between Dukawa and Kamberi based on a common legend, with reciprocal teasing evident in the story variations. | Merged with original row 26: row 26 adds categories: teasing_mockery; sym",,,Dukawa,,,murdock,KAMBERI,Kamberi,index,ethnic_entity_index,0
Dínl[unknown]a Mant[unknown]an,Hawiye,llm_ehraf,1,0,EasternAfrica,/Somali_Cerulli_1959_120_KS,"“The astuteness of the Dîhlä Mant[unknown]an and the ground under which one has dug are equally deep.”

“The cunning of the Dinlä Mant[unknown]an proceeds underground like a gallery dug under the ground, for instance, by the faranfar (the heterocephalus glaber, the rodent so widespread in the Somalian woodland).",Ethnographer records proverb comparing Dinlä Mantan's cunning; recurring cultural proverb mocks that lineage.,,,Dínl[unknown]a Mant[unknown]an,,,,,Hawiye,,,0
each other,people of different dialect groups,llm_ehraf,1,0,WesternAfrica,/Dogon_Calame_450_NK,It is the same with “village taunts” exchanged by people of different dialect groups when they meet. Straight away they stamp their dialogue with a merry spirit.,"Text explicitly notes 'village taunts' exchanged by different dialect groups when they meet as a patterned, merry dialogic practice.",,,each other,,,,,people of different dialect groups,,,0
esimbore singers,Kipsigis,llm_ehraf,1,0,EasternAfrica,/Gusii_Mayer_1952_15_KS,"When one or two groups of novices have been dealt with, the circumciser leads off the singing of the esimbore. ... The song enumerates, as will be seen, things unmentionable for initiated males, except as deliberate or joking insults.
...
Orwane Sigisi, orwane Sigisi! Fight the Kipsigis, fight th",Song during initiation includes ritualized taunts naming Kipsigis; recurrent communal singing suggests institutionalized teasing between groups.,,,esimbore singers,,,,,Kipsigis,,,0
Ethnies du sud-ouest,Malinke,keerthana_analysis,1,0,BurkinaFaso,,,,,,Ethnies du sud-ouest,,,murdock,MALINKE,Malinke,index,ethnic_entity_index,0
Ethnies du sud-ouest,Senufo,keerthana_analysis,1,0,BurkinaFaso,,,,,,Ethnies du sud-ouest,,,murdock,SENUFO,Senufo,index,ethnic_entity_index,0
Ethnies du sud-ouest,Wara,keerthana_analysis,1,0,BurkinaFaso,,,,,,Ethnies du sud-ouest,,,murdock,WARA,Wara,index,ethnic_entity_index,0
Ethnies du sud-ouest,Zerma,keerthana_analysis,1,0,BurkinaFaso,,,,,,Ethnies du sud-ouest,,,murdock,ZERMA,Zerma,index,ethnic_entity_index,0
Europeans,farm Bushmen,llm_ehraf,1,0,SouthernAfrica,/san_guenther_166_sv,"Carstens (1971: –43) has noted this paradoxical psychological reaction in other situations of dependence and dominance—among South African and Canadian reserve dwellers—and discusses a variety of mechanisms of curbing aggression (such as joking behaviour between members of the two groups, work sabotage, and direction of overt aggression unto members of ones own group).",Text reports recurring joking between the two groups as a mechanism curbing aggression; cross-group institutionalized teasing.,,,Europeans,,,,,farm Bushmen,,,0
Europeans,Nubians,llm_ehraf,1,0,NorthernAfrica,/Nubians_Kennedy_1977_55_KS,"Indeed, the men of Kanuba joke about the sexual propensities of other nationalities and ethnic groups and say that Nubian men and European women make good partners because the sexual desires of each are strong compared with their counterparts in their own groups.","Document says Kanuba men habitually joke about other nationalities, specifically Nubian men joking about Europeans; cross-group patterned teasing.",,,Europeans,,,greg,NUBIANS,Nubians,index,ethnic_entity_index,0
Familial,KARAMOJONG,icmid_sheet2,1,0,East Africa,https://www.jstor.org/stable/43294235,,,,,Familial,,,murdock,KARAMOJONG,KARAMOJONG,gis_exact,gis:murdock,0
Folma,Lobi,keerthana_analysis,1,0,BurkinaFaso,,,,,,Folma,,,murdock,LOBI,Lobi,index,ethnic_entity_index,0
FON,Yoruba,icmid_sheet2,1,0,West Africa,"Bio Bigou Bani Léon. “Les rapports sociaux, politiques, économiques, culturels et cultuels entre les Shabè et d’autres groupes socioculturels : les formes des pratiques et expressions de la parenté à plaisanterie entre les Shàbè et les Baatombu du Bénin et du Nigeria.” In Rapport final du Symposium culturel de Yaoui, 42–49. Abomey-Calavi: Laboratoire d’Étude des Dynamiques Urbaines et Régionales (LEDUR), Université d’Abomey-Calavi.","Dans cette partie du Bénin, il existe cette parenté à plaisanterie entre les peuples ci-
après : (i) Fon (à l‟intérieur de la collectivité et des clans) ; (ii) entre Fon et
Yorouba en remontant à leurs périodes de conflits armés du 17ème au à la première
moitié du 19ème siècle ; (iii) entre Xwla et Hueda (rapport de cousinage où le
premier se considère comme le plus grand que le second) ; (iv) Ayizo et Bopagbe
(Ayizo se considérant comme le plus grand et plus ancien que Bopagbe), (v) entre
Ayizo et Fon….",,murdock,FON,Fon,registry,bootstrapped from entity index polygon_ids,murdock,YORUBA,Yoruba,index,ethnic_entity_index,1
Forgerons,Fulbe,keerthana_analysis,1,0,BurkinaFaso,,,,,,Forgerons,,,greg,FULBE,Fulbe,index,ethnic_entity_index,0
Forgerons,Gourmantché,keerthana_analysis,1,0,BurkinaFaso,,,,,,Forgerons,,,murdock,GURMA,Gourmantché,index,https://en.wikipedia.org/wiki/Gurma_people,0
Forgerons,Kurumba,keerthana_analysis,1,0,BurkinaFaso,,,,,,Forgerons,,,murdock,LILSE,Kurumba,index,https://www.101lasttribes.com/tribes/kurumba.html,0
Forgerons,Mossi,keerthana_analysis,1,0,BurkinaFaso,,,,,,Forgerons,,,murdock,MOSSI,Mossi,index,ethnic_entity_index,0
Forgerons,Mossi (Yarse),keerthana_analysis,1,0,BurkinaFaso,,,,,,Forgerons,,,murdock,MOSSI,Mossi (Yarse),index,ethnic_entity_index,0
Forgerons,Mossi (Yonyonse),keerthana_analysis,1,0,BurkinaFaso,,,,,,Forgerons,,,murdock,MOSSI,Mossi (Yonyonse),index,ethnic_entity_index,0
Forgerons,Peul (Toucouleurs),keerthana_analysis,1,0,BurkinaFaso,,,,,,Forgerons,,,geopr,PEUL,Peul (Toucouleurs),index,ethnic_entity_index,0
Forgerons,SONGHAI,keerthana_analysis,1,0,BurkinaFaso,,,,,,Forgerons,,,murdock,SONGHAI,SONGHAI,index,ethnic_entity_index,0
Fulani,GURO,icmid_sheet2,1,0,West Africa,"NEA, Madou. « Écriture et développement en Côte d'Ivoire ». ZAOULI, n°02 Spécial, décembre 2021, pp. 318-328. Enseignant-chercheur, Département de Théâtre et Traditions Populaires, ESTCA/INSAAC, Côte d'Ivoire. ISSN : 2788-9343.",Tableau 2 : Alliances inter-ethniques à plaisanterie,,greg,FULBE,Fulbe,registry,bootstrapped from entity index polygon_ids,murdock,GURO,GURO,gis_exact,gis:murdock,1
Fulani,Hausa,llm_ehraf,1,0,WesternAfrica,/Kanuri_Cohen_73_NK,"Joking relations also hold between clans such as Ngala’s and Magumi; Nguma and T[unknown]ara; Kuburi and T[unknown]ara; Su’urti and Kuburi; or between ethnic groups like Shuwa and Kanuri; Kurdi and Shuwa; Hausa and Fulani; Kanuri and Fulani; Tubu and Monga; Monga and B[unknown]adde; Kanembu and Wasili (Arabs). In the above relationships which seem in all cases to cover an area of interrelations involving potential conflicts, the joking takes the form (usually) of the grandparent-grandchild relationship.",Ethnic groups explicitly paired as having joking relations.,greg,FULBE,Fulbe,registry,bootstrapped from entity index polygon_ids,murdock,HAUSA,Hausa,index,ethnic_entity_index,1
Fulani,Kanuri,icmid_sheet1;llm_ehraf,2,0,WesternAfrica,/Kanuri_Cohen_73_NK | https://www.academia.edu/31144173/An_Anthropological_Analysis_of_Fulani_5_doc,"Joking relations also hold between clans such as Ngala’s and Magumi; Nguma and T[unknown]ara; Kuburi and T[unknown]ara; Su’urti and Kuburi; or between ethnic groups like Shuwa and Kanuri; Kurdi and Shuwa; Hausa and Fulani; Kanuri and Fulani; Tubu and Monga; Monga and B[unknown]adde; Kanembu and Wasili (Arabs). In the above relationships which seem in all cases to cover an area of interrelations involving potential conflicts, the joking takes the form (usually) of the grandparent-grandchild relationship.","Explicit listing of Kanuri–Fulani joking relations. | Fulani - GeoPR, Kanuri - Murdock",greg,FULBE,Fulbe,registry,bootstrapped from entity index polygon_ids,murdock,KANURI,Kanuri,index,ethnic_entity_index,1
Fulani,Kanuri (Barebare),llm_ehraf,1,0,WesternAfrica,/Hausa_Baba_24_NK,"The second classification of Hausa marriages distinguishes primarily
between marriages of kinship or quasi-kinship and marriages between

unrelated persons. The former type ( auren zumunci, auren dangintaka )
includes all forms of cousin-marriage, and holds between members of
different occupational or even ethnic groups which are defined as joking
relations, such as the Fulani and the Kanuri (Barebare).",Text explicitly calls Fulani–Kanuri a culturally defined 'joking relation' between ethnic groups.,greg,FULBE,Fulbe,registry,bootstrapped from entity index polygon_ids,murdock,KANURI,Kanuri (Barebare),index,ethnic_entity_index,1
Fulani,pastoralists and blacksmiths,icmid_sheet1,1,0,,https://journals.unza.zm/index.php/zjh/article/view/1376/971,,,greg,FULBE,Fulbe,registry,bootstrapped from entity index polygon_ids,,,pastoralists and blacksmiths,,,0
Fulani,SONGHAI,icmid_sheet2,1,0,West Africa,https://www.academia.edu/49184471/Introduction_joking_kinship_1258_,,,greg,FULBE,Fulbe,registry,bootstrapped from entity index polygon_ids,murdock,SONGHAI,SONGHAI,index,ethnic_entity_index,1
Fulani,Tiv,icmid_sheet2;llm_ehraf,3,0,WesternAfrica,/tiv_12_nk | /tiv_1_nk | https://books.google.fr/books?hl=en&lr=&id=McgNDgAAQBAJ&oi=fnd&pg=PT15&dq=Tiv+fulani+joking&ots=MRhRN4WCjf&sig=ygOfuiEjy-hmr653O74Gb9Uk7ec&redir_esc=y#v=onepage&q&f=false,"Tiv in almost all parts of Tivland say today that they came into their present
country from the south-east. While they were “ coming down ” ( sen, that is,
going north-west) they met the Fulani, with whom they lived for a time and
from whom they parted peacefully. As evidence they cite the present “ joking
relationship ” ( sengen ) between Tiv and Fulani. | ""Coming down,"" as they put it, they met the Fulani, with whom they still recognize a joking relationship. | “joking relationship” (sengen) between Tiv and Fulani",Text explicitly names a recurrent joking relationship (sengen) between Tiv and Fulani; cross-ethnic partners. | Text explicitly states a recurring joking relationship between Tiv and Fulani—an institutionalized interethnic tie.,greg,FULBE,Fulbe,registry,bootstrapped from entity index polygon_ids,murdock,TIV,Tiv,index,ethnic_entity_index,1
Fulbe (WoDaaBe),Kanuri,keerthana_og,1,0,WesternAfrica,,"[/Fulani_Kaartinen_7_NK:p3] In several instances, this form of marital alliance has also served as a way of defining a hierarchy between the Wodaabe and people from other ethnic groups. Ancient marriages8 between Wodaabe headmen and their Beriberi and Kanouri neighbors, as well as between Wodaabe and the slaves they acquired during the period of jihad, have remained as a basis of dendiraagal between Woodaabe and their ancient allies and serfs (ibid.: 27, 29, 37, ; 1970, ).  3/3",Dendiraagal joking relationship or alliance between Wodaabe and Kanouri as ancient allies.,greg,FULBE,Fulbe (WoDaaBe),index,ethnic_entity_index,murdock,KANURI,Kanuri,index,ethnic_entity_index,1
Fulbe (Wodaabe),Kanuri (Beriberi),keerthana_og,1,0,WesternAfrica,,"[/Fulani_Kristin_159_NK:p1] The bush is sweet As in the bush, negative stereotypes of people from other ethnicities, are frequently expressed, such as that Hausa are dishonest and that Tuaregs are thieves and dangerous. It is generally an insult to say to another WoDaaBe that he or she looks or behaves like a member of another ethnic group. Young men, for example, who stand in culturally defined joking-relationships (either in the same age group or cross-cousins) often refer to one another as Hausa or Tuaregs, intended then as a friendly insult. Too much association with members of other ethnic groups in the city is furthermore generally criticized and mocked. If people of other ethnicities greet me while I am tagging along with WoDaaBe friends when they go places to do hair dressing, my friends firmly tell me not to reply, explaining “these are Hausa” or “ Tuaregs” thus “not our people.” WoDaaBe endogamous practices, the prefered form of marriage being with one's cross-cousins, show in themselves the strong emphasis on maintaining separation from those defined as ethnic others. WoDaaBe are of course not alone in holding stereotypical views of other ethnic groups. People from other ethnicities also express stereotypes about the WoDaaBe (Dupire 1971[1960]:48; Horowitz 1972: ). Interrelations with the Beriberi in Niamey are characterized by a joking-relationship, which is similar to that between WoDaaBe cross-cousins (Dupire 1962a:27).61 WoDaaBe stereotypes of Hausa and Tuaregs do, however, not always correspond with actual relations between individuals of different ethnicities. At a name giving ceremony the mother invited several Hausa women who were “her friends.” They were given honoree positions at the festival, and treated in all ways as honorable guests. My male friends also introduced me many times to Hausa and Tuaregs who had been their friends for a long time. 61 Dupire mentions that the origin myth of the WoDaaBe lineage group Bi-utejo includes a narrative of the Beriberi. The Beriberi are sai
to have lived with the WoDaaBe, luring cows from water with fire and entrusting them to WoDaaBe, thus making the Beriberi and Bororo
 1/2",The text states interrelations with the Beriberi in Niamey are characterized by a joking-relationship similar to that between WoDaaBe cross-cousins. | Merged with original row 44: symmetry differs (row 38: unclear / row 44: symmetric),greg,FULBE,Fulbe (Wodaabe),index,ethnic_entity_index,murdock,KANURI,Kanuri (Beriberi),index,ethnic_entity_index,1
Fulbe,Gourmantché,keerthana_analysis,2,0,BurkinaFaso,,,,greg,FULBE,Fulbe,index,ethnic_entity_index,murdock,GURMA,Gourmantché,index,https://en.wikipedia.org/wiki/Gurma_people,1
Fulbe,Gourounsi,keerthana_analysis,2,0,BurkinaFaso,,,,greg,FULBE,Fulbe,index,ethnic_entity_index,murdock,GRUNSHI,Gourounsi,index,https://en.wikipedia.org/wiki/Gurunsi_people,1
Fulbe,Gourounsi (Ko),keerthana_analysis,1,0,BurkinaFaso,,,,greg,FULBE,Fulbe,index,ethnic_entity_index,murdock,GRUNSHI,Gourounsi (Ko),index,ethnic_entity_index,1
Fulbe,Hausa,keerthana_analysis;keerthana_og,2,0,WesternAfrica,,"[/Hausa_Smith_46_NK:p1] The affairs of Daura Throne slaves were important administrative and political agents in all Hausa and Fulani chiefdoms during the last century. However, to my knowledge, besides Fulani and Hausa Daura, only Hadeija allowed intermarriage between official slaves and the chief’s kinswomen. At Zaria, Katsina, Kano, and Sokoto, the ruling Fulani refused to allow their kinswomen to marry slaves. Apparently at Daura such marriages between the dynasty and senior slave staff antedated the jihad. Thus by recognizing such marriages, the Kuninkawa Fulani who ruled western Daura after Malam Ishi’aka’s death apparently adopted the practice of their Hausa predecessors. Kinship at Daura As remarked above, the Hausa of Daura stress agnatic descent and are organized in patrilineages of varying depth and extent. For the pagan Hausa or Maguzawa, patrilineages are also the primary units of social organization; but Maguzawa patrilineages are localized, exogamous, and differentiated  47 ritually by their relations with particular localities and spirits. Among Muslim Hausa and Fulani, lineages are neither exogamous nor localized, and cousin marriages are preferred. Following Islamic models, Fulani prefer to arrange marriages between brothers’ children, while Muslim Hausa prefer cross-cousin marriages of either type. In both the Fulani and Hausa kinship systems, cross-cousins are joking relations whose relationship involves privileged familiarity. Accordingly, Fulani and Hausa rulers like to appoint cross-cousins to their staffs, thus converting these warm and solidary kinship relations to political use. Isolated by office, rank, and political interests from  1/2","The text states that in both Fulani and Hausa kinship systems, cross-cousins are joking relations involving privileged familiarity. | Text states cross-cousins in both Fulani and Hausa kinship systems are joking relations involving privileged familiarity.",greg,FULBE,Fulbe,index,ethnic_entity_index,murdock,HAUSA,Hausa,index,ethnic_entity_index,1
Fulbe,Hausa (Maouri),keerthana_analysis,1,0,BurkinaFaso,,,,greg,FULBE,Fulbe,index,ethnic_entity_index,murdock,HAUSA,Hausa (Maouri),index,ethnic_entity_index,1
Fulbe,Hel Koreish,keerthana_analysis,1,0,BurkinaFaso,,,,greg,FULBE,Fulbe,index,ethnic_entity_index,,,Hel Koreish,,,0
Fulbe,Jalgoobo,keerthana_analysis,1,0,BurkinaFaso,,,,greg,FULBE,Fulbe,index,ethnic_entity_index,,,Jalgoobo,,,0
Fulbe,Kanuri,icmid_sheet2;keerthana_og,3,0,WesternAfrica,"Lake Chad and the migratory routes
  to Borno: a linguistic trail?
  Doris LÖHR","[/Hausa_Baba_102_NK:p1] Baba of Karo, a woman of the Muslim Hausa CHAPTER VI I MARRY MY COUSIN DUMA When I was about fourteen years old it was time for me to be married; I had grown up with our six ‘fathers’, the sons of Ibrahim Dara and his younger brother Maidamishi, and when the time came they arranged my marriage within the family, a marriage of kinsfolk. I was married to Duma the son of Sidi; Sidi was the son of my grandfather Mai Yana, Mai Yana and Ibrahim Dara being the sons of two brothers. I called Sidi ‘father’ and his son Duma was my elder brother; I called him ‘Yaya’. Duma’s father Sidi and my father put their heads together, the elder brother said to my father, ‘We will marry them to one another’, and his younger brother replied ‘Very well’. They were always arranging marriages between kinsfolk in our family, everyone married his kinswoman and took her to his compound. My mother was dead at that time, and my father’s sister Rabi was like my mother, but she had been kidnapped. My father sent for me and I went to him and curtsied. ‘Your kinsman desires you,’ he said; ‘I also desire him,’ I replied. Dabo, the son of Sarkin Zarewa our town chief, loved me and I wanted him, but my family would not agree to our marrying, they did not like titles and title- holders; they were farmers, they liked their daughters to marry farmers.( ) We often married into the families of blacksmiths, too; blacksmiths are the farmers’ friends, they make our tools. Blacksmiths and farmers like to join their children in marriage.( ) But the chief of the town was a Fulani, and we are Kado—Habe, the people who have been here since long before the Fulani came; Habe are free, not like a dimajo or a bacucane, they are two names for the same thing—the son of a slave, a man born in captivity. We came from Bornu but we were like Habe, and my family did not like to marry  1/2 ||| [/Hausa_Baba_102_NK:p2] into families who  held ruling titles, in spite of the fact that Bornu people and Fulani are joking relations—Barebare and Fulani. ( ) That was why could not marry Sarkin Zarewa’s son. There was also Malam Maigari who wished to marry me, I promised him I would come to him later. Hausa girls are usually married when thirteen or fourteen years old, rarely at fifteen. A girl’s parents often try to arrange for her to marr
one of her kinsmen, paternal or maternal, in the kind of marriage known as auren zumunci, as Baba’s father did.
Rabi took the place of Baba’s mother after her own mother’s death, and Baba often referred to her as ‘my mother’ in the real as well as
the classificatory sense.
Her father’s people were primarily farmers, and in addition many of them were mallams (Koranic scholars).
Blacksmiths and farmers—preferred marriage between occupational groups.
A conflict of institutionalized relations was here involved; as joking-relations of the Fulani, it was proper for Baba’s kin to give her to th
Zarewa chiefs; but as malams and farmers there was an opposition of interest and occupational class between them and the town
chief.  2/2 ||| [/Hausa_Baba_102_NK:p2] into families who  held ruling titles, in spite of the fact that Bornu people and Fulani are joking relations—Barebare and Fulani. ( ) That was why could not marry Sarkin Zarewa’s son. There was also Malam Maigari who wished to marry me, I promised him I would come to him later. Hausa girls are usually married when thirteen or fourteen years old, rarely at fifteen. A girl’s parents often try to arrange for her to marr
one of her kinsmen, paternal or maternal, in the kind of marriage known as auren zumunci, as Baba’s father did.
Rabi took the place of Baba’s mother after her own mother’s death, and Baba often referred to her as ‘my mother’ in the real as well as
the classificatory sense.
Her father’s people were primarily farmers, and in addition many of them were mallams (Koranic scholars).
Blacksmiths and farmers—preferred marriage between occupational groups.
A conflict of institutionaliz","Text states Bornu people and Fulani are joking relations, named Barebare and Fulani. | Text explicitly states Bornu people and Fulani are joking relations, named Barebare and Fulani. | Mentioned in context_prev as joking relations. | Text states Fulani and Kanuri are defined as joking relations, but does not specify symmetry. | Text states Fulani and Kanuri (Barebare) are defined as joking relations.",greg,FULBE,Fulbe,index,ethnic_entity_index,murdock,KANURI,Kanuri,index,ethnic_entity_index,1
Fulbe,Kanuri (Beriberi),keerthana_og,1,0,WesternAfrica,,"[/Hausa_Beik_215_NK:p2] In Talala Mai Kaman Sake , the Troupe Amadou Dan Bassa incorporates other traditional, respected roles, those of the religious scholars, the malams , as well as the head of the samariya (Mai Samari) and the judge (Juju). ( 32 ) In the opening scene, Mai Samari reconciles a dispute between two members of the samariya who should have a jokingrelationship with each other ( wasan nangi ). Mai Samari draws out the example of different ethnic groups within Niger having a chain of such relationships with one another: Mai Samari: Haven’t you got that in your head? If he curses you, it’s not you he’s cursing. If you notice, if you go from here in the east to the west, our country is all one and the same. Listen to me carefully now. In this country the Beriberi joke with the Fulani, right? Musa: Yes. Mai Samari: If you continue, you’ll meet up with the Gwari who jokes with the man from Gobir, if you go even further, you’ll meet the man from Katsina who jokes with the man from Gobir, you go even further, you’ll see the man from the Arewa joking with the man from Adar ... (...) Look and you’ll see all of our country has the same mother, the same father, if you go [anywhere] they’ll tell you this people and that one have a joking relationship. (Scene 1) ( 33 ) This speech provides one of the central didactic points of the play, emphasizing traditional relationships as the basis of national unity and harmony. Audiences expect this sort of wise pronouncement from a community leader like Mai Samari. The actor chosen for the role,  Kaïlou Bako, a middle-aged man with impressive public-speaking ability, performed in accordance with those expectations, lending weight to the message of his lecture. ( 34 ) Talala Mai Kaman Sake , performance by the Troupe Amadou Dan Bassa of Zinder at the National Festival in Diffa, Niger, 8 April 1981.
Talala Mai Kaman Sake , Scene 1. The transcription is mine with help from Yazi Dogo; the English translation is mine. The original
Hausa:
Mai Samari: Ba ka sa wannan a kanka? In ya zage ka ai ba kai ba ya zaga. Ai in ka lura, a ka dauka daga nan gabas
zuwa yamma, [unknown]kasar wannan tamu kap! Gaba [unavailable]ayanta. Ka ji ko ka shurareni hwa! A nan
[unknown]kasar nan, Baribari yana wasa da bahulatani. Ka ji ko?
Musa: To.
Mai Samari: In ka yi gaba, za ka tarda Baduwari yana wasa da Bagobiri, ka[unknown] kara yin gaba, ka tarda
Bakatsine yana wasa da Bagobiri, ka [unknown]kara yin gaba, ka gan da Ba’are yana wasa da Ba’adare...
(...) Ba ka duba ka ga [unknown]kasar tamu duk uwammu daya, ubammu [unknown]daya, an ka je an ce mutum
wane da wane suna wasan nangi.
Talala Mai Kaman Sake , performances in Tanout (9 March 1981), Diffa (8 April 1981), and Maradi (1 September 1981).  2/3","Explicitly stated as a joking relationship between Beriberi and Fulani, with the local term 'wasan nangi' used for joking relationship.",greg,FULBE,Fulbe,index,ethnic_entity_index,murdock,KANURI,Kanuri (Beriberi),index,ethnic_entity_index,1
Fulbe,Kurumba,keerthana_analysis,1,0,BurkinaFaso,,,,greg,FULBE,Fulbe,index,ethnic_entity_index,murdock,LILSE,Kurumba,index,https://www.101lasttribes.com/tribes/kurumba.html,1
Fulbe,Lounssé,keerthana_analysis,1,0,BurkinaFaso,,,,greg,FULBE,Fulbe,index,ethnic_entity_index,,,Lounssé,,,0
Fulbe,Malinke,keerthana_analysis,1,0,BurkinaFaso,,,,greg,FULBE,Fulbe,index,ethnic_entity_index,murdock,MALINKE,Malinke,index,ethnic_entity_index,1
Fulbe,Maranse,keerthana_analysis,1,0,BurkinaFaso,,,,greg,FULBE,Fulbe,index,ethnic_entity_index,,,Maranse,,,0
Fulbe,Mossi,keerthana_analysis,2,0,BurkinaFaso,,,,greg,FULBE,Fulbe,index,ethnic_entity_index,murdock,MOSSI,Mossi,index,ethnic_entity_index,1
Fulbe,Mossi (Yarse),keerthana_analysis,2,0,BurkinaFaso,,,,greg,FULBE,Fulbe,index,ethnic_entity_index,murdock,MOSSI,Mossi (Yarse),index,ethnic_entity_index,1
Fulbe,Mossi (Yonyonse),keerthana_analysis,1,0,BurkinaFaso,,,,greg,FULBE,Fulbe,index,ethnic_entity_index,murdock,MOSSI,Mossi (Yonyonse),index,ethnic_entity_index,1
Fulbe,Peul (Jaawambe),keerthana_analysis,1,0,BurkinaFaso,,,,greg,FULBE,Fulbe,index,ethnic_entity_index,geopr,PEUL,Peul (Jaawambe),index,ethnic_entity_index,1
Fulbe,Peul (peul torobé),keerthana_analysis,1,0,BurkinaFaso,,,,greg,FULBE,Fulbe,index,ethnic_entity_index,geopr,PEUL,Peul (peul torobé),index,ethnic_entity_index,1
Fulbe,Peul (peul-diandé),keerthana_analysis,1,0,BurkinaFaso,,,,greg,FULBE,Fulbe,index,ethnic_entity_index,geopr,PEUL,Peul (peul-diandé),index,ethnic_entity_index,1
Fulbe,Poéssé,keerthana_analysis,1,0,BurkinaFaso,,,,greg,FULBE,Fulbe,index,ethnic_entity_index,,,Poéssé,,,0
Fulbe,Samo,keerthana_analysis,2,0,BurkinaFaso,,,,greg,FULBE,Fulbe,index,ethnic_entity_index,murdock,SAMO,Samo,index,ethnic_entity_index,1
Fulbe,Sekkeebè,keerthana_analysis,1,0,BurkinaFaso,,,,greg,FULBE,Fulbe,index,ethnic_entity_index,,,Sekkeebè,,,0
Fulbe,Senufo,keerthana_analysis,1,0,BurkinaFaso,,,,greg,FULBE,Fulbe,index,ethnic_entity_index,murdock,SENUFO,Senufo,index,ethnic_entity_index,1
Fulbe,SONGHAI,keerthana_analysis,1,0,BurkinaFaso,,,,greg,FULBE,Fulbe,index,ethnic_entity_index,murdock,SONGHAI,SONGHAI,index,ethnic_entity_index,1
Fulbe,Soninké,keerthana_analysis,1,0,BurkinaFaso,,,,greg,FULBE,Fulbe,index,ethnic_entity_index,,,Soninké,,,0
Fulbe,Tiv,keerthana_og,1,0,WesternAfrica,,"[/tiv_12_nk:p1] The Tiv of central Nigeria HISTORY AND TRADITIONS OF ORIGIN TRADITIONS OF ORIGIN Tiv in almost all parts of Tivland say today that they came into their present country from the south-east. While they were “ coming down ” ( sen, that is, going north-west) they met the Fulani, with whom they lived for a time and from whom they parted peacefully. As evidence they cite the present “ joking relationship ” ( sengen ) between Tiv and Fulani. After leaving the Fulani, Tiv say, their forefathers had various adventures with the “ Bush Tribes ” before they finally emerged into the plains where they live today. Tiv postulate that long ago, when they were few in number, all Tiv lived in a single large community on top of a hill which they locate to the south-east. Just which hill this may have been is, however, a matter of dispute. Most agree that it was not Swem Hill (on most maps, Ngol Kedju in the Cameroons), but that they passed by Swem on the way down (and Swem holds a unique position in Tiv legend and religion). Akiga, and he gives a widely held version, says the hill was Ibenda, a hill with two summits in what is today Turan. There are several hills in Ikurav Ya (including Bar), which are said to be this original home in Tivland, while other equally knowledgeable elders in the southern areas claim that it was Iwokungun in what is today Takum District, Wukari Division. A few people in Kunav assert that this original settlement was on Ngokuv, a hill in Shangev Ya, but the majority say that the settlement on Ng[unknown]kuv was at a much later date and involved only one large segment of the Tiv, Jechira. People to the north and west, in Masev  1/2 ||| [/tiv_1_nk:p2] especially in southern Tivland, are as high as 1, meters. The undulating plains of tall grasses (as much as 3 meters high), dotted with savanna trees, lose elevation until they reach the Benue, at about to meters. The Tiv, who are an expanding people, are well along in their occupation of the similar plain that extends northward from the river toward the Jos Plateau. DEMOGRAPHY The earliest estimate of the Tiv population, in 1933, was , . In 1950 the count was about , . By 1990, the figure had climbed to more than a million. The density of population in Tivland in 1950 was about per square kilometer, but that figure is misleading. In the southern area, where the Tiv reside adjacently with the small groups of peoples they know collectively as the Udam, the density rises to at least 1, per square kilometer. LINGUISTIC AFFILIATION There is a single Tiv language intelligible to all, although regional dialects allow one to distinguish the area from which a person comes. The language is classified as the only example of its subdivision (on the same level as Bantu languages) of the Niger-Congo Language Family. HISTORY AND CULTURAL RELATIONS The Tiv say they emerged into their present location from the southeast. ""Coming down,"" as they put it, they met the Fulani, with whom they still recognize a joking relationship. The earliest recorded European contact was in 1852, when Tiv were found on the banks of the Benue. In 1879 their occupation of the riverbanks was about the same as in 1950. British occupying forces entered Tivland from the east in 1906, when they were called in to protect a Hausa and Jukun enclave that Tiv had attacked. The Tiv said in 1950 that they had defeated this British force, then later invited the British in. The first British patrols of southern Tivland did not occur until 1911, which the southern Tiv refer to as the British ""eruption."" This year also marked the first arrival of Dutch Reformed missionaries from South Africa; they were joined, and then succeeded, by US Protestants in the 1940s and 1950s. Catholic missions arrived in the 1920s. The early administration, coming as it did from the east where Tiv had come under the influence (but not the hegemony) of Jukun and Hausa kingdoms, established ""District Heads,"" who were influential men to ","The text explicitly states a joking relationship called 'sengen' between Tiv and Fulani, but does not specify if it is symmetric or not. | The text explicitly states a joking relationship called 'sengen' between Tiv and Fulani, but does not specify if it is symmetric or non-symmetric. | The text states the Tiv and Fulani have a joking relationship, but does not specify if it is symmetric or non-symmetric. | The text states the Tiv and Fulani 'still recognize a joking relationship' but does not specify symmetry or local term.",greg,FULBE,Fulbe,index,ethnic_entity_index,murdock,TIV,Tiv,index,ethnic_entity_index,1
Fulbe,Tuaregs,keerthana_analysis,1,0,BurkinaFaso,,,,greg,FULBE,Fulbe,index,ethnic_entity_index,greg,TUAREGS,Tuaregs,index,ethnic_entity_index,1
Fulbe,Tusyan,keerthana_analysis,1,0,BurkinaFaso,,,,greg,FULBE,Fulbe,index,ethnic_entity_index,murdock,TUSYAN,Tusyan,index,ethnic_entity_index,1
Fulbe,Venda,keerthana_analysis,1,0,BurkinaFaso,,,,greg,FULBE,Fulbe,index,ethnic_entity_index,murdock,VENDA,Venda,index,ethnic_entity_index,1
Fulbe,Waygallo,keerthana_analysis,1,0,BurkinaFaso,,,,greg,FULBE,Fulbe,index,ethnic_entity_index,,,Waygallo,,,0
Ganzirsi,Mossi,keerthana_analysis,1,0,BurkinaFaso,,,,,,Ganzirsi,,,murdock,MOSSI,Mossi,index,ethnic_entity_index,0
Gan,Senufo,keerthana_analysis,1,0,BurkinaFaso,,,,murdock,GAN,Gan,index,ethnic_entity_index,murdock,SENUFO,Senufo,index,ethnic_entity_index,1
Gan,Zerma,keerthana_analysis,1,0,BurkinaFaso,,,,murdock,GAN,Gan,index,ethnic_entity_index,murdock,ZERMA,Zerma,index,ethnic_entity_index,1
Gbari,Hausa (Gobir),keerthana_og,1,0,WesternAfrica,,"[/Hausa_Beik_215_NK:p2] In Talala Mai Kaman Sake , the Troupe Amadou Dan Bassa incorporates other traditional, respected roles, those of the religious scholars, the malams , as well as the head of the samariya (Mai Samari) and the judge (Juju). ( 32 ) In the opening scene, Mai Samari reconciles a dispute between two members of the samariya who should have a jokingrelationship with each other ( wasan nangi ). Mai Samari draws out the example of different ethnic groups within Niger having a chain of such relationships with one another: Mai Samari: Haven’t you got that in your head? If he curses you, it’s not you he’s cursing. If you notice, if you go from here in the east to the west, our country is all one and the same. Listen to me carefully now. In this country the Beriberi joke with the Fulani, right? Musa: Yes. Mai Samari: If you continue, you’ll meet up with the Gwari who jokes with the man from Gobir, if you go even further, you’ll meet the man from Katsina who jokes with the man from Gobir, you go even further, you’ll see the man from the Arewa joking with the man from Adar ... (...) Look and you’ll see all of our country has the same mother, the same father, if you go [anywhere] they’ll tell you this people and that one have a joking relationship. (Scene 1) ( 33 ) This speech provides one of the central didactic points of the play, emphasizing traditional relationships as the basis of national unity and harmony. Audiences expect this sort of wise pronouncement from a community leader like Mai Samari. The actor chosen for the role,  Kaïlou Bako, a middle-aged man with impressive public-speaking ability, performed in accordance with those expectations, lending weight to the message of his lecture. ( 34 ) Talala Mai Kaman Sake , performance by the Troupe Amadou Dan Bassa of Zinder at the National Festival in Diffa, Niger, 8 April 1981.
Talala Mai Kaman Sake , Scene 1. The transcription is mine with help from Yazi Dogo; the English translation is mine. The original
Hausa:
Mai Samari: Ba ka sa wannan a kanka? In ya zage ka ai ba kai ba ya zaga. Ai in ka lura, a ka dauka daga nan gabas
zuwa yamma, [unknown]kasar wannan tamu kap! Gaba [unavailable]ayanta. Ka ji ko ka shurareni hwa! A nan
[unknown]kasar nan, Baribari yana wasa da bahulatani. Ka ji ko?
Musa: To.
Mai Samari: In ka yi gaba, za ka tarda Baduwari yana wasa da Bagobiri, ka[unknown] kara yin gaba, ka tarda
Bakatsine yana wasa da Bagobiri, ka [unknown]kara yin gaba, ka gan da Ba’are yana wasa da Ba’adare...
(...) Ba ka duba ka ga [unknown]kasar tamu duk uwammu daya, ubammu [unknown]daya, an ka je an ce mutum
wane da wane suna wasan nangi.
Talala Mai Kaman Sake , performances in Tanout (9 March 1981), Diffa (8 April 1981), and Maradi (1 September 1981).  2/3","The text states Baduwari jokes with Bagobiri, using the term 'wasan nangi' for joking relationship.",murdock,GBARI,Gbari,index,ethnic_entity_index,murdock,HAUSA,Hausa (Gobir),index,ethnic_entity_index,1
Gboro,Mandé,keerthana_analysis,1,0,BurkinaFaso,,,,,,Gboro,,,murdock,MALINKE,Mandé,index,https://en.wikipedia.org/wiki/Mand%C3%A9_peoples,0
Goala,Mossi,keerthana_analysis,1,0,BurkinaFaso,,,,,,Goala,,,murdock,MOSSI,Mossi,index,ethnic_entity_index,0
GOGO,Konongo,icmid_sheet2,1,0,East Africa,"Rigby, Peter. “Joking Relationships, Kin Categories, and Clanship among the Gogo.” Africa 38, no. 2 (1968): 133–55. https://doi.org/10.2307/1157243.",,,murdock,GOGO,Gogo,registry,bootstrapped from entity index polygon_ids,murdock,KONONGO,Konongo,index,ethnic_entity_index,1
Gogo,MBUNGA,icmid_sheet2,2,0,East Africa,"https://sci-hub.fr/10.2307/1157006 | Rigby, Peter. “Joking Relationships, Kin Categories, and Clanship among the Gogo.” Africa 38, no. 2 (1968): 133–55. https://doi.org/10.2307/1157243.",,,murdock,GOGO,Gogo,index,ethnic_entity_index,murdock,MBUNGA,Mbunga,registry,bootstrapped from entity index polygon_ids,1
Gogo,MPEZENI,icmid_sheet2,1,0,East Africa,"“Joking Relationship in East Africa.” Africa 13, no. 2 (1940): 170–73. https://doi.org/10.1017/S0001972000003429.",,Also called Ngoni,murdock,GOGO,Gogo,index,ethnic_entity_index,murdock,MPEZENI,Mpezeni,registry,bootstrapped from entity index polygon_ids,1
GOGO,Ngoni,icmid_sheet2,1,0,East Africa,"Rigby, Peter. “Joking Relationships, Kin Categories, and Clanship among the Gogo.” Africa 38, no. 2 (1968): 133–55. https://doi.org/10.2307/1157243.",,,murdock,GOGO,Gogo,registry,bootstrapped from entity index polygon_ids,,,Ngoni,,,0
GOGO,Nyakyusa,icmid_sheet2,2,0,East Africa,"Rigby, Peter. “Joking Relationships, Kin Categories, and Clanship among the Gogo.” Africa 38, no. 2 (1968): 133–55. https://doi.org/10.2307/1157243.",,,murdock,GOGO,Gogo,registry,bootstrapped from entity index polygon_ids,murdock,NYAKYUSA,Nyakyusa,index,ethnic_entity_index,1
Gogo,NYAMWEZI,icmid_sheet2,2,0,East Africa,"Moreau, R. E. “Joking Relationships in Tanganyika.” Africa 14, no. 7 (1944): 386–400. https://doi.org/10.2307/1157006. | Rigby, Peter. “Joking Relationships, Kin Categories, and Clanship among the Gogo.” Africa 38, no. 2 (1968): 133–55. https://doi.org/10.2307/1157243.",,,murdock,GOGO,Gogo,index,ethnic_entity_index,murdock,NYAMWEZI,Nyamwezi,registry,bootstrapped from entity index polygon_ids,1
GOGO,Nyiramba,icmid_sheet2,1,0,East Africa,"Rigby, Peter. “Joking Relationships, Kin Categories, and Clanship among the Gogo.” Africa 38, no. 2 (1968): 133–55. https://doi.org/10.2307/1157243.",,,murdock,GOGO,Gogo,registry,bootstrapped from entity index polygon_ids,,,Nyiramba,,,0
GOGO,Sumbwa,icmid_sheet2,2,0,East Africa,"Rigby, Peter. “Joking Relationships, Kin Categories, and Clanship among the Gogo.” Africa 38, no. 2 (1968): 133–55. https://doi.org/10.2307/1157243.",,,murdock,GOGO,Gogo,registry,bootstrapped from entity index polygon_ids,murdock,SUMBWA,Sumbwa,index,ethnic_entity_index,1
GOGO,Zigua,icmid_sheet2,1,0,East Africa,"Rigby, Peter. “Joking Relationships, Kin Categories, and Clanship among the Gogo.” Africa 38, no. 2 (1968): 133–55. https://doi.org/10.2307/1157243.",,,murdock,GOGO,Gogo,registry,bootstrapped from entity index polygon_ids,murdock,ZIGULA,Zigua,index,ethnic_entity_index,1
Gogo,ZIGULA,icmid_sheet2,1,0,East Africa,,,,murdock,GOGO,Gogo,index,ethnic_entity_index,murdock,ZIGULA,Zigua,registry,synced from ethnic_entity_index,1
Gojjam,little boys,llm_ehraf,1,0,EasternAfrica,/Amhara_Messing_1985_263_KS,"Question: “Where are you from?”

Reply:

“Gojjam”,

Response:

“Land of sorcerers (buda).”","Ethnocentric, recurrent teasing ('art of insult') targets named regions—patterned cross-group teasing by boys.",,,Gojjam,,,,,little boys,,,0
Gonder,little boys,llm_ehraf,1,0,EasternAfrica,/Amhara_Messing_1985_263_KS,"Question: “Where are you from?”

Reply:

“Gonder”,

Response:

“Gossipers and blabbermouths.”","Ethnocentric, recurrent teasing ('art of insult') targets named regions—patterned cross-group teasing by boys.",,,Gonder,,,,,little boys,,,0
Gonja,KONKOMBA,icmid_sheet2,1,0,West Africa,"Origin, migration and settlement history of the Konkomba of Northern Ghana, ca. 1400-1800
 Authors
 Joseph Udimal Kachim
 Department of History, University of Cape Coast
 DOI: https://doi.org/10.47963/ajacc.v8i.850","This has been the basis of a joking relationship between the
Konkomba and the Bimoba to this day.",,,,Gonja,,,murdock,KONKOMBA,KONKOMBA,gis_exact,gis:murdock,0
Gourmantche,MOBA,icmid_sheet2,1,0,West Africa,Facebook: https://www.facebook.com/nayayodika/photos/la-parent%C3%A9-%C3%A0-plaisanterie-%EF%B8%8F-ce-que-cest-la-parent%C3%A9-%C3%A0-plaisanterie-est-une-pratiq/122123464010069638/,,,,,Gourmantche,,,murdock,MOBA,Moba,registry,bootstrapped from entity index polygon_ids,0
Gourmantche,TEM,icmid_sheet2,1,0,West Africa,Facebook: https://www.facebook.com/nayayodika/photos/la-parent%C3%A9-%C3%A0-plaisanterie-%EF%B8%8F-ce-que-cest-la-parent%C3%A9-%C3%A0-plaisanterie-est-une-pratiq/122123464010069638/,,,,,Gourmantche,,,murdock,TEM,TEM,gis_exact,gis:murdock,0
Gourmantché,Gourounsi,keerthana_analysis,1,0,BurkinaFaso,,,,murdock,GURMA,Gourmantché,index,https://en.wikipedia.org/wiki/Gurma_people,murdock,GRUNSHI,Gourounsi,index,https://en.wikipedia.org/wiki/Gurunsi_people,1
Gourmantché,Gurmance,keerthana_analysis,1,0,BurkinaFaso,,,,murdock,GURMA,Gourmantché,index,https://en.wikipedia.org/wiki/Gurma_people,murdock,GURMA,Gurmance,index,https://en.wikipedia.org/wiki/Gurma_people,1
Gourmantché,Hausa,keerthana_analysis,2,0,BurkinaFaso,,,,murdock,GURMA,Gourmantché,index,https://en.wikipedia.org/wiki/Gurma_people,murdock,HAUSA,Hausa,index,ethnic_entity_index,1
Gourmantché,Kotokoli,keerthana_analysis,1,0,BurkinaFaso,,,,murdock,GURMA,Gourmantché,index,https://en.wikipedia.org/wiki/Gurma_people,,,Kotokoli,,,0
Gourmantché,Kurumba,keerthana_analysis,2,0,BurkinaFaso,,,,murdock,GURMA,Gourmantché,index,https://en.wikipedia.org/wiki/Gurma_people,murdock,LILSE,Kurumba,index,https://www.101lasttribes.com/tribes/kurumba.html,1
Gourmantché,Mano,keerthana_analysis,1,0,BurkinaFaso,,,,murdock,GURMA,Gourmantché,index,https://en.wikipedia.org/wiki/Gurma_people,greg,MANO,Mano,index,ethnic_entity_index,1
Gourmantché,Maranse,keerthana_analysis,1,0,BurkinaFaso,,,,murdock,GURMA,Gourmantché,index,https://en.wikipedia.org/wiki/Gurma_people,,,Maranse,,,0
Gourmantché,Moali,keerthana_analysis,1,0,BurkinaFaso,,,,murdock,GURMA,Gourmantché,index,https://en.wikipedia.org/wiki/Gurma_people,,,Moali,,,0
Gourmantché,Mossi,keerthana_analysis,2,0,BurkinaFaso,,,,murdock,GURMA,Gourmantché,index,https://en.wikipedia.org/wiki/Gurma_people,murdock,MOSSI,Mossi,index,ethnic_entity_index,1
Gourmantché,Mossi (Yarse),keerthana_analysis,2,0,BurkinaFaso,,,,murdock,GURMA,Gourmantché,index,https://en.wikipedia.org/wiki/Gurma_people,murdock,MOSSI,Mossi (Yarse),index,ethnic_entity_index,1
Gourmantché,Mossi (Yonyonse),keerthana_analysis,1,0,BurkinaFaso,,,,murdock,GURMA,Gourmantché,index,https://en.wikipedia.org/wiki/Gurma_people,murdock,MOSSI,Mossi (Yonyonse),index,ethnic_entity_index,1
Gourmantché,Natia,keerthana_analysis,1,0,BurkinaFaso,,,,murdock,GURMA,Gourmantché,index,https://en.wikipedia.org/wiki/Gurma_people,,,Natia,,,0
Gourmantché,Ninisi (tengabissi),keerthana_analysis,1,0,BurkinaFaso,,,,murdock,GURMA,Gourmantché,index,https://en.wikipedia.org/wiki/Gurma_people,,,Ninisi (tengabissi),,,0
Gourmantché,Peul (torobé),keerthana_analysis,1,0,BurkinaFaso,,,,murdock,GURMA,Gourmantché,index,https://en.wikipedia.org/wiki/Gurma_people,geopr,PEUL,Peul (torobé),index,ethnic_entity_index,1
Gourmantché,Samo,keerthana_analysis,1,0,BurkinaFaso,,,,murdock,GURMA,Gourmantché,index,https://en.wikipedia.org/wiki/Gurma_people,murdock,SAMO,Samo,index,ethnic_entity_index,1
Gourmantché,SONGHAI,keerthana_analysis,2,0,BurkinaFaso,,,,murdock,GURMA,Gourmantché,index,https://en.wikipedia.org/wiki/Gurma_people,murdock,SONGHAI,SONGHAI,index,ethnic_entity_index,1
Gourmantché,Tambongou,keerthana_analysis,1,0,BurkinaFaso,,,,murdock,GURMA,Gourmantché,index,https://en.wikipedia.org/wiki/Gurma_people,,,Tambongou,,,0
Gourmantché,Tantiegou,keerthana_analysis,1,0,BurkinaFaso,,,,murdock,GURMA,Gourmantché,index,https://en.wikipedia.org/wiki/Gurma_people,,,Tantiegou,,,0
Gourmantché,Tindamba,keerthana_analysis,1,0,BurkinaFaso,,,,murdock,GURMA,Gourmantché,index,https://en.wikipedia.org/wiki/Gurma_people,,,Tindamba,,,0
Gourmantché,Tomba,keerthana_analysis,1,0,BurkinaFaso,,,,murdock,GURMA,Gourmantché,index,https://en.wikipedia.org/wiki/Gurma_people,,,Tomba,,,0
Gourmantché,Tuaregs,keerthana_analysis,1,0,BurkinaFaso,,,,murdock,GURMA,Gourmantché,index,https://en.wikipedia.org/wiki/Gurma_people,greg,TUAREGS,Tuaregs,index,ethnic_entity_index,1
Gourmantché,Yana,keerthana_analysis,1,0,BurkinaFaso,,,,murdock,GURMA,Gourmantché,index,https://en.wikipedia.org/wiki/Gurma_people,,,Yana,,,0
Gourmantché,Yoruba,keerthana_analysis,1,0,BurkinaFaso,,,,murdock,GURMA,Gourmantché,index,https://en.wikipedia.org/wiki/Gurma_people,murdock,YORUBA,Yoruba,index,ethnic_entity_index,1
Gourounsi (Ko),Wala,keerthana_analysis,1,0,BurkinaFaso,,,,murdock,GRUNSHI,Gourounsi (Ko),index,ethnic_entity_index,,,Wala,,,0
Gourounsi (Lela),Mossi (Yarse),keerthana_analysis,1,0,BurkinaFaso,,,,murdock,GRUNSHI,Gourounsi (Lela),index,ethnic_entity_index,murdock,MOSSI,Mossi (Yarse),index,ethnic_entity_index,1
Gourounsi (Lela),Samo,keerthana_analysis,1,0,BurkinaFaso,,,,murdock,GRUNSHI,Gourounsi (Lela),index,ethnic_entity_index,murdock,SAMO,Samo,index,ethnic_entity_index,1
Gourounsi,Gurmance,keerthana_analysis,1,0,BurkinaFaso,,,,murdock,GRUNSHI,Gourounsi,index,https://en.wikipedia.org/wiki/Gurunsi_people,murdock,GURMA,Gurmance,index,https://en.wikipedia.org/wiki/Gurma_people,1
Gourounsi,Kurumba,keerthana_analysis,2,0,BurkinaFaso,,,,murdock,GRUNSHI,Gourounsi,index,https://en.wikipedia.org/wiki/Gurunsi_people,murdock,LILSE,Kurumba,index,https://www.101lasttribes.com/tribes/kurumba.html,1
Gourounsi,Kusaal,keerthana_analysis,1,0,BurkinaFaso,,,,murdock,GRUNSHI,Gourounsi,index,https://en.wikipedia.org/wiki/Gurunsi_people,,,Kusaal,,,0
Gourounsi,Lobi,keerthana_analysis,1,0,BurkinaFaso,,,,murdock,GRUNSHI,Gourounsi,index,https://en.wikipedia.org/wiki/Gurunsi_people,murdock,LOBI,Lobi,index,ethnic_entity_index,1
Gourounsi,Mossi,keerthana_analysis;llm_ehraf,4,0,WesternAfrica,/MOssi_195_NK | /Mossi_Skinner_195_NK,"Mossi often jokingly refer to the Gourounsi as their ligidi (meaning money), implying their status as individuals to be sold as slaves.",Text describes recurrent joking label applied by Mossi to Gourounsi; cross-ethnic institutionalized teasing. | Explicitly described recurrent joking by Mossi calling Gourounsi 'ligidi' indicating an institutionalized tease across groups.,murdock,GRUNSHI,Gourounsi,index,https://en.wikipedia.org/wiki/Gurunsi_people,murdock,MOSSI,Mossi,index,ethnic_entity_index,1
Gourounsi,Mossi (Yarse),keerthana_analysis,1,0,BurkinaFaso,,,,murdock,GRUNSHI,Gourounsi,index,https://en.wikipedia.org/wiki/Gurunsi_people,murdock,MOSSI,Mossi (Yarse),index,ethnic_entity_index,1
Gourounsi,Mossi (Yonyonse),keerthana_analysis,1,0,BurkinaFaso,,,,murdock,GRUNSHI,Gourounsi,index,https://en.wikipedia.org/wiki/Gurunsi_people,murdock,MOSSI,Mossi (Yonyonse),index,ethnic_entity_index,1
Gourounsi,Samo,keerthana_analysis,1,0,BurkinaFaso,,,,murdock,GRUNSHI,Gourounsi,index,https://en.wikipedia.org/wiki/Gurunsi_people,murdock,SAMO,Samo,index,ethnic_entity_index,1
Gourounsi,SONGHAI,keerthana_analysis,1,0,BurkinaFaso,,,,murdock,GRUNSHI,Gourounsi,index,https://en.wikipedia.org/wiki/Gurunsi_people,murdock,SONGHAI,SONGHAI,index,ethnic_entity_index,1
Gourounsi,Tiefo,keerthana_analysis,1,0,BurkinaFaso,,,,murdock,GRUNSHI,Gourounsi,index,https://en.wikipedia.org/wiki/Gurunsi_people,murdock,SENUFO,Tiefo,index,https://www.101lasttribes.com/tribes/tiefo.html,1
Gourounsi,Tuaregs,keerthana_analysis,1,0,BurkinaFaso,,,,murdock,GRUNSHI,Gourounsi,index,https://en.wikipedia.org/wiki/Gurunsi_people,greg,TUAREGS,Tuaregs,index,ethnic_entity_index,1
Griots,Mossi,keerthana_analysis,1,0,BurkinaFaso,,,,,,Griots,,,murdock,MOSSI,Mossi,index,ethnic_entity_index,0
Griots,Mossi (Yarse),keerthana_analysis,1,0,BurkinaFaso,,,,,,Griots,,,murdock,MOSSI,Mossi (Yarse),index,ethnic_entity_index,0
Grunshi (Kasena),Grunshi (Lele),keerthana_analysis,1,0,BurkinaFaso,,,,murdock,GRUNSHI,Grunshi,index,ethnic_entity_index,murdock,GRUNSHI,Grunshi,index,ethnic_entity_index,1
Grunshi (Kasena),Hausa,keerthana_analysis,1,0,BurkinaFaso,,,,murdock,GRUNSHI,Grunshi,index,ethnic_entity_index,murdock,HAUSA,Hausa,index,ethnic_entity_index,1
Grunshi (Kasena),Korabou,keerthana_analysis,1,0,BurkinaFaso,,,,murdock,GRUNSHI,Grunshi,index,ethnic_entity_index,,,Korabou,,,0
Grunshi (Kasena),Moimbou,keerthana_analysis,1,0,BurkinaFaso,,,,murdock,GRUNSHI,Grunshi,index,ethnic_entity_index,,,Moimbou,,,0
Grunshi (Kasena),Mossi (Yarse),keerthana_analysis,1,0,BurkinaFaso,,,,murdock,GRUNSHI,Grunshi,index,ethnic_entity_index,murdock,MOSSI,Mossi (Yarse),index,ethnic_entity_index,1
Grunshi (Kasena),Nassiou,keerthana_analysis,1,0,BurkinaFaso,,,,murdock,GRUNSHI,Grunshi,index,ethnic_entity_index,,,Nassiou,,,0
Grunshi (Kasena),Po,keerthana_analysis,1,0,BurkinaFaso,,,,murdock,GRUNSHI,Grunshi,index,ethnic_entity_index,,,Po,,,0
Grunshi (Kasena),Tiébélé,keerthana_analysis,1,0,BurkinaFaso,,,,murdock,GRUNSHI,Grunshi,index,ethnic_entity_index,,,Tiébélé,,,0
Grunshi (Lele),Mossi (Yarse),keerthana_analysis,1,0,BurkinaFaso,,,,murdock,GRUNSHI,Grunshi,index,ethnic_entity_index,murdock,MOSSI,Mossi (Yarse),index,ethnic_entity_index,1
Grunshi (Nunuma),Hausa,keerthana_analysis,1,0,BurkinaFaso,,,,murdock,GRUNSHI,Grunshi,index,ethnic_entity_index,murdock,HAUSA,Hausa,index,ethnic_entity_index,1
Grunshi (Nunuma),Mossi (Yarse),keerthana_analysis,1,0,BurkinaFaso,,,,murdock,GRUNSHI,Grunshi,index,ethnic_entity_index,murdock,MOSSI,Mossi (Yarse),index,ethnic_entity_index,1
Grunshi (Nunuma),Samo,keerthana_analysis,1,0,BurkinaFaso,,,,murdock,GRUNSHI,Grunshi,index,ethnic_entity_index,murdock,SAMO,Samo,index,ethnic_entity_index,1
GRUNSHI,Sisala,icmid_sheet2,1,0,West Africa,https://www.jstor.org/stable/3773072,,,murdock,GRUNSHI,Grunshi,registry,bootstrapped from entity index polygon_ids,,,Sisala,,,0
Guere,GURO,icmid_sheet2,1,0,West Africa,"NEA, Madou. « Écriture et développement en Côte d'Ivoire ». ZAOULI, n°02 Spécial, décembre 2021, pp. 318-328. Enseignant-chercheur, Département de Théâtre et Traditions Populaires, ESTCA/INSAAC, Côte d'Ivoire. ISSN : 2788-9343.",Tableau 2 : Alliances inter-ethniques à plaisanterie,,,,Guere,,,murdock,GURO,GURO,gis_exact,gis:murdock,0
Guin,LOBI,icmid_sheet2,1,0,West Africa,https://journals.openedition.org/communication/5503?lang=en,Tableau 1. Groupes alliés à plaisanteries,,murdock,GUIN,GUIN,gis_exact,gis:murdock,murdock,LOBI,Lobi,registry,bootstrapped from entity index polygon_ids,1
Gurag[unknown]e,little boys,llm_ehraf,1,0,EasternAfrica,/Amhara_Messing_1985_263_KS,"Question: “Where are you from?”

Reply:

“Gurag[unknown]e”,

Response:

“Land of tricksters.”","Ethnocentric, recurrent teasing ('art of insult') targets named regions—patterned cross-group teasing by boys.",,,Gurag[unknown]e,,,,,little boys,,,0
Gurmance,Samo,keerthana_analysis,1,0,BurkinaFaso,,,,murdock,GURMA,Gurmance,index,https://en.wikipedia.org/wiki/Gurma_people,murdock,SAMO,Samo,index,ethnic_entity_index,1
GURMA,Yarse,icmid_sheet2,1,0,West Africa,https://journals.openedition.org/communication/5503?lang=en,Tableau 1. Groupes alliés à plaisanteries,,murdock,GURMA,Gourmantché,registry,synced from ethnic_entity_index,,,Yarse,,,0
GURO,Koyaka,icmid_sheet2,1,0,West Africa,"NEA, Madou. « Écriture et développement en Côte d'Ivoire ». ZAOULI, n°02 Spécial, décembre 2021, pp. 318-328. Enseignant-chercheur, Département de Théâtre et Traditions Populaires, ESTCA/INSAAC, Côte d'Ivoire. ISSN : 2788-9343.",Tableau 2 : Alliances inter-ethniques à plaisanterie,,murdock,GURO,GURO,gis_exact,gis:murdock,,,Koyaka,,,0
Guro,SENUFO,icmid_sheet2,1,0,West Africa,"NEA, Madou. « Écriture et développement en Côte d'Ivoire ». ZAOULI, n°02 Spécial, décembre 2021, pp. 318-328. Enseignant-chercheur, Département de Théâtre et Traditions Populaires, ESTCA/INSAAC, Côte d'Ivoire. ISSN : 2788-9343.",Tableau 2 : Alliances inter-ethniques à plaisanterie,,murdock,GURO,GURO,gis_exact,gis:murdock,murdock,SENUFO,Senufo,registry,bootstrapped from entity index polygon_ids,1
Gurunsi,Mossi,llm_ehraf,2,0,WesternAfrica,/Mossi_Hammond_263_KS | /Mossi__263_NK,"The joking relationship which the Mossi maintain with the Gurunsi and the Samogho peoples, among others, appears to involve the same structural characteristics.","Text explicitly states Mossi maintain a joking relationship with the Gurunsi; inter-ethnic, reciprocal hospitality and ambivalence. | Explicitly states Mossi maintain joking relationships with Gurunsi as separate ethnic groups with reciprocal expectations.",,,Gurunsi,,,murdock,MOSSI,Mossi,index,ethnic_entity_index,0
Gwari,man from Gobir,llm_ehraf,1,0,WesternAfrica,/Hausa_Beik_215_NK,"Mai Samari: If you continue, you’ll meet up with the Gwari who jokes with the man from Gobir,",Speaker enumerates recurrent joking relationships across named groups (wasan nangi).,,,Gwari,,,,,man from Gobir,,,0
Gzennaya,students from the Jebala,llm_ehraf,1,0,NorthernAfrica,/BerbersofMorocco_Coon_1931_116_KS,"Before European occupation, these western students did not meet with a warm reception in the Rif. They were frequently refused entrance to some districts. In others, so many jokes were played upon them that they left hurriedly and never returned.
On one occasion, Jebalan students entered the mosque in a canton of the Gzennaya, leaving outside a mule which they had brought with them.","Recurrent, culturally patterned teasing by Gzennaya/Riffians directed at Jebala students, causing their exclusion.",,,Gzennaya,,,,,students from the Jebala,,,0
habitants de saponé,Mossi,keerthana_analysis,1,0,BurkinaFaso,,,,,,habitants de saponé,,,murdock,MOSSI,Mossi,index,ethnic_entity_index,0
habitants du village de sankoinsé,Mossi,keerthana_analysis,1,0,BurkinaFaso,,,,,,habitants du village de sankoinsé,,,murdock,MOSSI,Mossi,index,ethnic_entity_index,0
Hausa (Adar),Hausa (Arewa),keerthana_og,1,0,WesternAfrica,,"[/Hausa_Beik_215_NK:p2] In Talala Mai Kaman Sake , the Troupe Amadou Dan Bassa incorporates other traditional, respected roles, those of the religious scholars, the malams , as well as the head of the samariya (Mai Samari) and the judge (Juju). ( 32 ) In the opening scene, Mai Samari reconciles a dispute between two members of the samariya who should have a jokingrelationship with each other ( wasan nangi ). Mai Samari draws out the example of different ethnic groups within Niger having a chain of such relationships with one another: Mai Samari: Haven’t you got that in your head? If he curses you, it’s not you he’s cursing. If you notice, if you go from here in the east to the west, our country is all one and the same. Listen to me carefully now. In this country the Beriberi joke with the Fulani, right? Musa: Yes. Mai Samari: If you continue, you’ll meet up with the Gwari who jokes with the man from Gobir, if you go even further, you’ll meet the man from Katsina who jokes with the man from Gobir, you go even further, you’ll see the man from the Arewa joking with the man from Adar ... (...) Look and you’ll see all of our country has the same mother, the same father, if you go [anywhere] they’ll tell you this people and that one have a joking relationship. (Scene 1) ( 33 ) This speech provides one of the central didactic points of the play, emphasizing traditional relationships as the basis of national unity and harmony. Audiences expect this sort of wise pronouncement from a community leader like Mai Samari. The actor chosen for the role,  Kaïlou Bako, a middle-aged man with impressive public-speaking ability, performed in accordance with those expectations, lending weight to the message of his lecture. ( 34 ) Talala Mai Kaman Sake , performance by the Troupe Amadou Dan Bassa of Zinder at the National Festival in Diffa, Niger, 8 April 1981.
Talala Mai Kaman Sake , Scene 1. The transcription is mine with help from Yazi Dogo; the English translation is mine. The original
Hausa:
Mai Samari: Ba ka sa wannan a kanka? In ya zage ka ai ba kai ba ya zaga. Ai in ka lura, a ka dauka daga nan gabas
zuwa yamma, [unknown]kasar wannan tamu kap! Gaba [unavailable]ayanta. Ka ji ko ka shurareni hwa! A nan
[unknown]kasar nan, Baribari yana wasa da bahulatani. Ka ji ko?
Musa: To.
Mai Samari: In ka yi gaba, za ka tarda Baduwari yana wasa da Bagobiri, ka[unknown] kara yin gaba, ka tarda
Bakatsine yana wasa da Bagobiri, ka [unknown]kara yin gaba, ka gan da Ba’are yana wasa da Ba’adare...
(...) Ba ka duba ka ga [unknown]kasar tamu duk uwammu daya, ubammu [unknown]daya, an ka je an ce mutum
wane da wane suna wasan nangi.
Talala Mai Kaman Sake , performances in Tanout (9 March 1981), Diffa (8 April 1981), and Maradi (1 September 1981).  2/3",Explicitly stated joking relationship between man from Arewa and man from Adar.,murdock,HAUSA,Hausa (Adar),index,ethnic_entity_index,murdock,HAUSA,Hausa (Arewa),index,ethnic_entity_index,1
Hausa (Adar),Kanuri (Beriberi),keerthana_og,1,0,WesternAfrica,,"[/Hausa_Beik_215_NK:p2] In Talala Mai Kaman Sake , the Troupe Amadou Dan Bassa incorporates other traditional, respected roles, those of the religious scholars, the malams , as well as the head of the samariya (Mai Samari) and the judge (Juju). ( 32 ) In the opening scene, Mai Samari reconciles a dispute between two members of the samariya who should have a jokingrelationship with each other ( wasan nangi ). Mai Samari draws out the example of different ethnic groups within Niger having a chain of such relationships with one another: Mai Samari: Haven’t you got that in your head? If he curses you, it’s not you he’s cursing. If you notice, if you go from here in the east to the west, our country is all one and the same. Listen to me carefully now. In this country the Beriberi joke with the Fulani, right? Musa: Yes. Mai Samari: If you continue, you’ll meet up with the Gwari who jokes with the man from Gobir, if you go even further, you’ll meet the man from Katsina who jokes with the man from Gobir, you go even further, you’ll see the man from the Arewa joking with the man from Adar ... (...) Look and you’ll see all of our country has the same mother, the same father, if you go [anywhere] they’ll tell you this people and that one have a joking relationship. (Scene 1) ( 33 ) This speech provides one of the central didactic points of the play, emphasizing traditional relationships as the basis of national unity and harmony. Audiences expect this sort of wise pronouncement from a community leader like Mai Samari. The actor chosen for the role,  Kaïlou Bako, a middle-aged man with impressive public-speaking ability, performed in accordance with those expectations, lending weight to the message of his lecture. ( 34 ) Talala Mai Kaman Sake , performance by the Troupe Amadou Dan Bassa of Zinder at the National Festival in Diffa, Niger, 8 April 1981.
Talala Mai Kaman Sake , Scene 1. The transcription is mine with help from Yazi Dogo; the English translation is mine. The original
Hausa:
Mai Samari: Ba ka sa wannan a kanka? In ya zage ka ai ba kai ba ya zaga. Ai in ka lura, a ka dauka daga nan gabas
zuwa yamma, [unknown]kasar wannan tamu kap! Gaba [unavailable]ayanta. Ka ji ko ka shurareni hwa! A nan
[unknown]kasar nan, Baribari yana wasa da bahulatani. Ka ji ko?
Musa: To.
Mai Samari: In ka yi gaba, za ka tarda Baduwari yana wasa da Bagobiri, ka[unknown] kara yin gaba, ka tarda
Bakatsine yana wasa da Bagobiri, ka [unknown]kara yin gaba, ka gan da Ba’are yana wasa da Ba’adare...
(...) Ba ka duba ka ga [unknown]kasar tamu duk uwammu daya, ubammu [unknown]daya, an ka je an ce mutum
wane da wane suna wasan nangi.
Talala Mai Kaman Sake , performances in Tanout (9 March 1981), Diffa (8 April 1981), and Maradi (1 September 1981).  2/3","The text states Baribari jokes with bahulatani, using the term 'wasan nangi' for joking relationship.",murdock,HAUSA,Hausa (Adar),index,ethnic_entity_index,murdock,KANURI,Kanuri (Beriberi),index,ethnic_entity_index,1
Hausa (Gobir),Hausa (Katsina),keerthana_og,1,0,WesternAfrica,,"[/Hausa_Beik_215_NK:p2] In Talala Mai Kaman Sake , the Troupe Amadou Dan Bassa incorporates other traditional, respected roles, those of the religious scholars, the malams , as well as the head of the samariya (Mai Samari) and the judge (Juju). ( 32 ) In the opening scene, Mai Samari reconciles a dispute between two members of the samariya who should have a jokingrelationship with each other ( wasan nangi ). Mai Samari draws out the example of different ethnic groups within Niger having a chain of such relationships with one another: Mai Samari: Haven’t you got that in your head? If he curses you, it’s not you he’s cursing. If you notice, if you go from here in the east to the west, our country is all one and the same. Listen to me carefully now. In this country the Beriberi joke with the Fulani, right? Musa: Yes. Mai Samari: If you continue, you’ll meet up with the Gwari who jokes with the man from Gobir, if you go even further, you’ll meet the man from Katsina who jokes with the man from Gobir, you go even further, you’ll see the man from the Arewa joking with the man from Adar ... (...) Look and you’ll see all of our country has the same mother, the same father, if you go [anywhere] they’ll tell you this people and that one have a joking relationship. (Scene 1) ( 33 ) This speech provides one of the central didactic points of the play, emphasizing traditional relationships as the basis of national unity and harmony. Audiences expect this sort of wise pronouncement from a community leader like Mai Samari. The actor chosen for the role,  Kaïlou Bako, a middle-aged man with impressive public-speaking ability, performed in accordance with those expectations, lending weight to the message of his lecture. ( 34 ) Talala Mai Kaman Sake , performance by the Troupe Amadou Dan Bassa of Zinder at the National Festival in Diffa, Niger, 8 April 1981.
Talala Mai Kaman Sake , Scene 1. The transcription is mine with help from Yazi Dogo; the English translation is mine. The original
Hausa:
Mai Samari: Ba ka sa wannan a kanka? In ya zage ka ai ba kai ba ya zaga. Ai in ka lura, a ka dauka daga nan gabas
zuwa yamma, [unknown]kasar wannan tamu kap! Gaba [unavailable]ayanta. Ka ji ko ka shurareni hwa! A nan
[unknown]kasar nan, Baribari yana wasa da bahulatani. Ka ji ko?
Musa: To.
Mai Samari: In ka yi gaba, za ka tarda Baduwari yana wasa da Bagobiri, ka[unknown] kara yin gaba, ka tarda
Bakatsine yana wasa da Bagobiri, ka [unknown]kara yin gaba, ka gan da Ba’are yana wasa da Ba’adare...
(...) Ba ka duba ka ga [unknown]kasar tamu duk uwammu daya, ubammu [unknown]daya, an ka je an ce mutum
wane da wane suna wasan nangi.
Talala Mai Kaman Sake , performances in Tanout (9 March 1981), Diffa (8 April 1981), and Maradi (1 September 1981).  2/3","The text states Bakatsine jokes with Bagobiri, using the term 'wasan nangi' for joking relationship.",murdock,HAUSA,Hausa (Gobir),index,ethnic_entity_index,murdock,HAUSA,Hausa (Katsina),index,ethnic_entity_index,1
Hausa (Katsinawa),NUPE,icmid_sheet2,1,0,West Africa,https://sarpublication.com/media/articles/SARJALL_54_91-96.pdf,"The Nupe people whose language is Nupe occupy the central part of Nigeria, precisely
Niger state. They partake in joking relations with the Katsinawa.",,murdock,HAUSA,Hausa,index,ethnic_entity_index,murdock,NUPE,Nupe,registry,bootstrapped from entity index polygon_ids,1
Hausa-Fulani,YORUBA,icmid_sheet2,1,0,West Africa,https://pdfs.semanticscholar.org/3b96/b0fc0581292fc5ee470e096c64d6933a2c63.pdf,"As noted above, there is another kind of joking relationship that exists between
two tribes. This is the case with the Yorùbá ethnic group in their relationship with
the Hausa-Fulani ethnic group.",Yoruba - GeoPR,,,Hausa-Fulani,,,murdock,YORUBA,Yoruba,registry,bootstrapped from entity index polygon_ids,0
Hausa-Fulani,Yorùbá,icmid_sheet1,1,0,,https://pdfs.semanticscholar.org/3b96/b0fc0581292fc5ee470e096c64d6933a2c63.pdf,,Yoruba - GeoPR,,,Hausa-Fulani,,,,,Yorùbá,,,0
Hausa,Hausa (adarawa),keerthana_analysis,1,0,BurkinaFaso,,,,murdock,HAUSA,Hausa,index,ethnic_entity_index,murdock,HAUSA,Hausa (adarawa),index,ethnic_entity_index,1
Hausa,Hausa (arawa),keerthana_analysis,1,0,BurkinaFaso,,,,murdock,HAUSA,Hausa,index,ethnic_entity_index,murdock,HAUSA,Hausa (arawa),index,ethnic_entity_index,1
Hausa,Hausa (gobirawa),keerthana_analysis,1,0,BurkinaFaso,,,,murdock,HAUSA,Hausa,index,ethnic_entity_index,murdock,HAUSA,Hausa (gobirawa),index,ethnic_entity_index,1
Hausa,Hausa (kanawa),keerthana_analysis,1,0,BurkinaFaso,,,,murdock,HAUSA,Hausa,index,ethnic_entity_index,murdock,HAUSA,Hausa (kanawa),index,ethnic_entity_index,1
Hausa,Hausa (kurfayawa),keerthana_analysis,1,0,BurkinaFaso,,,,murdock,HAUSA,Hausa,index,ethnic_entity_index,murdock,HAUSA,Hausa (kurfayawa),index,ethnic_entity_index,1
Hausa,Hausa (Zamfara),keerthana_analysis,1,0,BurkinaFaso,,,,murdock,HAUSA,Hausa,index,ethnic_entity_index,murdock,HAUSA,Hausa (Zamfara),index,ethnic_entity_index,1
Hausa,Maranse,keerthana_analysis,1,0,BurkinaFaso,,,,murdock,HAUSA,Hausa,index,ethnic_entity_index,,,Maranse,,,0
Hausa,SONGHAI,icmid_sheet2,1,0,West Africa,https://www.academia.edu/49184471/Introduction_joking_kinship_1258_,,,murdock,HAUSA,Hausa,index,ethnic_entity_index,murdock,SONGHAI,SONGHAI,index,ethnic_entity_index,1
Hausa,Tuaregs,keerthana_analysis,1,0,BurkinaFaso,,,,murdock,HAUSA,Hausa,index,ethnic_entity_index,greg,TUAREGS,Tuaregs,index,ethnic_entity_index,1
Hausa,Wanzam,keerthana_analysis,1,0,BurkinaFaso,,,,murdock,HAUSA,Hausa,index,ethnic_entity_index,,,Wanzam,,,0
Hausa,Yoruba,icmid_sheet2;keerthana_analysis,2,0,BurkinaFaso,https://pdfs.semanticscholar.org/3b96/b0fc0581292fc5ee470e096c64d6933a2c63.pdf,"As noted above, there is another kind of joking relationship that exists between
two tribes. This is the case with the Yorùbá ethnic group in their relationship with
the Hausa-Fulani ethnic group.",,murdock,HAUSA,Hausa,index,ethnic_entity_index,murdock,YORUBA,Yoruba,index,ethnic_entity_index,1
Hawiye,M[unknown]obil[unknown]en,llm_ehraf,1,0,EasternAfrica,/Somali_Cerulli_1959_120_KS,"“You should spend midday under a maray tree and at night ask a M[unknown]obil[unknown]en for hospitality!”

“The maray tree does not give shade because of its very scarce leaves, just as the M[unknown]obil[unknown]en are scarcely hospitable because of their notorious parsimony.",Proverbary mockery by Hawiye targets named group repeatedly; institutionalized inter-group teasing.,,,Hawiye,,,,,M[unknown]obil[unknown]en,,,0
Hawiye,‘Áli ‘Êli,llm_ehraf,1,0,EasternAfrica,/Somali_Cerulli_1959_120_KS,"“The white land is not a garden. The wife who runs away is not a wife. The disobedient one is not a son. The boiled durra is not polenta. The ‘Ali ‘[unknown]Eli are not a tribe.”

The ‘Ali ‘[unknown]Eli, one of the stirpes of the ‘[unknown]Eli ‘Umar of the W[unknown]ar[unknown]s[unknown]e[unknown]h zone, are thus mocked.","Proverb mocks the ‘Ali ‘Eli stirpe as 'not a tribe', indicating recurrent derogatory joking about that lineage.",,,Hawiye,,,,,‘Áli ‘Êli,,,0
"Hawiyya tribes settled in the villages of the ""black land""",pastoralists of the woodland,llm_ehraf,1,0,EasternAfrica,/Somali_Cerulli_1959_114_KS,"Thus the pastoralists of the woodland joke about the unexpected attitudes of the Hawiyya tribes settled in the villages of the “black land” of the valley of the W[unknown]ebi (B[unknown]adi ‘Add[unknown]a, M[unknown]olk[unknown]al, M[unknown]obil[unknown]en, etc.), tribes that have fewer scruples in some of their attitudes than the people of the woodland remaining more attached to the customs.",Text states woodland pastoralists routinely joke about Hawiyya villagers; recurrent cross-group teasing.,,,"Hawiyya tribes settled in the villages of the ""black land""",,,,,pastoralists of the woodland,,,0
HAYA,LUO,icmid_sheet2,2,0,East Africa,https://d1wqtxts1xzle7.cloudfront.net/61216810/FINAL_EDITED_computer20191114-124102-ictpx-libre.pdf?1573750652=&response-content-disposition=inline%3B+filename%3DEthnic_Identity_and_Social_Cohesion_Unde.pdf&Expires=1780391818&Signature=Y8QvG2eVo5o59ykkxRPUFCsAg4OVPtka7QlDjZHhJVsmXtRYlD6sVHPl1L3VILVBAoX31qCBgVse8XtbRVH7ZpqvI181UtH~asJmMyYIMoLIu3uyZlDMIaPArft7IoVxakeuFJTlPtZpVj3k23gzG65o87w3zX4oBIhe0-5eN2-xijo6rs6rrY-8lPMjb6QgAcuVimN5GqaXML6lBayrmQD50MDkJNuC0kZk-92K7GRyq2ZONypaxIDZU3WZsxGZ7m5xRahJYOhm7QVAla8i4pzFJb~jzuh8aiwMWr~2osdPX2sI3G1ZOZ6I7lCnTTAx-IsFo~dS5WdbZX~BFYYHug__&Key-Pair-Id=APKAJLOHF5GGSLRBV4ZA,"Tanzania’s social cohesion is much consolidated by utani or mtani (joking
relationship) which emerged in pre-colonial and some in colonial periods. For instance
Sigalla (2009) identifies the Ngoni people who migrated from the current Zulu in South
Africa established joking elements with the people of now south Tanzania after fighting series
of wars. | Similarly the Haya, Zanaki, and Luo, because of sharing the Lake Victoria they now have warm joking material which emerged purely from utilizing water resources and trading. Almost each
Tanzanian tribe or ethnic groups have a group fellow to joke with whenever individual meet
in whatever circumstance including burial ceremonies.",,murdock,HAYA,Haya,registry,bootstrapped from entity index polygon_ids,murdock,LUO,Luo,registry,bootstrapped from entity index polygon_ids,1
HAYA,ZANAKI,icmid_sheet2,1,0,East Africa,https://d1wqtxts1xzle7.cloudfront.net/61216810/FINAL_EDITED_computer20191114-124102-ictpx-libre.pdf?1573750652=&response-content-disposition=inline%3B+filename%3DEthnic_Identity_and_Social_Cohesion_Unde.pdf&Expires=1780391818&Signature=Y8QvG2eVo5o59ykkxRPUFCsAg4OVPtka7QlDjZHhJVsmXtRYlD6sVHPl1L3VILVBAoX31qCBgVse8XtbRVH7ZpqvI181UtH~asJmMyYIMoLIu3uyZlDMIaPArft7IoVxakeuFJTlPtZpVj3k23gzG65o87w3zX4oBIhe0-5eN2-xijo6rs6rrY-8lPMjb6QgAcuVimN5GqaXML6lBayrmQD50MDkJNuC0kZk-92K7GRyq2ZONypaxIDZU3WZsxGZ7m5xRahJYOhm7QVAla8i4pzFJb~jzuh8aiwMWr~2osdPX2sI3G1ZOZ6I7lCnTTAx-IsFo~dS5WdbZX~BFYYHug__&Key-Pair-Id=APKAJLOHF5GGSLRBV4ZA,"Tanzania’s social cohesion is much consolidated by utani or mtani (joking
relationship) which emerged in pre-colonial and some in colonial periods. For instance
Sigalla (2009) identifies the Ngoni people who migrated from the current Zulu in South
Africa established joking elements with the people of now south Tanzania after fighting series
of wars.",,murdock,HAYA,Haya,registry,bootstrapped from entity index polygon_ids,,,ZANAKI,,,0
Ha,MPEZENI,icmid_sheet2,1,0,East Africa,"“Joking Relationship in East Africa.” Africa 13, no. 2 (1940): 170–73. https://doi.org/10.1017/S0001972000003429.",,Also called Ngoni,murdock,HA,HA,gis_exact,gis:murdock,murdock,MPEZENI,Mpezeni,registry,bootstrapped from entity index polygon_ids,1
HA,Ngoni,icmid_sheet2,1,0,East Africa,,,Ngoni and certain Nyamwezi,murdock,HA,HA,gis_exact,gis:murdock,,,Ngoni,,,0
HA,Nyamwezi,icmid_sheet2,1,0,East Africa,,,Ngoni and certain Nyamwezi,murdock,HA,HA,gis_exact,gis:murdock,murdock,NYAMWEZI,Nyamwezi,index,ethnic_entity_index,1
Hehe,KINGA,icmid_sheet2,1,0,East Africa,,,,murdock,HEHE,HEHE,gis_exact,gis:murdock,murdock,KINGA,KINGA,gis_exact,gis:murdock,1
HEHE,Luguru,icmid_sheet2,1,0,East Africa,https://journals.co.za/doi/pdf/10.10520/AJA00020117_65,"Some utani relationships stressed equality of status, as in the case of the Hehe and the
Ngoni who are said to have been unable to defeat one another in war and thus
became watani.",,murdock,HEHE,HEHE,gis_exact,gis:murdock,murdock,LUGURU,Luguru,index,ethnic_entity_index,1
Hehe,MBUNGA,icmid_sheet2,1,0,East Africa,https://sci-hub.fr/10.2307/1157006,,,murdock,HEHE,HEHE,gis_exact,gis:murdock,murdock,MBUNGA,Mbunga,registry,bootstrapped from entity index polygon_ids,1
Hehe,MPEZENI,icmid_sheet2,1,0,East Africa,"“Joking Relationship in East Africa.” Africa 13, no. 2 (1940): 170–73. https://doi.org/10.1017/S0001972000003429.",,Also called Ngoni,murdock,HEHE,HEHE,gis_exact,gis:murdock,murdock,MPEZENI,Mpezeni,registry,bootstrapped from entity index polygon_ids,1
HEHE,Ngoni,icmid_sheet2,1,0,East Africa,https://journals.co.za/doi/pdf/10.10520/AJA00020117_65,"Some utani relationships stressed equality of status, as in the case of the Hehe and the
Ngoni who are said to have been unable to defeat one another in war and thus
became watani.",,murdock,HEHE,HEHE,gis_exact,gis:murdock,,,Ngoni,,,0
HEHE,Nyamwezi,icmid_sheet2,1,0,East Africa,https://journals.co.za/doi/pdf/10.10520/AJA00020117_65,"Some utani relationships stressed equality of status, as in the case of the Hehe and the
Ngoni who are said to have been unable to defeat one another in war and thus
became watani.",,murdock,HEHE,HEHE,gis_exact,gis:murdock,murdock,NYAMWEZI,Nyamwezi,index,ethnic_entity_index,1
HEHE,Pogoro,icmid_sheet2,1,0,East Africa,https://journals.co.za/doi/pdf/10.10520/AJA00020117_65,"Some utani relationships stressed equality of status, as in the case of the Hehe and the
Ngoni who are said to have been unable to defeat one another in war and thus
became watani.",,murdock,HEHE,HEHE,gis_exact,gis:murdock,murdock,POGORO,Pogoro,index,ethnic_entity_index,1
HEHE,Zaramo,icmid_sheet2,1,0,East Africa,https://journals.co.za/doi/pdf/10.10520/AJA00020117_65,"Some utani relationships stressed equality of status, as in the case of the Hehe and the
Ngoni who are said to have been unable to defeat one another in war and thus
became watani.",,murdock,HEHE,HEHE,gis_exact,gis:murdock,murdock,ZARAMO,Zaramo,index,ethnic_entity_index,1
Hehe,ZIGULA,icmid_sheet2,1,0,East Africa,,,,murdock,HEHE,HEHE,gis_exact,gis:murdock,murdock,ZIGULA,Zigua,registry,synced from ethnic_entity_index,1
Hueda,POPO,icmid_sheet2,1,0,West Africa,"Bio Bigou Bani Léon. “Les rapports sociaux, politiques, économiques, culturels et cultuels entre les Shabè et d’autres groupes socioculturels : les formes des pratiques et expressions de la parenté à plaisanterie entre les Shàbè et les Baatombu du Bénin et du Nigeria.” In Rapport final du Symposium culturel de Yaoui, 42–49. Abomey-Calavi: Laboratoire d’Étude des Dynamiques Urbaines et Régionales (LEDUR), Université d’Abomey-Calavi.","Dans cette partie du Bénin, il existe cette parenté à plaisanterie entre les peuples ci-
après : (i) Fon (à l‟intérieur de la collectivité et des clans) ; (ii) entre Fon et
Yorouba en remontant à leurs périodes de conflits armés du 17ème au à la première
moitié du 19ème siècle ; (iii) entre Xwla et Hueda (rapport de cousinage où le
premier se considère comme le plus grand que le second) ; (iv) Ayizo et Bopagbe
(Ayizo se considérant comme le plus grand et plus ancien que Bopagbe), (v) entre
Ayizo et Fon….",Another name for Xwla,,,Hueda,,,murdock,POPO,POPO,gis_exact,gis:murdock,0
ILA,Lozi,icmid_sheet2,2,0,East Africa,"White, C. M. N. (1958). A note on Luvale joking relations. African Studies, 17(1), 28–33. https://doi.org/10.1080/00020185808707042 | eHRAF: tonga_colson_179_1967_sv",,"A Lozi, for example, did not have to be invited to feel at
  home among the Tonga, Kaonde, Luvale or Ila.",murdock,ILA,Ila,registry,bootstrapped from entity index polygon_ids,murdock,LOZI,Lozi,index,ethnic_entity_index,1
Intra-familial relations,KIPSIGI,icmid_sheet2,1,0,East Africa,,,,,,Intra-familial relations,,,murdock,KIPSIGI,KIPSIGI,gis_exact,gis:murdock,0
IRAMBA,Mbugwe,icmid_sheet2,1,0,East Africa,https://doi.org/10.2307/1157006,"Fifteen of the seventeen tribes investigated claim external utani as follows:
Yao' with Ngoni, Langulu, and Potola (the last two in Southern Nyasaland).
Ngoni with Yao, Wemba, Ngindo, Nyakyusa, Kinga, Bena, Makonde, Mwera,
Mbunga, Ha, Nyamwezi, Sukuma, Hehe, Kami, Luguru, Gogo, Nyiramba,
Zaramu.",Nyiramba are the people of this region,murdock,IRAMBA,IRAMBA,gis_exact,gis:murdock,murdock,MBUGWE,MBUGWE,gis_exact,gis:murdock,1
Ireli,Sanga,llm_ehraf,1,0,WesternAfrica,/Dogon_Griaule_222_NK,"The people of Sanga mock the people of Ireli by saying:

yogo ireli s˛o yakoh[unknown]
ad[unknown]n[unknown] ¯na ku diana.
Tomorrow there will be tales at Ireli
Because (someone named) Adene has cooked an Ox's head.
Sanga.",Sanga habitually mock/taunt Ireli in sung jibes; inter-community patterned teasing.,,,Ireli,,,murdock,SANGA,SANGA,gis_exact,gis:murdock,0
Ishaza,Mbiriri,keerthana_og,1,0,CentralAfrica,,"[/Rwandans_Newbury_1980_395_KS:p1] But juxtaposing data from Rwanda and from Ijwi in this fashion produces a paradox: the Ishaza on Ijwi explicitly and universally deny Singa status, and people from all clans on Ijwi distinguish sharply between Mbiriri and Ishaza.14 Furthermore, the Ishaza have a joking relationship with the Mbiriri which differentiates them and maintains the differences between them.15 Moreover, on Ijwi ‘Jeni’ does not appear in the historical affiliations of the Mbiriri. The most plausible argument to explain this series of traditions is that Jeni, the putative ancestor of the Ishaza, was a member of a localized group which only later became absorbed within the more all-inclusive Singa identity to conform to Rwandan categories of social identity. This apparently occurred after the Ishaza and Mbiriri emigrations from Rwanda in the late eighteenth century, and thus corresponds with the period when Rwandan cultural norms spread through the area: it is primarily in the Rwandan traditions associated with the central court milieu that the descendants of Jeni are considered as ‘Singa.’ The apparent contradictions in these data then raise the questions of why, despite these apparent indications of common origins, the Mbiriri and Ishaza on Ijwi claim different status from each other and why neither calls itself ‘Singa.’ This discrepancy between the Ijwi data, which are clear and consistent, and the Rwandan claims can be explained by looking at the assertions of Rwandan associations as separate elements within an evolving process of clan identity formation. While the Mbiriri on Ijwi identify  1/3","The text states Ishaza have a joking relationship with Mbiriri that differentiates and maintains differences between them, but does not specify symmetry. | The text explicitly states a joking relationship between Ishaza and Mbiriri clans on Ijwi, but does not specify if it is symmetric or non-symmetric.",,,Ishaza,,,,,Mbiriri,,,0
JEN,Tsobo,icmid_sheet2,1,0,West Africa,https://d1wqtxts1xzle7.cloudfront.net/121943504/Cham_Ethnographic_historical_profile_Mandaras_Pub-libre.pdf?1742586648=&response-content-disposition=inline%3B+filename%3DThe_Cham_A_collection_of_ethnographic_an.pdf&Expires=1782809298&Signature=EYjMHHQRBSCtYXPtacNDlqpU7IVpHhhOnSyZxJzSyBRp6kgxQcLakhFjZ0nt268~5XoI7xp3zgsJuEantsKd3440xZRaXsu1TUJ40rrpIX4jU3eeyLsCw584HJBC0Zq2c6uaKWz8hyK0XtAmRqC17nTXW6c4hckLJeNSDnyBgU3izbfVIPitZEdmeC7FqtMhXYr9XZ5k8--Wz5Ze5BldHw98tflEEZNbacON9SsFrzNx9M2ZOKvqazUxZh7gF3JwGN5LmwPzLAJZ0HSFY0sERdswF6xaRKEdx8wdi9ziPS-KgIQHpvp-aWxKMNdpG~1YxWMuXtqt8J2lrFTaQxkzqg__&Key-Pair-Id=APKAJLOHF5GGSLRBV4ZA,"The Cham call the Tsobo ‘Kittam’ and regard them as close associates. They say that they have
a joking relationship with the following groups: the Jen, Chamba, Awak, Kamo, Bura, and Bacha-
ma of Dubunga. On a sectional level, the Looja have a joking relationship with the Dadiya. The
existence of a joking relationship is considered to be the result of a victory in interethnic fighting. It
is said that a Baobab tree was planted at Dubunga as a boundary marker after fighting with the
Bachama.",,murdock,JEN,JEN,gis_exact,gis:murdock,,,Tsobo,,,0
Joking relations with people they encountered en route,NYANGIYA,icmid_sheet2,1,0,East Africa,https://unesdoc.unesco.org/ark:/48223/pf0000059803,,,,,Joking relations with people they encountered en route,,,murdock,NYANGIYA,NYANGIYA,gis_exact,gis:murdock,0
Jola,Serer,icmid_sheet2;llm_ehraf,2,0,WesternAfrica,/wolof_99_nk | https://onlinelibrary.wiley.com/doi/full/10.1111/jade.12623,"A joking relationship exists between Jola and Serer to this day. | Broader solidarities, meanwhile, have
been promoted in the interests of peace by deploying visual arts, performing arts,
traditional ceremonies and cousinage a plaisanterie—a joking relationship between
different ethnic groups, in this case between the Jola and the Serer (a larger group
from Senegal north of The Gambia). Cultural days/weekends have at times been
organised involving one or more of the above elements (AJAC–APRAN 2000; de
Jong 2005; Foucher 2007b; Warrington 2013).",Text states an ongoing culturally recognized joking relationship between these two ethnic groups.,,,Jola,,,murdock,SERER,Serer,index,ethnic_entity_index,0
Jukun,KANURI,icmid_sheet2,1,0,West Africa,"Lake Chad and the migratory routes
  to Borno: a linguistic trail?
  Doris LÖHR","As regards joking relationships, we find that no Kanuri
sub-groups are mentioned in this context, only “Kanuri” as a unit e.g. the
Suwurti report that the Kanuri joke with Karekare, Jukun, Fulani, reflecting
long-lasting areal contact (cf. Ibriszimow et al. 2001).",,murdock,JUKUN,JUKUN,gis_exact,gis:murdock,murdock,KANURI,Kanuri,registry,bootstrapped from entity index polygon_ids,1
JUKUN,Munga Leelau,icmid_sheet2,1,0,West Africa,https://mandaras.info/MandarasPublishing/Munga-Leelau_Ethnographic-historical-profile_Mandaras-Pub.pdf,"Thus, the Munga Leelau joke with the
Jukun, Gomu and Kunini (the Kunini had fought with the Munga Doso).",,murdock,JUKUN,JUKUN,gis_exact,gis:murdock,,,Munga Leelau,,,0
JUKUN,Tarok,icmid_sheet2,1,0,West Africa,https://mandaras.info/MandarasPublishing/Munga-Leelau_Ethnographic-historical-profile_Mandaras-Pub.pdf,"Thus, the Munga Leelau joke with the
Jukun, Gomu and Kunini (the Kunini had fought with the Munga Doso).",,murdock,JUKUN,JUKUN,gis_exact,gis:murdock,,,Tarok,,,0
Jula,LOBI,icmid_sheet2,1,0,West Africa,https://journals.openedition.org/communication/5503?lang=en,Tableau 1. Groupes alliés à plaisanteries,,,,Jula,,,murdock,LOBI,Lobi,registry,bootstrapped from entity index polygon_ids,0
KABRE,Kotokoli,icmid_sheet2,1,0,West Africa,https://d1wqtxts1xzle7.cloudfront.net/60335073/RAPPORT_SYMPOSIUM_YAOUI_201820190819-84370-11quay1-libre.pdf?1566238223=&response-content-disposition=inline%3B+filename%3DPremiere_Edition_2018_PEUPLEMENT_DU_PAYS.pdf&Expires=1782720619&Signature=GVpe6LoIs1nv0Rp2DofX5jFbRd~I97OM6anE6eCcWLOOKRsa8r9igDHJqYjZj-X0cEBCF2Ib0mkzqWrnOy8RwQ3ivSkNpYT~cuyl6SaFMMB0DbublNbcA0szp8SXkTW2EWFNfzwMMjGLHCeuHaYUhhI1cmLJQBqDVISsfPV3X4wBuudK8FToCkd6DAbpkuzwPbTcQi3GfTeC3JiOdttiByJ0H99AO7XCycaaIFsUkihAaxMmeUXmM-3w8c0poG-mJlu9AEyUH1HWEuek5I64vyon5ASomvWaJIVInTkhGuQ--p-hHZFw1uiDXBftnpeR4IyLGXbBXABOUqTYqlajyw__&Key-Pair-Id=APKAJLOHF5GGSLRBV4ZA#page=61,"Une nouvelle ère s‟ouvrit ainsi dans les relatons entre les communautés Boo, Baatonu
et Nago. La plaisanterie à taquinerie encore appelée cousinage, ou parenté à taquinerie
n‟est pas l‟apanage des peuples Boo, Baatombu et Nago du Borgou. C‟est un
phénomène socioculturel bien connu dans la plupart des sociétés de l‟Afrique de
l‟ouest. Il s‟établit généralement entre les cousins issus des éléments mâles et des
éléments féminins d‟une même lignée. Le mariage est interdit entre ses cousins et
cousines parce qu‟ils descendent d‟un même ancêtre. Il s‟établit également entre des
peuples liés par un certains nombres de traditions, de phénomènes culturels. L‟histoire
de ces peuples est généralement marquée par des événements heureux ou malheureux
qu‟ils sont parvenus à gérer de façon consensuelle. On les appelle les peuples historico-
ethnique. C‟est le cas entre les Mossi et les Gulmantchéba du Burkina-Faso, entre les
Kabiè et les Kotokoli du Togo, entre les Djerma et les Boo-Baatonou. C‟est le cas
également entre les Boo et les Tchienga les Bokobaru du Nigéria.",,murdock,KABRE,KABRE,gis_exact,gis:murdock,,,Kotokoli,,,0
Kaguru,NGURU,icmid_sheet2,1,0,East Africa,https://utppublishing.com/doi/pdf/10.3138/uram.6.1.4,,,,,Kaguru,,,murdock,NGURU,NGURU,gis_exact,gis:murdock,0
Kaguru,NYAMWEZI,icmid_sheet2,1,0,East Africa,"Moreau, R. E. “Joking Relationships in Tanganyika.” Africa 14, no. 7 (1944): 386–400. https://doi.org/10.2307/1157006.",,,,,Kaguru,,,murdock,NYAMWEZI,Nyamwezi,registry,bootstrapped from entity index polygon_ids,0
Kaguru,SAGARA,icmid_sheet2,1,0,East Africa,https://journals.co.za/doi/pdf/10.10520/AJA00020117_65,"The central proposition that this paper is directed to examine is the degree
to which utani provides an ideological framework which justifies differential
access to resources while affirming social equality of the participants",,,,Kaguru,,,murdock,SAGARA,SAGARA,gis_exact,gis:murdock,0
Kamba,KIMBU,icmid_sheet2,1,0,East Africa,https://dokumen.pub/the-peoples-of-greater-unyamwezitanzania-nyamwezi-sukuma-sumbwa-kimbu-konongo-east-central-africa-part-xvii-ethnographic-survey-of-africa-1nbsped-113823348x-9781138233485.html,"Relationships of friendship between
individuals and joking relationships between groups are also found",,murdock,KAMBA,KAMBA,gis_exact,gis:murdock,murdock,KIMBU,KIMBU,gis_exact,gis:murdock,1
KAMBA,Nyamwezi,icmid_sheet2,1,0,East Africa,https://cir.nii.ac.jp/crid/1390282681110774016?lang=en,,,murdock,KAMBA,KAMBA,gis_exact,gis:murdock,murdock,NYAMWEZI,Nyamwezi,index,ethnic_entity_index,1
Kami,KWERE,icmid_sheet2,1,0,East Africa,https://www.jstor.org/stable/668454?seq=9,,,,,Kami,,,murdock,KWERE,KWERE,gis_exact,gis:murdock,0
Kami,MBUNGA,icmid_sheet2,1,0,East Africa,https://sci-hub.fr/10.2307/1157006,,,,,Kami,,,murdock,MBUNGA,Mbunga,registry,bootstrapped from entity index polygon_ids,0
Kami,MPEZENI,icmid_sheet2,1,0,East Africa,"“Joking Relationship in East Africa.” Africa 13, no. 2 (1940): 170–73. https://doi.org/10.1017/S0001972000003429.",,Also called Ngoni,,,Kami,,,murdock,MPEZENI,Mpezeni,registry,bootstrapped from entity index polygon_ids,0
Kami,NGURU,icmid_sheet2,1,0,East Africa,https://utppublishing.com/doi/pdf/10.3138/uram.6.1.4,,,,,Kami,,,murdock,NGURU,NGURU,gis_exact,gis:murdock,0
Kami,NYAMWEZI,icmid_sheet2,1,0,East Africa,"Moreau, R. E. “Joking Relationships in Tanganyika.” Africa 14, no. 7 (1944): 386–400. https://doi.org/10.2307/1157006.",,,,,Kami,,,murdock,NYAMWEZI,Nyamwezi,registry,bootstrapped from entity index polygon_ids,0
Kami,SAGARA,icmid_sheet2,1,0,East Africa,https://journals.co.za/doi/pdf/10.10520/AJA00020117_65,"The central proposition that this paper is directed to examine is the degree
to which utani provides an ideological framework which justifies differential
access to resources while affirming social equality of the participants",,,,Kami,,,murdock,SAGARA,SAGARA,gis_exact,gis:murdock,0
Kami,ZIGULA,icmid_sheet2,1,0,East Africa,,,,,,Kami,,,murdock,ZIGULA,Zigua,registry,synced from ethnic_entity_index,0
Kanembu,Wasili (Arabs),llm_ehraf,1,0,WesternAfrica,/Kanuri_Cohen_73_NK,"Joking relations also hold between clans such as Ngala’s and Magumi; Nguma and T[unknown]ara; Kuburi and T[unknown]ara; Su’urti and Kuburi; or between ethnic groups like Shuwa and Kanuri; Kurdi and Shuwa; Hausa and Fulani; Kanuri and Fulani; Tubu and Monga; Monga and B[unknown]adde; Kanembu and Wasili (Arabs). In the above relationships which seem in all cases to cover an area of interrelations involving potential conflicts, the joking takes the form (usually) of the grandparent-grandchild relationship.",Explicit listing of Kanembu and Wasili (Arabs) as holding joking relations.,murdock,KANEMBU,Kanembu,index,ethnic_entity_index,,,Wasili (Arabs),,,0
Kanouri,Wodaabe,llm_ehraf,1,0,WesternAfrica,/Fulani_Kaartinen_7_NK,"Ancient marriages8 between Wodaabe headmen and their Beriberi and Kanouri neighbors, as well as between Wodaabe and the slaves they acquired during the period of jihad, have remained as a basis of dendiraagal between Woodaabe and their ancient allies and serfs (ibid.: 27, 29, 37, ; 1970, ).",Marital ties with Kanouri are cited as basis for dendiraagal (joking/alliance) between groups.,geopr,KANOURI,Kanouri,index,ethnic_entity_index,,,Wodaabe,,,0
KANURI,Karekare,icmid_sheet2,1,0,West Africa,"Lake Chad and the migratory routes
  to Borno: a linguistic trail?
  Doris LÖHR","As regards joking relationships, we find that no Kanuri
sub-groups are mentioned in this context, only “Kanuri” as a unit e.g. the
Suwurti report that the Kanuri joke with Karekare, Jukun, Fulani, reflecting
long-lasting areal contact (cf. Ibriszimow et al. 2001).",,murdock,KANURI,Kanuri,registry,bootstrapped from entity index polygon_ids,murdock,KAREKARE,KAREKARE,gis_exact,gis:murdock,1
Kanuri,Shuwa,llm_ehraf,1,0,WesternAfrica,/Kanuri_Cohen_73_NK,"Joking relations also hold between clans such as Ngala’s and Magumi; Nguma and T[unknown]ara; Kuburi and T[unknown]ara; Su’urti and Kuburi; or between ethnic groups like Shuwa and Kanuri; Kurdi and Shuwa; Hausa and Fulani; Kanuri and Fulani; Tubu and Monga; Monga and B[unknown]adde; Kanembu and Wasili (Arabs). In the above relationships which seem in all cases to cover an area of interrelations involving potential conflicts, the joking takes the form (usually) of the grandparent-grandchild relationship.",Ethnic groups explicitly listed as holding joking relations; cross-community tie.,murdock,KANURI,Kanuri,index,ethnic_entity_index,murdock,SHUWA,Shuwa,index,ethnic_entity_index,1
KAONDE,Lamba,icmid_sheet2,1,0,East Africa,https://www.tandfonline.com/doi/abs/10.1080/00020185808707042,,"Exploring and Deconstructing the Chimbuya Phenomenon at the University of Zambia in the School of
  Education: Lecturer’s and Learner’s Perspective",murdock,KAONDE,Kaonde,registry,bootstrapped from entity index polygon_ids,murdock,LAMBA,Lamba,index,ethnic_entity_index,1
Kaonde,LAMBYA,icmid_sheet2,1,0,East Africa,"Exploring and Deconstructing the Chimbuya Phenomenon at the University of Zambia in the School of
  Education: Lecturer’s and Learner’s Perspective",,InitialGoogling,murdock,KAONDE,Kaonde,index,ethnic_entity_index,murdock,LAMBYA,LAMBYA,gis_exact,gis:murdock,1
Kaonde,LENJE,icmid_sheet2,1,0,East Africa,https://journals.unza.zm/index.php/zjh/article/view/1376/971,"On the western side of Zambia, the Lozi communities have joking relations with the Bantu
Botatwe complex commonly known as BaTonga. In essence, the BaTonga group includes
Gwembe Tonga, Plateau Tonga, Toka, Leya, Ila, Lenje and Soli","and many other
  smaller tribes appear to have no joking relationships with other tribes.",murdock,KAONDE,Kaonde,index,ethnic_entity_index,murdock,LENJE,Lenje,registry,bootstrapped from entity index polygon_ids,1
KAONDE,Lozi,icmid_sheet2,2,0,East Africa,https://www.tandfonline.com/doi/abs/10.1080/00020185808707042 | eHRAF: tonga_colson_179_1967_sv,,"Exploring and Deconstructing the Chimbuya Phenomenon at the University of Zambia in the School of
  Education: Lecturer’s and Learner’s Perspective | A Lozi, for example, did not have to be invited to feel at
  home among the Tonga, Kaonde, Luvale or Ila.",murdock,KAONDE,Kaonde,registry,bootstrapped from entity index polygon_ids,murdock,LOZI,Lozi,index,ethnic_entity_index,1
Karaboro,Lobi,icmid_sheet2;keerthana_analysis,3,0,BurkinaFaso,"The Politics of Joking Relationships in Burkina Faso
Author(s): Sten Hagberg
Source: Zeitschrift für Ethnologie, 2006, Bd. 131, H. 2 (2006), pp. 197-214
Published by: Dietrich Reimer Verlag GmbH
Stable URL: https://www.jstor.org/stable/25843052","d pact, today all people from Banfora and all people from Gaoua joke with
each other. Karaboro joke with Lobi, although some interlocutors recognise that they do
not have any blood pa",,murdock,KARABORO,Karaboro,index,ethnic_entity_index,murdock,LOBI,Lobi,index,ethnic_entity_index,1
Karaboro,Lorhon,keerthana_analysis,1,0,BurkinaFaso,,,,murdock,KARABORO,Karaboro,index,ethnic_entity_index,,,Lorhon,,,0
Karaboro,Yana,keerthana_analysis,1,0,BurkinaFaso,,,,murdock,KARABORO,Karaboro,index,ethnic_entity_index,,,Yana,,,0
Katsinawa,MAGUZAWA,icmid_sheet2,1,0,West Africa,https://www.jstor.org/stable/3270434,"The Maguzawa of Katsina prefer the term Katsinawa, which
means ""the indigenes of Katsina."" Grace Abdu draws attention to the
sinister, but friendly joking relationship which has existed for ages
between the Maguzawa of Kano and those of Katsina. The Maguzawa
of Kano are said to describe those of Katsina rather derisively as ""re-
pairers of broken calabashes and leather buckets"", citing the proverb
""gerte karshen sana'a,"" i.e. repair work is the last or most inferior of
all occupations (Abdu",,,,Katsinawa,,,murdock,MAGUZAWA,MAGUZAWA,gis_exact,gis:murdock,0
KGALAGADI,SAN,icmid_sheet2,1,0,Southern Africa,https://qiraatafrican.com/en/19023/the-kgalagadi-of-botswana/,"For centuries, the Kgalagadi have lived in close proximity to the San (“Bushmen”). This interaction has resulted in a complex relationship",,murdock,KGALAGADI,KGALAGADI,gis_exact,gis:murdock,geopr,56005900,San,gis_exact,gis:geopr,1
KGALAGADI,TANNEKWE,icmid_sheet2,1,0,Southern Africa,https://qiraatafrican.com/en/19023/the-kgalagadi-of-botswana/,"For centuries, the Kgalagadi have lived in close proximity to the San (“Bushmen”). This interaction has resulted in a complex relationship",Also known as SAN,murdock,KGALAGADI,KGALAGADI,gis_exact,gis:murdock,murdock,TANNEKWE,TANNEKWE,gis_exact,gis:murdock,1
KIKUYU,Masaai,icmid_sheet2,1,0,East Africa,https://kups.ub.uni-koeln.de/7064/1/Turning_conflict_into_coexistence_-_PhD_Thesis_-_Eric_Mutisya_Kioko.pdf,"What is interesting in the following discussion is how networks
of relationships between Maasai and Kikuyu after the 1993 violence re-shape
property rights discussions, affect the social-economic world of the two groups, and
respond to changing land-use patterns and to market and local economies.",,murdock,KIKUYU,KIKUYU,gis_exact,gis:murdock,,,Masaai,,,0
KIMBU,Nankwila,icmid_sheet2,1,0,East Africa,https://dokumen.pub/the-peoples-of-greater-unyamwezitanzania-nyamwezi-sukuma-sumbwa-kimbu-konongo-east-central-africa-part-xvii-ethnographic-survey-of-africa-1nbsped-113823348x-9781138233485.html,"Relationships of friendship between
individuals and joking relationships between groups are also found",,murdock,KIMBU,KIMBU,gis_exact,gis:murdock,,,Nankwila,,,0
Kinga,MBUNGA,icmid_sheet2,1,0,East Africa,https://sci-hub.fr/10.2307/1157006,,,murdock,KINGA,KINGA,gis_exact,gis:murdock,murdock,MBUNGA,Mbunga,registry,bootstrapped from entity index polygon_ids,1
Kinga,MPEZENI,icmid_sheet2,1,0,East Africa,"“Joking Relationship in East Africa.” Africa 13, no. 2 (1940): 170–73. https://doi.org/10.1017/S0001972000003429.",,Also called Ngoni,murdock,KINGA,KINGA,gis_exact,gis:murdock,murdock,MPEZENI,Mpezeni,registry,bootstrapped from entity index polygon_ids,1
KINGA,Ngoni,icmid_sheet2,1,0,East Africa,,,,murdock,KINGA,KINGA,gis_exact,gis:murdock,,,Ngoni,,,0
Kokobiri,Mossi (Yorbmosse),keerthana_analysis,1,0,BurkinaFaso,,,,,,Kokobiri,,,murdock,MOSSI,Mossi (Yorbmosse),index,ethnic_entity_index,0
KONKOMBA,Mamprusi,icmid_sheet2,1,0,West Africa,"Origin, migration and settlement history of the Konkomba of Northern Ghana, ca. 1400-1800
 Authors
 Joseph Udimal Kachim
 Department of History, University of Cape Coast
 DOI: https://doi.org/10.47963/ajacc.v8i.850","This has been the basis of a joking relationship between the
Konkomba and the Bimoba to this day.",,murdock,KONKOMBA,KONKOMBA,gis_exact,gis:murdock,murdock,MAMPRUSI,MAMPRUSI,gis_exact,gis:murdock,1
KONKOMBA,Moba,icmid_sheet2,1,0,West Africa,"Origin, migration and settlement history of the Konkomba of Northern Ghana, ca. 1400-1800
 Authors
 Joseph Udimal Kachim
 Department of History, University of Cape Coast
 DOI: https://doi.org/10.47963/ajacc.v8i.850","This has been the basis of a joking relationship between the
Konkomba and the Bimoba to this day.",,murdock,KONKOMBA,KONKOMBA,gis_exact,gis:murdock,murdock,MOBA,Moba,index,ethnic_entity_index,1
Kotokoli,Moba,keerthana_analysis,1,0,BurkinaFaso,,,,,,Kotokoli,,,murdock,MOBA,Moba,index,ethnic_entity_index,0
Koulibali,Tangara,llm_ehraf,1,0,WesternAfrica,/Bambara_119_NK,"Koulibali and a Tangara, bound by a long and durable friendship, decided to seal it in a lasting way. They opened their veins and put a little blood from one wound into the other, thus realizing the alliance through this exchange.",Koulibali and a Tangara sealed a long durable friendship by blood—explicit institutionalized alliance with joking relationship context.,,,Koulibali,,,,,Tangara,,,0
Koyaka,SENUFO,icmid_sheet2,1,0,West Africa,"NEA, Madou. « Écriture et développement en Côte d'Ivoire ». ZAOULI, n°02 Spécial, décembre 2021, pp. 318-328. Enseignant-chercheur, Département de Théâtre et Traditions Populaires, ESTCA/INSAAC, Côte d'Ivoire. ISSN : 2788-9343.",Tableau 2 : Alliances inter-ethniques à plaisanterie,,,,Koyaka,,,murdock,SENUFO,Senufo,registry,bootstrapped from entity index polygon_ids,0
"kpara and karé (""brothers of the knife"", village men with whom they had shared the nkumbi initiation)",Mbuti,llm_ehraf,1,0,CentralAfrica,/Mbuti_Turnbull_1983_64_KS,"What the Mbuti liked best of all was a village that they took to be the best of the outside world, but with the least amount of pressure attached to it. There they put the classical joking relationship into action in a masterful way. Rather than bartering or trading, as villagers did, the Mbuti brought their kpara and karé (""brothers of the knife,"" village men with whom they had shared the nkumbi initiation) whatever they chose to bring by way of forest products, and did just as much work as they wanted to, in return helping themselves to whatever they wanted from their patrons' households or plantations.","Text describes a culturally recognized, recurrent joking relationship between Mbuti and these village men.",,,"kpara and karé (""brothers of the knife"", village men with whom they had shared the nkumbi initiation)",,,,,Mbuti,,,0
KPELLE,Malinke,icmid_sheet2,1,0,West Africa,"""Les alliances interethniques en Afrique de l’Ouest
 Nouvelles stratégies de réconciliation
 Zaoro Hyacinthe Loua, S.J.
 Volume 23, Number 2, 2015
 Théologies de la réconciliation
 URI: https://id.erudit.org/iderudit/1042749ar""","Cependant, « la manifestation la plus remarquable du sanankuya
[“alliance à plaisanterie” dans la langue Malinke et en Kanalaa, langue du
groupe ethnique Kpellè de Guinée Conakry] est attestée dans les échanges
de plaisanterie entre alliés » (Konate 1977, 11). Cet effort de clarification
de termes d’alliances variées n’occulte pas l’interdépendance de celles-ci sur
le plan des pratiques sociales.",,murdock,KPELLE,Kpelle,registry,bootstrapped from entity index polygon_ids,murdock,MALINKE,Malinke,index,ethnic_entity_index,1
KPELLE,Mano,icmid_sheet2,1,0,West Africa,"""Les alliances interethniques en Afrique de l’Ouest
 Nouvelles stratégies de réconciliation
 Zaoro Hyacinthe Loua, S.J.
 Volume 23, Number 2, 2015
 Théologies de la réconciliation
 URI: https://id.erudit.org/iderudit/1042749ar""","Cependant, « la manifestation la plus remarquable du sanankuya
[“alliance à plaisanterie” dans la langue Malinke et en Kanalaa, langue du
groupe ethnique Kpellè de Guinée Conakry] est attestée dans les échanges
de plaisanterie entre alliés » (Konate 1977, 11). Cet effort de clarification
de termes d’alliances variées n’occulte pas l’interdépendance de celles-ci sur
le plan des pratiques sociales.",,murdock,KPELLE,Kpelle,registry,bootstrapped from entity index polygon_ids,greg,MANO,Mano,index,ethnic_entity_index,1
Kugni,VILI,icmid_sheet2,1,0,Central Africa,https://fr.wikipedia.org/wiki/Vili_(peuple),"Les Vili auraient vécu harmonieusement avec les
Yombé, les Lumbu, les Vungu, les Punu et les
2
Kugni au sein du royaume de Loango . Avec ces
3,2
peuples, ils ont développé le Bundiku , une
relation de bon voisinage qui permet de prévenir
des conflits, notamment grâce aux plaisanteries.",,,,Kugni,,,murdock,VILI,VILI,gis_exact,gis:murdock,0
KULANGO,Lobi,icmid_sheet2,1,0,West Africa,"NEA, Madou. « Écriture et développement en Côte d'Ivoire ». ZAOULI, n°02 Spécial, décembre 2021, pp. 318-328. Enseignant-chercheur, Département de Théâtre et Traditions Populaires, ESTCA/INSAAC, Côte d'Ivoire. ISSN : 2788-9343.",Tableau 2 : Alliances inter-ethniques à plaisanterie,,murdock,KULANGO,KULANGO,gis_exact,gis:murdock,murdock,LOBI,Lobi,index,ethnic_entity_index,1
KUNDA,Yawo,icmid_sheet2,1,0,East Africa,,,,murdock,KUNDA,KUNDA,gis_exact,gis:murdock,,,Yawo,,,0
Kurdi,Shuwa,llm_ehraf,1,0,WesternAfrica,/Kanuri_Cohen_73_NK,"Joking relations also hold between clans such as Ngala’s and Magumi; Nguma and T[unknown]ara; Kuburi and T[unknown]ara; Su’urti and Kuburi; or between ethnic groups like Shuwa and Kanuri; Kurdi and Shuwa; Hausa and Fulani; Kanuri and Fulani; Tubu and Monga; Monga and B[unknown]adde; Kanembu and Wasili (Arabs). In the above relationships which seem in all cases to cover an area of interrelations involving potential conflicts, the joking takes the form (usually) of the grandparent-grandchild relationship.",Explicit ethnic-group pair listed as joking partners.,,,Kurdi,,,murdock,SHUWA,Shuwa,index,ethnic_entity_index,0
Kurumba,Mossi,keerthana_analysis,1,0,BurkinaFaso,,,,murdock,LILSE,Kurumba,index,https://www.101lasttribes.com/tribes/kurumba.html,murdock,MOSSI,Mossi,index,ethnic_entity_index,1
Kurumba,Mossi (Yarse),keerthana_analysis,2,0,BurkinaFaso,,,,murdock,LILSE,Kurumba,index,https://www.101lasttribes.com/tribes/kurumba.html,murdock,MOSSI,Mossi (Yarse),index,ethnic_entity_index,1
Kurumba,Ninisi,keerthana_analysis,1,0,BurkinaFaso,,,,murdock,LILSE,Kurumba,index,https://www.101lasttribes.com/tribes/kurumba.html,,,Ninisi,,,0
Kurumba,Samo,keerthana_analysis,1,0,BurkinaFaso,,,,murdock,LILSE,Kurumba,index,https://www.101lasttribes.com/tribes/kurumba.html,murdock,SAMO,Samo,index,ethnic_entity_index,1
Kurumba,Senufo,keerthana_analysis,1,0,BurkinaFaso,,,,murdock,LILSE,Kurumba,index,https://www.101lasttribes.com/tribes/kurumba.html,murdock,SENUFO,Senufo,index,ethnic_entity_index,1
Kurumba,SONGHAI,keerthana_analysis,2,0,BurkinaFaso,,,,murdock,LILSE,Kurumba,index,https://www.101lasttribes.com/tribes/kurumba.html,murdock,SONGHAI,SONGHAI,index,ethnic_entity_index,1
Kurumba,Tuaregs,keerthana_analysis,1,0,BurkinaFaso,,,,murdock,LILSE,Kurumba,index,https://www.101lasttribes.com/tribes/kurumba.html,greg,TUAREGS,Tuaregs,index,ethnic_entity_index,1
Kurumba,Tusyan,keerthana_analysis,1,0,BurkinaFaso,,,,murdock,LILSE,Kurumba,index,https://www.101lasttribes.com/tribes/kurumba.html,murdock,TUSYAN,Tusyan,index,ethnic_entity_index,1
Kurumba,Yana,keerthana_analysis,1,0,BurkinaFaso,,,,murdock,LILSE,Kurumba,index,https://www.101lasttribes.com/tribes/kurumba.html,,,Yana,,,0
Kurumba,Zaose,keerthana_analysis,1,0,BurkinaFaso,,,,murdock,LILSE,Kurumba,index,https://www.101lasttribes.com/tribes/kurumba.html,,,Zaose,,,0
Kusaal,Lobi,keerthana_analysis,1,0,BurkinaFaso,,,,,,Kusaal,,,murdock,LOBI,Lobi,index,ethnic_entity_index,0
Kusaal,Mossi (Yarse),keerthana_analysis,1,0,BurkinaFaso,,,,,,Kusaal,,,murdock,MOSSI,Mossi (Yarse),index,ethnic_entity_index,0
Kusaal,Nankana,keerthana_analysis,1,0,BurkinaFaso,,,,,,Kusaal,,,,,Nankana,,,0
Kusaal,Yana,keerthana_analysis,2,0,BurkinaFaso,,,,,,Kusaal,,,,,Yana,,,0
Kutu,KWERE,icmid_sheet2,1,0,East Africa,https://www.jstor.org/stable/668454?seq=9,,,,,Kutu,,,murdock,KWERE,KWERE,gis_exact,gis:murdock,0
Kutu,SAGARA,icmid_sheet2,1,0,East Africa,https://journals.co.za/doi/pdf/10.10520/AJA00020117_65,"The central proposition that this paper is directed to examine is the degree
to which utani provides an ideological framework which justifies differential
access to resources while affirming social equality of the participants",,,,Kutu,,,murdock,SAGARA,SAGARA,gis_exact,gis:murdock,0
Kwa,MUMUYE,icmid_sheet2,1,0,West Africa,https://d1wqtxts1xzle7.cloudfront.net/121911179/Kwa_Ethnographic_historical_profile_Mandaras_Pub-libre.pdf?1742410595=&response-content-disposition=inline%3B+filename%3DThe_Kwa_Baa_A_collection_of_ethnographic.pdf&Expires=1783079854&Signature=BZuNmqDT-TX94S-WnGRCR-AC6qDMpqpCri-etoStNJIBFdVUk2gDKAqyHDeXUbcbqmbng-8sVYROrzRvi3lXtvTM486bnNumFoOyWDDiZPi6Cb6Etl~CvMemp4HvlfeUwDmIiVH~dVGJjIVcXIbJzJJr7oy3x5X-PIusrg9ZQUA5hEkeJcR0O10Iw77lHW6aT4ImOfyL6N3BNfaqjlz9EXk~DH~dJuDnDsaKnpE7GsgA~BcbmUXWIgLGAX95EzQ9p8tfqWhni86bXLKdGisKysGqdIdOiBrce4GxhYbp3-pu3yopvoP7LKXLxpkUQyVl5d7UjRbqvo7noWkHnMsH7w__&Key-Pair-Id=APKAJLOHF5GGSLRBV4ZA,"The Kwa have joking relationships with the Jukun, Wurkun groups and Mumuye.",,,,Kwa,,,murdock,MUMUYE,MUMUYE,gis_exact,gis:murdock,0
KWENA,Potential kinship,icmid_sheet2,1,0,Southern Africa,,,"https://www.taylorfrancis.com/chapters/edit/10.4324/9781315683416-4/kinship-marriage-among-tswana-schapera - potentially has kinship information, behind a paywall",murdock,KWENA,KWENA,gis_exact,gis:murdock,,,Potential kinship,,,0
KWERE,Nguru,icmid_sheet2,1,0,East Africa,https://www.jstor.org/stable/668454?seq=9,,,murdock,KWERE,KWERE,gis_exact,gis:murdock,murdock,NGURU,NGURU,gis_exact,gis:murdock,1
Kwere,SAGARA,icmid_sheet2,1,0,East Africa,https://journals.co.za/doi/pdf/10.10520/AJA00020117_65,"The central proposition that this paper is directed to examine is the degree
to which utani provides an ideological framework which justifies differential
access to resources while affirming social equality of the participants",,murdock,KWERE,KWERE,gis_exact,gis:murdock,murdock,SAGARA,SAGARA,gis_exact,gis:murdock,1
LALA,Lamba,icmid_sheet2,2,0,East Africa,"Brian Siegel, “Chipimpi, Vulgar Clans, and Lala-Lamba Ethnohistory,” History in Africa 35 (2008): 439–453.",,,murdock,LALA,LALA,gis_exact,gis:murdock,murdock,LAMBA,Lamba,index,ethnic_entity_index,1
Lala,LENJE,icmid_sheet2,1,0,East Africa,https://journals.unza.zm/index.php/zjh/article/view/1376/971,"On the western side of Zambia, the Lozi communities have joking relations with the Bantu
Botatwe complex commonly known as BaTonga. In essence, the BaTonga group includes
Gwembe Tonga, Plateau Tonga, Toka, Leya, Ila, Lenje and Soli","and many other
  smaller tribes appear to have no joking relationships with other tribes.",murdock,LALA,LALA,gis_exact,gis:murdock,murdock,LENJE,Lenje,registry,bootstrapped from entity index polygon_ids,1
Lamba,LENJE,icmid_sheet2,1,0,East Africa,https://journals.unza.zm/index.php/zjh/article/view/1376/971,"On the western side of Zambia, the Lozi communities have joking relations with the Bantu
Botatwe complex commonly known as BaTonga. In essence, the BaTonga group includes
Gwembe Tonga, Plateau Tonga, Toka, Leya, Ila, Lenje and Soli","and many other
  smaller tribes appear to have no joking relationships with other tribes.",murdock,LAMBA,Lamba,index,ethnic_entity_index,murdock,LENJE,Lenje,registry,bootstrapped from entity index polygon_ids,1
LAMBYA,Lozi,icmid_sheet2,1,0,East Africa,"Exploring and Deconstructing the Chimbuya Phenomenon at the University of Zambia in the School of
  Education: Lecturer’s and Learner’s Perspective",,InitialGoogling,murdock,LAMBYA,LAMBYA,gis_exact,gis:murdock,murdock,LOZI,Lozi,index,ethnic_entity_index,1
Langulu,YAO,icmid_sheet2,1,0,East Africa,https://www.era.anthropology.ac.uk/Kalela/jokingtribes.html,,,,,Langulu,,,murdock,YAO,Yao,registry,bootstrapped from entity index polygon_ids,0
Laye,Lobi,keerthana_analysis,1,0,BurkinaFaso,,,,,,Laye,,,murdock,LOBI,Lobi,index,ethnic_entity_index,0
LENJE,Lenje,icmid_sheet2,1,0,East Africa,https://journals.unza.zm/index.php/zjh/article/view/1376/971,"On the western side of Zambia, the Lozi communities have joking relations with the Bantu
Botatwe complex commonly known as BaTonga. In essence, the BaTonga group includes
Gwembe Tonga, Plateau Tonga, Toka, Leya, Ila, Lenje and Soli","and many other
  smaller tribes appear to have no joking relationships with other tribes.",murdock,LENJE,Lenje,registry,bootstrapped from entity index polygon_ids,murdock,LENJE,Lenje,index,ethnic_entity_index,1
Lenje,LOZI,icmid_sheet2,1,0,East Africa,eHRAF: tonga_colson_179_1967_sv,,"A Lozi, for example, did not have to be invited to feel at
  home among the Tonga, Kaonde, Luvale or Ila.",murdock,LENJE,Lenje,index,ethnic_entity_index,murdock,LOZI,Lozi,registry,bootstrapped from entity index polygon_ids,1
LENJE,Lunda,icmid_sheet2,1,0,East Africa,https://journals.unza.zm/index.php/zjh/article/view/1376/971,"On the western side of Zambia, the Lozi communities have joking relations with the Bantu
Botatwe complex commonly known as BaTonga. In essence, the BaTonga group includes
Gwembe Tonga, Plateau Tonga, Toka, Leya, Ila, Lenje and Soli","and many other
  smaller tribes appear to have no joking relationships with other tribes.",murdock,LENJE,Lenje,registry,bootstrapped from entity index polygon_ids,murdock,LUNDA,Lunda,index,ethnic_entity_index,1
LENJE,Luvale,icmid_sheet2,1,0,East Africa,https://journals.unza.zm/index.php/zjh/article/view/1376/971,"On the western side of Zambia, the Lozi communities have joking relations with the Bantu
Botatwe complex commonly known as BaTonga. In essence, the BaTonga group includes
Gwembe Tonga, Plateau Tonga, Toka, Leya, Ila, Lenje and Soli","and many other
  smaller tribes appear to have no joking relationships with other tribes.",murdock,LENJE,Lenje,registry,bootstrapped from entity index polygon_ids,murdock,LUVALE,Luvale,index,ethnic_entity_index,1
LENJE,Sala,icmid_sheet2,1,0,East Africa,https://journals.unza.zm/index.php/zjh/article/view/1376/971,"On the western side of Zambia, the Lozi communities have joking relations with the Bantu
Botatwe complex commonly known as BaTonga. In essence, the BaTonga group includes
Gwembe Tonga, Plateau Tonga, Toka, Leya, Ila, Lenje and Soli","and many other
  smaller tribes appear to have no joking relationships with other tribes.",murdock,LENJE,Lenje,registry,bootstrapped from entity index polygon_ids,,,Sala,,,0
LENJE,Soli,icmid_sheet2,1,0,East Africa,https://journals.unza.zm/index.php/zjh/article/view/1376/971,"On the western side of Zambia, the Lozi communities have joking relations with the Bantu
Botatwe complex commonly known as BaTonga. In essence, the BaTonga group includes
Gwembe Tonga, Plateau Tonga, Toka, Leya, Ila, Lenje and Soli","and many other
  smaller tribes appear to have no joking relationships with other tribes.",murdock,LENJE,Lenje,registry,bootstrapped from entity index polygon_ids,,,Soli,,,0
LENJE,Swaka,icmid_sheet2,1,0,East Africa,https://journals.unza.zm/index.php/zjh/article/view/1376/971,"On the western side of Zambia, the Lozi communities have joking relations with the Bantu
Botatwe complex commonly known as BaTonga. In essence, the BaTonga group includes
Gwembe Tonga, Plateau Tonga, Toka, Leya, Ila, Lenje and Soli","and many other
  smaller tribes appear to have no joking relationships with other tribes.",murdock,LENJE,Lenje,registry,bootstrapped from entity index polygon_ids,,,Swaka,,,0
LENJE,Western Lunda,icmid_sheet2,1,0,East Africa,https://journals.unza.zm/index.php/zjh/article/view/1376/971,"On the western side of Zambia, the Lozi communities have joking relations with the Bantu
Botatwe complex commonly known as BaTonga. In essence, the BaTonga group includes
Gwembe Tonga, Plateau Tonga, Toka, Leya, Ila, Lenje and Soli","and many other
  smaller tribes appear to have no joking relationships with other tribes.",murdock,LENJE,Lenje,registry,bootstrapped from entity index polygon_ids,,,Western Lunda,,,0
Leya,LOZI,icmid_sheet2,1,0,East Africa,eHRAF: tonga_colson_179_1967_sv,,"A Lozi, for example, did not have to be invited to feel at
  home among the Tonga, Kaonde, Luvale or Ila.",,,Leya,,,murdock,LOZI,Lozi,registry,bootstrapped from entity index polygon_ids,0
little boys,Shewa,llm_ehraf,1,0,EasternAfrica,/Amhara_Messing_1985_263_KS,"Question: “Where are you from?”

Reply:

“Shewa”,

Response:

“Land of liars and traitors.”","Ethnocentric, recurrent teasing ('art of insult') targets named regions—patterned cross-group teasing by boys.",,,little boys,,,,,Shewa,,,0
little boys,Tigrai,llm_ehraf,1,0,EasternAfrica,/Amhara_Messing_1985_263_KS,"Question: “Where are you from?”

Reply:

“Tigrai”,

Response:

“Land of hotheads.”","Ethnocentric, recurrent teasing ('art of insult') targets named regions—patterned cross-group teasing by boys.",,,little boys,,,greg,TIGRAI,Tigrai,gis_exact,gis:greg,0
Lobi,Malinke,keerthana_analysis,1,0,BurkinaFaso,,,,murdock,LOBI,Lobi,index,ethnic_entity_index,murdock,MALINKE,Malinke,index,ethnic_entity_index,1
Lobi,Mossi (Yarse),keerthana_analysis,1,0,BurkinaFaso,,,,murdock,LOBI,Lobi,index,ethnic_entity_index,murdock,MOSSI,Mossi (Yarse),index,ethnic_entity_index,1
Lobi,Sambla,keerthana_analysis,1,0,BurkinaFaso,,,,murdock,LOBI,Lobi,index,ethnic_entity_index,murdock,SAMO,Sambla,index,https://joshuaproject.net/people_groups/14813/UV,1
Lobi,Samo,keerthana_analysis,1,0,BurkinaFaso,,,,murdock,LOBI,Lobi,index,ethnic_entity_index,murdock,SAMO,Samo,index,ethnic_entity_index,1
Lobi,Senufo,icmid_sheet2;keerthana_analysis,3,0,BurkinaFaso,"NEA, Madou. « Écriture et développement en Côte d'Ivoire ». ZAOULI, n°02 Spécial, décembre 2021, pp. 318-328. Enseignant-chercheur, Département de Théâtre et Traditions Populaires, ESTCA/INSAAC, Côte d'Ivoire. ISSN : 2788-9343.",Tableau 2 : Alliances inter-ethniques à plaisanterie,,murdock,LOBI,Lobi,index,ethnic_entity_index,murdock,SENUFO,Senufo,index,ethnic_entity_index,1
Lobi,Siamou,keerthana_analysis,2,0,BurkinaFaso,,,,murdock,LOBI,Lobi,index,ethnic_entity_index,,,Siamou,,,0
Lobi,Sèmè,keerthana_analysis,1,0,BurkinaFaso,,,,murdock,LOBI,Lobi,index,ethnic_entity_index,,,Sèmè,,,0
Lobi,Tessian,keerthana_analysis,1,0,BurkinaFaso,,,,murdock,LOBI,Lobi,index,ethnic_entity_index,,,Tessian,,,0
Lobi,Tiefo,keerthana_analysis,1,0,BurkinaFaso,,,,murdock,LOBI,Lobi,index,ethnic_entity_index,murdock,SENUFO,Tiefo,index,https://www.101lasttribes.com/tribes/tiefo.html,1
Lobi,Tusyan,icmid_sheet2;keerthana_analysis,2,0,BurkinaFaso,https://journals.openedition.org/communication/5503?lang=en,Tableau 1. Groupes alliés à plaisanteries,,murdock,LOBI,Lobi,index,ethnic_entity_index,murdock,TUSYAN,Tusyan,index,ethnic_entity_index,1
Lobi,Zerma,keerthana_analysis,2,0,BurkinaFaso,,,,murdock,LOBI,Lobi,index,ethnic_entity_index,murdock,ZERMA,Zerma,index,ethnic_entity_index,1
Lorhon,Pholma,keerthana_analysis,1,0,BurkinaFaso,,,,,,Lorhon,,,,,Pholma,,,0
Lorhon,Samo,keerthana_analysis,1,0,BurkinaFaso,,,,,,Lorhon,,,murdock,SAMO,Samo,index,ethnic_entity_index,0
Lorhon,Senufo,keerthana_analysis,1,0,BurkinaFaso,,,,,,Lorhon,,,murdock,SENUFO,Senufo,index,ethnic_entity_index,0
Lorhon,Siamou,keerthana_analysis,1,0,BurkinaFaso,,,,,,Lorhon,,,,,Siamou,,,0
Lorhon,Tiefo,keerthana_analysis,1,0,BurkinaFaso,,,,,,Lorhon,,,murdock,SENUFO,Tiefo,index,https://www.101lasttribes.com/tribes/tiefo.html,0
Lorhon,Tusyan,keerthana_analysis,1,0,BurkinaFaso,,,,,,Lorhon,,,murdock,TUSYAN,Tusyan,index,ethnic_entity_index,0
Lorhon,Zerma,keerthana_analysis,1,0,BurkinaFaso,,,,,,Lorhon,,,murdock,ZERMA,Zerma,index,ethnic_entity_index,0
Lower Ogol,Upper Ogol,llm_ehraf,1,0,WesternAfrica,/Dogon_Calame_450_NK,"In the competition the men from Upper Ogol were proved inferior to the contestants from Lower Ogol, and the winners assailed the losers with taunts. A veritable pitched battle ensued with an exchange of blows using staffs and rocks, and only the intervention of the masks brought it successfully to an end.",Describes recurring inter-village 'village taunts' in contest leading to taunts and near-violence; institutionalized inter-village teasing.,,,Lower Ogol,,,,,Upper Ogol,,,0
LOZI,Luvale,icmid_sheet2,1,0,East Africa,eHRAF: tonga_colson_179_1967_sv,,"A Lozi, for example, did not have to be invited to feel at
  home among the Tonga, Kaonde, Luvale or Ila.",murdock,LOZI,Lozi,registry,bootstrapped from entity index polygon_ids,murdock,LUVALE,Luvale,index,ethnic_entity_index,1
LOZI,Ndebele,icmid_sheet2,1,0,East Africa,eHRAF: tonga_colson_179_1967_sv,,"A Lozi, for example, did not have to be invited to feel at
  home among the Tonga, Kaonde, Luvale or Ila.",murdock,LOZI,Lozi,registry,bootstrapped from entity index polygon_ids,murdock,NDEBELE,Ndebele,index,ethnic_entity_index,1
LOZI,Soli,icmid_sheet2,1,0,East Africa,eHRAF: tonga_colson_179_1967_sv,,"A Lozi, for example, did not have to be invited to feel at
  home among the Tonga, Kaonde, Luvale or Ila.",murdock,LOZI,Lozi,registry,bootstrapped from entity index polygon_ids,,,Soli,,,0
LOZI,Toka,icmid_sheet2,1,0,East Africa,eHRAF: tonga_colson_179_1967_sv,,"A Lozi, for example, did not have to be invited to feel at
  home among the Tonga, Kaonde, Luvale or Ila.",murdock,LOZI,Lozi,registry,bootstrapped from entity index polygon_ids,murdock,TONGA,Toka,index,ethnic_entity_index,1
Lozi,Tonga,icmid_sheet2;keerthana_og;llm_ehraf,4,0,SouthernAfrica,/tonga_colson_179_1967_sv | eHRAF: tonga_colson_179_1967_sv,"Then Tonga men are treated as joking-partners by Lozi, and the two help one another. | [/tonga_colson_179_1967_sv:p1] Public opinion therefore has an institutionalized outlet rather through the Drum and the young people's dance than in the clan joking-relationship. Clan joking-partners are still of importance. They have the task of ensuring that funeral rites are properly carried out, and they do much of the work during funerals. They can be asked to serve as go-betweens in matters of negotiation. They also give a person some assurance of support beyond his neighbourhood since the alliance is a constant one with the same clans paired together in all the territory stretching from the Zambezi to the Plateau. Within the neighbourhood, the institution also gives a measure of stability, for it operates to apportion some of the work of the local rituals. Clans in a joking-relationship with the clan of the sikatongo have their set duties in the building or repair of a shrine and in the various rites performed at the shrine.  1/3 ||| [/tonga_colson_179_1967_sv:p2] In Upper River region, the Drum and the young people's dance also publicize scandal. The clan joking-relationship is not present, with the one possible exception mentioned above, and people use the word bujwanyina only with reference to the intertribal joking-relationships which they find in the urban areas. Then Tonga men are treated as joking-partners by Lozi, and the two help one another. 1 The basilufulo take over responsibility for funerals and for certain other matters. One can summon as a silufulo anyone of the same clan who does not belong to one's lineage, but each old-established lineage usually has one other lineage which it considers its primary silufulo partner. The relationship is reciprocal. At SIAMEJA, the lineages of Siameja and Sianenge are partners. On the death of any member of Siameja, word immediately is sent to Sianenge. If the dead person has been an important member of the lineage, one of the two male shade holders of Sianenge will serve as silufulo. Otherwise some other man will be appointed to carry out the duties. Whoever agrees to serve must continue to do so throughout the funeral. He cannot turn his duties over to another. With the male silufulo will be associated a woman silufulo, who also has her role to play. The father's lineage of the dead also summons a silufulo partner to take charge of its responsibilities during the funeral. It too appoints a man and a woman to perform its functions. The male basilufulo serve as go-betweens in any negotiations; they take charge of the digging of the grave and the burial; they butcher animals slaughtered for the occasion and in consultation with the two bereaved lineages decide upon the distribution of the meat; they arrange for the bringing of firewood; they are involved in the consultation with the diviner to find the cause of death; and they are in charge of the inquest at which the divination is announced. The women basilufulo are in charge of the contributions of grain and arrange for its preparation, help to apportion the food, and have the responsibility of caring for the widows if the deceased was a man. Both male and female basilufulo supervise the ritual shaving, today performed only by women, and the anointing of the mourners with red ochre. The male or female silufulo of the lineage of the dead must be present when the shade is inherited, and later, when the inheritor first makes an offering to the shade, it is the silufulo of his or her sex who begins the offering and hands the gourd ladle to the inheritor. When a male inheritor seeks a new ritual wife, it is a silufulo who must negotiate the marriage and bring the wife to his homestead. In the past when a child which cut its upper teeth first was to be disposed of, it was a silufulo who took it to the Zambezi and threw it into a deep pool. 1 When I wrote of the Plateau Tonga clan joking-relationship, I had not heard of the intertribal jok","Author states Lozi treat Tonga men as joking-partners in an intertribal joking-relationship. | Tonga men and Lozi treat each other as joking-partners and help one another, indicating a symmetric joking relationship. | Tonga men and Lozi treat each other as joking-partners in urban areas, using the term 'bujwanyina' for intertribal joking-relationships. | A Lozi, for example, did not have to be invited to feel at
  home among the Tonga, Kaonde, Luvale or Ila.",murdock,LOZI,Lozi,index,ethnic_entity_index,murdock,TONGA,Tonga,index,ethnic_entity_index,1
Luguru,Mbunga,keerthana_og;llm_ehraf,2,0,EasternAfrica,/Luguru_Biedelman_1967_28_KS,"Joking relations exist between Luguru and certain tribal groups such as the Mbunga, Pogoro, Zaramo and Nyamwezi; | [/Luguru_Hamdani_2001_4_KS:p1] The Luguru have never had a centralized political system (Beidelman: 1967; Young et al: 1960). The whole society is decentralized and the principal political organization is mainly through the lineage. Women are important since they are the ones who elect the council of elders. There is general care for elders so that old age is not feared as it carries with it a sense of high respect. Death has a special place in the society and is considered to be the time when an adult enters into the spiritual world of ancestors. There is a special ceremony when a person who has already gone through the rites of passage to adulthood dies. The head of the lineage gives yearly sacrifices to the ancestors in a special ceremony called, “tambiko” which is highly respected by believers of the two dominant religions, Islam and Christianity. It is the time when communication with the dead ancestors is effected. Sacrifices to ensure rainfall and hence good harvest as well as human and crop fertility are made. The ideology behind all these is the appeasement of the ancestors. It is important to note also that there is seniority based on age group. This is evident particularly during the female initiation rites when hierarchy comes out clearly. Under normal circumstances those born earlier would be respected and would have more rights (tombo). Infertility is feared and treated with suspicion. Sisters of a childless woman would arrange for an adoption of one of their own children. When a childless woman dies then her property would automatically go to her sister's children but never to her brother's.  1/3 ||| [/Luguru_Hamdani_2001_4_KS:p2] Gender Roles and the Extended Family Traditionally people work on each other's farm on rotation basis (ubava). There is no remuneration apart from the locally-brewed beer offered at the host's place once the work has been accomplished. Several compounds in the same hamlet share solidarity and traditional rites are performed on common ground (Paul Jean Luc, 1986). Different hamlets in the neighborhood have a joking relationship called “utani” or “ugongo”. These relationships used to be very important, much more than they are today. They have a reciprocal relationship in terms of helping each other in accomplishing farming tasks or any other communal activity. “Utani” joking relationships exist in different ethnic groups in Tanzania. The Luguru have joking relationship with several other ethnic groups including the Wa-Mbunga, Wa-Pogoro, Wa-Nyamwezi, and Wa-Sukuma. (Lucas, 1974). Normally one shares food with others. There is a distinct division of labor between sexes. As in most other societies women normally carry out the usual house chores and child rearing. Other indoor activities such as the making of baskets, sleeping-mats, and pottery are also carried out by women. Young girls look after their younger siblings, help their mothers to carry water and go in search of firewood. Men are involved in the making of farming tools such as hoes and axes. Apart from petty errands young boys help in these activities too. In terms of child delivery practices, men are complete outsiders. In fact this division is narrowed down to only those women who have ever borne children. Infertile women (wagumba) are not included making childbearing very special with a status of its own. Traditional Birth Attendants and other women herbalists are highly esteemed as they would go all out to prescribe medicinal herb so as to stimulate fertility. In this matrilineal society, medical practice relating to the use of medicinal herb associated with reproductive health of women is highly valued. In the past there existed a division of labor between clans too (Beidelman, 1967). For example, the Chuma clan originally manufactured iron tools while the5 Matze clan specialized in cultivation of Sorghum and m","Text explicitly states Luguru have joking relations with Mbunga; cross-community pairing. | The text states Luguru have joking relationships with several ethnic groups including Wa-Mbunga, described as reciprocal. | Luguru have joking relationships with several ethnic groups including Wa-Mbunga.",murdock,LUGURU,Luguru,index,ethnic_entity_index,murdock,MBUNGA,Mbunga,index,ethnic_entity_index,1
Luguru,MPEZENI,icmid_sheet2,1,0,East Africa,"“Joking Relationship in East Africa.” Africa 13, no. 2 (1940): 170–73. https://doi.org/10.1017/S0001972000003429.",,Also called Ngoni,murdock,LUGURU,Luguru,index,ethnic_entity_index,murdock,MPEZENI,Mpezeni,registry,bootstrapped from entity index polygon_ids,1
Luguru,Nyamwezi,icmid_sheet2;keerthana_og;llm_ehraf,3,0,EasternAfrica,/Luguru_Biedelman_1967_28_KS,"Joking relations exist between Luguru and certain tribal groups such as the Mbunga, Pogoro, Zaramo and Nyamwezi; | [/Luguru_Hamdani_2001_4_KS:p1] The Luguru have never had a centralized political system (Beidelman: 1967; Young et al: 1960). The whole society is decentralized and the principal political organization is mainly through the lineage. Women are important since they are the ones who elect the council of elders. There is general care for elders so that old age is not feared as it carries with it a sense of high respect. Death has a special place in the society and is considered to be the time when an adult enters into the spiritual world of ancestors. There is a special ceremony when a person who has already gone through the rites of passage to adulthood dies. The head of the lineage gives yearly sacrifices to the ancestors in a special ceremony called, “tambiko” which is highly respected by believers of the two dominant religions, Islam and Christianity. It is the time when communication with the dead ancestors is effected. Sacrifices to ensure rainfall and hence good harvest as well as human and crop fertility are made. The ideology behind all these is the appeasement of the ancestors. It is important to note also that there is seniority based on age group. This is evident particularly during the female initiation rites when hierarchy comes out clearly. Under normal circumstances those born earlier would be respected and would have more rights (tombo). Infertility is feared and treated with suspicion. Sisters of a childless woman would arrange for an adoption of one of their own children. When a childless woman dies then her property would automatically go to her sister's children but never to her brother's.  1/3 ||| [/Luguru_Hamdani_2001_4_KS:p2] Gender Roles and the Extended Family Traditionally people work on each other's farm on rotation basis (ubava). There is no remuneration apart from the locally-brewed beer offered at the host's place once the work has been accomplished. Several compounds in the same hamlet share solidarity and traditional rites are performed on common ground (Paul Jean Luc, 1986). Different hamlets in the neighborhood have a joking relationship called “utani” or “ugongo”. These relationships used to be very important, much more than they are today. They have a reciprocal relationship in terms of helping each other in accomplishing farming tasks or any other communal activity. “Utani” joking relationships exist in different ethnic groups in Tanzania. The Luguru have joking relationship with several other ethnic groups including the Wa-Mbunga, Wa-Pogoro, Wa-Nyamwezi, and Wa-Sukuma. (Lucas, 1974). Normally one shares food with others. There is a distinct division of labor between sexes. As in most other societies women normally carry out the usual house chores and child rearing. Other indoor activities such as the making of baskets, sleeping-mats, and pottery are also carried out by women. Young girls look after their younger siblings, help their mothers to carry water and go in search of firewood. Men are involved in the making of farming tools such as hoes and axes. Apart from petty errands young boys help in these activities too. In terms of child delivery practices, men are complete outsiders. In fact this division is narrowed down to only those women who have ever borne children. Infertile women (wagumba) are not included making childbearing very special with a status of its own. Traditional Birth Attendants and other women herbalists are highly esteemed as they would go all out to prescribe medicinal herb so as to stimulate fertility. In this matrilineal society, medical practice relating to the use of medicinal herb associated with reproductive health of women is highly valued. In the past there existed a division of labor between clans too (Beidelman, 1967). For example, the Chuma clan originally manufactured iron tools while the5 Matze clan specialized in cultivation of Sorghum and m","Nyamwezi explicitly listed as having joking relations with Luguru; inter-community institution. | Same as above, Luguru and Wa-Nyamwezi have joking relationship. | Luguru have joking relationships with several ethnic groups including Wa-Nyamwezi.",murdock,LUGURU,Luguru,index,ethnic_entity_index,murdock,NYAMWEZI,Nyamwezi,index,ethnic_entity_index,1
Luguru,Pogoro,keerthana_og;llm_ehraf,2,0,EasternAfrica,/Luguru_Biedelman_1967_28_KS,"Joking relations exist between Luguru and certain tribal groups such as the Mbunga, Pogoro, Zaramo and Nyamwezi; | [/Luguru_Hamdani_2001_4_KS:p1] The Luguru have never had a centralized political system (Beidelman: 1967; Young et al: 1960). The whole society is decentralized and the principal political organization is mainly through the lineage. Women are important since they are the ones who elect the council of elders. There is general care for elders so that old age is not feared as it carries with it a sense of high respect. Death has a special place in the society and is considered to be the time when an adult enters into the spiritual world of ancestors. There is a special ceremony when a person who has already gone through the rites of passage to adulthood dies. The head of the lineage gives yearly sacrifices to the ancestors in a special ceremony called, “tambiko” which is highly respected by believers of the two dominant religions, Islam and Christianity. It is the time when communication with the dead ancestors is effected. Sacrifices to ensure rainfall and hence good harvest as well as human and crop fertility are made. The ideology behind all these is the appeasement of the ancestors. It is important to note also that there is seniority based on age group. This is evident particularly during the female initiation rites when hierarchy comes out clearly. Under normal circumstances those born earlier would be respected and would have more rights (tombo). Infertility is feared and treated with suspicion. Sisters of a childless woman would arrange for an adoption of one of their own children. When a childless woman dies then her property would automatically go to her sister's children but never to her brother's.  1/3 ||| [/Luguru_Hamdani_2001_4_KS:p2] Gender Roles and the Extended Family Traditionally people work on each other's farm on rotation basis (ubava). There is no remuneration apart from the locally-brewed beer offered at the host's place once the work has been accomplished. Several compounds in the same hamlet share solidarity and traditional rites are performed on common ground (Paul Jean Luc, 1986). Different hamlets in the neighborhood have a joking relationship called “utani” or “ugongo”. These relationships used to be very important, much more than they are today. They have a reciprocal relationship in terms of helping each other in accomplishing farming tasks or any other communal activity. “Utani” joking relationships exist in different ethnic groups in Tanzania. The Luguru have joking relationship with several other ethnic groups including the Wa-Mbunga, Wa-Pogoro, Wa-Nyamwezi, and Wa-Sukuma. (Lucas, 1974). Normally one shares food with others. There is a distinct division of labor between sexes. As in most other societies women normally carry out the usual house chores and child rearing. Other indoor activities such as the making of baskets, sleeping-mats, and pottery are also carried out by women. Young girls look after their younger siblings, help their mothers to carry water and go in search of firewood. Men are involved in the making of farming tools such as hoes and axes. Apart from petty errands young boys help in these activities too. In terms of child delivery practices, men are complete outsiders. In fact this division is narrowed down to only those women who have ever borne children. Infertile women (wagumba) are not included making childbearing very special with a status of its own. Traditional Birth Attendants and other women herbalists are highly esteemed as they would go all out to prescribe medicinal herb so as to stimulate fertility. In this matrilineal society, medical practice relating to the use of medicinal herb associated with reproductive health of women is highly valued. In the past there existed a division of labor between clans too (Beidelman, 1967). For example, the Chuma clan originally manufactured iron tools while the5 Matze clan specialized in cultivation of Sorghum and m","Document lists Pogoro among tribal groups with institutional joking ties to Luguru. | Same as above, Luguru and Wa-Pogoro have joking relationship. | Luguru have joking relationships with several ethnic groups including Wa-Pogoro.",murdock,LUGURU,Luguru,index,ethnic_entity_index,murdock,POGORO,Pogoro,index,ethnic_entity_index,1
Luguru,SAGARA,icmid_sheet2,1,0,East Africa,https://journals.co.za/doi/pdf/10.10520/AJA00020117_65,"The central proposition that this paper is directed to examine is the degree
to which utani provides an ideological framework which justifies differential
access to resources while affirming social equality of the participants",,murdock,LUGURU,Luguru,index,ethnic_entity_index,murdock,SAGARA,SAGARA,gis_exact,gis:murdock,1
Luguru,Sukuma,keerthana_og;llm_ehraf,2,0,EasternAfrica,/Luguru_Hamdani_2001_4_KS,"The Luguru have joking relationship with several other ethnic groups including the Wa-Mbunga, Wa-Pogoro, Wa-Nyamwezi, and Wa-Sukuma. (Lucas, 1974). | [/Luguru_Hamdani_2001_4_KS:p1] The Luguru have never had a centralized political system (Beidelman: 1967; Young et al: 1960). The whole society is decentralized and the principal political organization is mainly through the lineage. Women are important since they are the ones who elect the council of elders. There is general care for elders so that old age is not feared as it carries with it a sense of high respect. Death has a special place in the society and is considered to be the time when an adult enters into the spiritual world of ancestors. There is a special ceremony when a person who has already gone through the rites of passage to adulthood dies. The head of the lineage gives yearly sacrifices to the ancestors in a special ceremony called, “tambiko” which is highly respected by believers of the two dominant religions, Islam and Christianity. It is the time when communication with the dead ancestors is effected. Sacrifices to ensure rainfall and hence good harvest as well as human and crop fertility are made. The ideology behind all these is the appeasement of the ancestors. It is important to note also that there is seniority based on age group. This is evident particularly during the female initiation rites when hierarchy comes out clearly. Under normal circumstances those born earlier would be respected and would have more rights (tombo). Infertility is feared and treated with suspicion. Sisters of a childless woman would arrange for an adoption of one of their own children. When a childless woman dies then her property would automatically go to her sister's children but never to her brother's.  1/3 ||| [/Luguru_Hamdani_2001_4_KS:p2] Gender Roles and the Extended Family Traditionally people work on each other's farm on rotation basis (ubava). There is no remuneration apart from the locally-brewed beer offered at the host's place once the work has been accomplished. Several compounds in the same hamlet share solidarity and traditional rites are performed on common ground (Paul Jean Luc, 1986). Different hamlets in the neighborhood have a joking relationship called “utani” or “ugongo”. These relationships used to be very important, much more than they are today. They have a reciprocal relationship in terms of helping each other in accomplishing farming tasks or any other communal activity. “Utani” joking relationships exist in different ethnic groups in Tanzania. The Luguru have joking relationship with several other ethnic groups including the Wa-Mbunga, Wa-Pogoro, Wa-Nyamwezi, and Wa-Sukuma. (Lucas, 1974). Normally one shares food with others. There is a distinct division of labor between sexes. As in most other societies women normally carry out the usual house chores and child rearing. Other indoor activities such as the making of baskets, sleeping-mats, and pottery are also carried out by women. Young girls look after their younger siblings, help their mothers to carry water and go in search of firewood. Men are involved in the making of farming tools such as hoes and axes. Apart from petty errands young boys help in these activities too. In terms of child delivery practices, men are complete outsiders. In fact this division is narrowed down to only those women who have ever borne children. Infertile women (wagumba) are not included making childbearing very special with a status of its own. Traditional Birth Attendants and other women herbalists are highly esteemed as they would go all out to prescribe medicinal herb so as to stimulate fertility. In this matrilineal society, medical practice relating to the use of medicinal herb associated with reproductive health of women is highly valued. In the past there existed a division of labor between clans too (Beidelman, 1967). For example, the Chuma clan originally manufactured iron tools while the5 Matze clan speciali","Explicitly lists Luguru joking relationships with Wa‑Sukuma, indicating institutionalized inter-ethnic joking. | Same as above, Luguru and Wa-Sukuma have joking relationship. | Luguru have joking relationships with several ethnic groups including Wa-Sukuma.",murdock,LUGURU,Luguru,index,ethnic_entity_index,murdock,SUKUMA,Sukuma,index,ethnic_entity_index,1
Luguru,Wa-Mbunga,llm_ehraf,1,0,EasternAfrica,/Luguru_Hamdani_2001_4_KS,"The Luguru have joking relationship with several other ethnic groups including the Wa-Mbunga, Wa-Pogoro, Wa-Nyamwezi, and Wa-Sukuma. (Lucas, 1974).","Explicitly lists Luguru joking relationships with Wa‑Mbunga, indicating institutionalized inter-ethnic joking.",murdock,LUGURU,Luguru,index,ethnic_entity_index,,,Wa-Mbunga,,,0
Luguru,Wa-Nyamwezi,llm_ehraf,1,0,EasternAfrica,/Luguru_Hamdani_2001_4_KS,"The Luguru have joking relationship with several other ethnic groups including the Wa-Mbunga, Wa-Pogoro, Wa-Nyamwezi, and Wa-Sukuma. (Lucas, 1974).","Explicitly lists Luguru joking relationships with Wa‑Nyamwezi, indicating institutionalized inter-ethnic joking.",murdock,LUGURU,Luguru,index,ethnic_entity_index,,,Wa-Nyamwezi,,,0
Luguru,Wa-Pogoro,llm_ehraf,1,0,EasternAfrica,/Luguru_Hamdani_2001_4_KS,"The Luguru have joking relationship with several other ethnic groups including the Wa-Mbunga, Wa-Pogoro, Wa-Nyamwezi, and Wa-Sukuma. (Lucas, 1974).","Explicitly lists Luguru joking relationships with Wa‑Pogoro, indicating institutionalized inter-ethnic joking.",murdock,LUGURU,Luguru,index,ethnic_entity_index,,,Wa-Pogoro,,,0
Luguru,Zaramo,keerthana_og;llm_ehraf,2,0,EasternAfrica,/Luguru_Biedelman_1967_28_KS,"Joking relations exist between Luguru and certain tribal groups such as the Mbunga, Pogoro, Zaramo and Nyamwezi; | [/Luguru_Biedelman_1967_28_KS:p2] The Germans introduced resident akidas over the Luguru and in the 1920's the British established a Native Authority, first under two sultans chosen by the British from among a number of prominent lineage heads. In 1936, these were consolidated under one sultan, later aided by an assistant sultan, with subchiefs and headmen with a common Native Authority and common system of courts and administrative clerks. This has been completely reorganised since national Independence. JOKING RELATIONSHIPS (McVicar, 1935; Christensen; Mzuanda, pp. –2; Young and Fosbrooke, pp. 44–5) Luguru joking relations (utani or ugonga) have attracted more attention in publication than perhaps any other aspect of their society except land tenure and land usage. Joking relations exist between Luguru and certain tribal groups such as the Mbunga, Pogoro, Zaramo and Nyamwezi; they also exist between some Luguru clans which provide certain ritual and burial services for one another; and they exist between classificatory cross–cousins. All such persons may be called watani and, to varying degrees, may be joked with obscenely, have their property taken, and be generally subjected to horseplay. Despite the amount written on this topic, no proper analytical account of it exists. CLAN AND LINEAGE (There is no full clan list available: various incomplete, overlapping lists may be found in Young and Fosbrooke, p. ; Scheerder and Tastevin, pp. –60, with associated names; Wallis, who lists subordinate lineages; Mzuanda, pp. 17–86, who provides many clan histories and much  2/4","Text names Zaramo as a tribal group with institutionalized joking relations with Luguru. | Joking relations exist between Luguru and Zaramo as one example of inter-ethnic joking. | Joking relations exist between Luguru and Zaramo, but symmetry is not specified.",murdock,LUGURU,Luguru,index,ethnic_entity_index,murdock,ZARAMO,Zaramo,index,ethnic_entity_index,1
Luguru,ZIGULA,icmid_sheet2,1,0,East Africa,,,,murdock,LUGURU,Luguru,index,ethnic_entity_index,murdock,ZIGULA,Zigua,registry,synced from ethnic_entity_index,1
Lumbu,VILI,icmid_sheet2,1,0,Central Africa,https://fr.wikipedia.org/wiki/Vili_(peuple),"Les Vili auraient vécu harmonieusement avec les
Yombé, les Lumbu, les Vungu, les Punu et les
2
Kugni au sein du royaume de Loango . Avec ces
3,2
peuples, ils ont développé le Bundiku , une
relation de bon voisinage qui permet de prévenir
des conflits, notamment grâce aux plaisanteries.",,,,Lumbu,,,murdock,VILI,VILI,gis_exact,gis:murdock,0
LUNDA,Luvale,icmid_sheet2,1,0,Central Africa,"Phiri, Chidongo, and Chileshe Selestino Kandondo. 2021. ""Exploring and Deconstructing the Chimbuya Phenomenon at the University of Zambia in the School of Education: Lecturer's and Learner's Perspective."" International Journal of Humanities Social Sciences and Education 8 (11): 40–53. https://doi.org/10.20431/2349-0381.0811006.","From that
time, Lenjes, Lunda and Luvales became tribal cousins, while the Kaonde, Lamba and Lenjes became
brothers. Due to the connections of Lenje and Tongas through Chipepo of the Valley and Mukuni, the
Bantu Botatwe7 linguistic grouping, of the Lunda and Luvales have become part of this historical
cousinship.",InitialGoogling,murdock,LUNDA,Lunda,registry,bootstrapped from entity index polygon_ids,murdock,LUVALE,Luvale,index,ethnic_entity_index,1
Lunda,TONGA,icmid_sheet2,1,0,East Africa,eHRAF: tonga_colson_179_1967_sv,,,murdock,LUNDA,Lunda,index,ethnic_entity_index,murdock,TONGA,Tonga,registry,bootstrapped from entity index polygon_ids,1
LUNGU,Mambwe,icmid_sheet2,1,0,East Africa,"William Watson, Tribal Cohesion in a Money Economy: A Study of the Mambwe People of Northern Rhodesia (Manchester: Manchester University Press, 1958).",,,murdock,LUNGU,LUNGU,gis_exact,gis:murdock,,,Mambwe,,,0
LUO,Zanaki,icmid_sheet2,1,0,East Africa,https://d1wqtxts1xzle7.cloudfront.net/61216810/FINAL_EDITED_computer20191114-124102-ictpx-libre.pdf?1573750652=&response-content-disposition=inline%3B+filename%3DEthnic_Identity_and_Social_Cohesion_Unde.pdf&Expires=1780391818&Signature=Y8QvG2eVo5o59ykkxRPUFCsAg4OVPtka7QlDjZHhJVsmXtRYlD6sVHPl1L3VILVBAoX31qCBgVse8XtbRVH7ZpqvI181UtH~asJmMyYIMoLIu3uyZlDMIaPArft7IoVxakeuFJTlPtZpVj3k23gzG65o87w3zX4oBIhe0-5eN2-xijo6rs6rrY-8lPMjb6QgAcuVimN5GqaXML6lBayrmQD50MDkJNuC0kZk-92K7GRyq2ZONypaxIDZU3WZsxGZ7m5xRahJYOhm7QVAla8i4pzFJb~jzuh8aiwMWr~2osdPX2sI3G1ZOZ6I7lCnTTAx-IsFo~dS5WdbZX~BFYYHug__&Key-Pair-Id=APKAJLOHF5GGSLRBV4ZA,"Similarly the Haya, Zanaki, and Luo, because of sharing the Lake Victoria they now have warm joking material which emerged purely from utilizing water resources and trading. Almost each
Tanzanian tribe or ethnic groups have a group fellow to joke with whenever individual meet
in whatever circumstance including burial ceremonies.",,murdock,LUO,Luo,registry,bootstrapped from entity index polygon_ids,,,Zanaki,,,0
Luvale,TONGA,icmid_sheet2,1,0,East Africa,eHRAF: tonga_colson_179_1967_sv,,,murdock,LUVALE,Luvale,index,ethnic_entity_index,murdock,TONGA,Tonga,registry,bootstrapped from entity index polygon_ids,1
Maasai,Okiek,llm_ehraf,1,0,EasternAfrica,/Okiek_Kratz_1990_451_KS,"Okiek are represented as trickster figures: cunning, greedy, unrestrained, and violators of accepted standards of social life and behavior in various ways.
Joking, apparent or real accommodation, and a certain diffidence characterize many Okiek interactions with Maasai, whatever the actual balance of goods, services, and reliance.","Text explicitly states recurrent joking characterizes Okiek–Maasai interactions, an institutionalized interethnic pattern.",geopr,51004000,Maasai,gis_exact,gis:geopr,,,Okiek,,,0
Madonda,Sinafwala,llm_ehraf,1,0,SouthernAfrica,/tonga_colson_178_1967_sv,"The young people of Sinafwala danced gaily to a song that described the thievish nature of the people of Madonda Village after the latter had stolen hippo meat apportioned to Sinafwala. Both Sinafwala and Madonda belong to the CHEZIA Drum, so the song of the hippo never became a Drum song.",Drum-team songs publicly mock another named village; recurring use of song-makers to publicize scandal constitutes patterned licensed insult.,,,Madonda,,,,,Sinafwala,,,0
Makonde,MBUNGA,icmid_sheet2,2,0,East Africa,"https://sci-hub.fr/10.2307/1157006 | Moreau, R. E. “Joking Relationships in Tanganyika.” Africa 14, no. 7 (1944): 386–400. https://doi.org/10.2307/1157006.",,,murdock,MAKONDE,MAKONDE,gis_exact,gis:murdock,murdock,MBUNGA,Mbunga,registry,bootstrapped from entity index polygon_ids,1
Makonde,MPEZENI,icmid_sheet2,1,0,East Africa,"“Joking Relationship in East Africa.” Africa 13, no. 2 (1940): 170–73. https://doi.org/10.1017/S0001972000003429.",,Also called Ngoni,murdock,MAKONDE,MAKONDE,gis_exact,gis:murdock,murdock,MPEZENI,Mpezeni,registry,bootstrapped from entity index polygon_ids,1
MAKONDE,Ngoni,icmid_sheet2,1,0,East Africa,"Moreau, R. E. “Joking Relationships in Tanganyika.” Africa 14, no. 7 (1944): 386–400. https://doi.org/10.2307/1157006.",,,murdock,MAKONDE,MAKONDE,gis_exact,gis:murdock,,,Ngoni,,,0
Malinke,Mossi,keerthana_analysis,1,0,BurkinaFaso,,,,murdock,MALINKE,Malinke,index,ethnic_entity_index,murdock,MOSSI,Mossi,index,ethnic_entity_index,1
Malinke,Mossi (Yarse),keerthana_analysis,1,0,BurkinaFaso,,,,murdock,MALINKE,Malinke,index,ethnic_entity_index,murdock,MOSSI,Mossi (Yarse),index,ethnic_entity_index,1
Malinke,Sambla,keerthana_analysis,1,0,BurkinaFaso,,,,murdock,MALINKE,Malinke,index,ethnic_entity_index,murdock,SAMO,Sambla,index,https://joshuaproject.net/people_groups/14813/UV,1
Malinke,Soninke,icmid_sheet1;icmid_sheet2,3,0,West Africa,https://journals.openedition.org/etudesafricaines/15404,,Keita is a subgroup of Malinke and Cisse is a subgroup of Soninke,murdock,MALINKE,Malinke,index,ethnic_entity_index,murdock,SONINKE,Soninke,index,ethnic_entity_index,1
Malinke,Tiefo,keerthana_analysis,1,0,BurkinaFaso,,,,murdock,MALINKE,Malinke,index,ethnic_entity_index,murdock,SENUFO,Tiefo,index,https://www.101lasttribes.com/tribes/tiefo.html,1
Malinke,Tusyan,keerthana_analysis,1,0,BurkinaFaso,,,,murdock,MALINKE,Malinke,index,ethnic_entity_index,murdock,TUSYAN,Tusyan,index,ethnic_entity_index,1
man from Adar,man from Arewa,llm_ehraf,1,0,WesternAfrica,/Hausa_Beik_215_NK,"Mai Samari: you go even further, you’ll see the man from the Arewa joking with the man from Adar ...",Explicitly described recurrent joking relationship between Arewa and Adar (part of list of national ties).,,,man from Adar,,,,,man from Arewa,,,0
man from Gobir,man from Katsina,llm_ehraf,1,0,WesternAfrica,/Hausa_Beik_215_NK,"Mai Samari: if you go even further, you’ll meet the man from Katsina who jokes with the man from Gobir,",Text lists repeated joking tie between Katsina and Gobir inhabitants as cultural pattern.,,,man from Gobir,,,,,man from Katsina,,,0
Mandé,Mossi (Yarse),keerthana_analysis,1,0,BurkinaFaso,,,,murdock,MALINKE,Mandé,index,https://en.wikipedia.org/wiki/Mand%C3%A9_peoples,murdock,MOSSI,Mossi (Yarse),index,ethnic_entity_index,1
Mandé,Nyuo,keerthana_analysis,1,0,BurkinaFaso,,,,murdock,MALINKE,Mandé,index,https://en.wikipedia.org/wiki/Mand%C3%A9_peoples,,,Nyuo,,,0
MANGA,Woɗaaɓe,icmid_sheet2,1,0,West Africa,https://scispace.com/pdf/from-nomadic-pastoralism-to-urban-migration-transformation-66h7k1fyzt.pdf,,Kaanuri are a part of Manga,murdock,MANGA,MANGA,gis_exact,gis:murdock,,,Woɗaaɓe,,,0
Marabtin,Saadi,llm_ehraf,1,0,NorthernAfrica,/LibyanBedouin_Obermeyer_1973_265_KS,"Since the time of Muhammad, the Bedouins have been considered notoriously bad Muslims. Today, the Bedouins tend to joke about their lack of zeal, and often point out that “holy men” are not to be trusted. This is seen in Saadi behavior toward the Marabtin tribes who are their vassals. Theoretically, the Marabtin who trace descent to the Prophet and might be considered “sacred Tribes” should be respected by the “secular” Saadi tribes. But the Saadi of al-Qasr tend to deride the Marabit.","Text reports recurring derision/joking by Sa'adi toward Marabtin vassal tribes, a culturally patterned teasing relationship.",,,Marabtin,,,murdock,SAADI,Saadi,index,ethnic_entity_index,0
Maranse,Mossi,keerthana_analysis,1,0,BurkinaFaso,,,,,,Maranse,,,murdock,MOSSI,Mossi,index,ethnic_entity_index,0
MARGI,within family,icmid_sheet2,1,0,West Africa,,,,murdock,MARGI,MARGI,gis_exact,gis:murdock,,,within family,,,0
MASAI,No intertribal utani,icmid_sheet2,1,0,East Africa,https://www.jstor.org/stable/668454,,,murdock,MASAI,Masai,registry,bootstrapped from entity index polygon_ids,,,No intertribal utani,,,0
Masai,Okiek,keerthana_og,1,0,EasternAfrica,,"[/Okiek_Kratz_1990_451_KS:p2] of accepted standards of social life and behavior in various ways. Okiek seem
to disregard what their neighbors view as important relations of respect or
nonmarriageability, and they do or eat things that Maasai especially consider
abhorrent (Galaty 1977a, 1979, 1986; Kenny 1981; Kratz 1981, 1988b). Their
neighbors also consider the very forest habitat of Okiek inhospitable. Although Kipsigis and Maasai generally represent Okiek similarly, their interpretations and evaluations of them differ significantly. Maasai consider Okiek (under the name Torrobo) intrinsically inferior, despicably degraded by the habits of a hunting life. They regard them with a vehement and thorough contempt that is absent, or at least greatly attenuated, in Kipsigis attitudes. 3 Furthermore, Kipsigis interactions with Okiek have rarely been domineering or coercive, as Maasai-Okiek encounters have sometimes been. A comprehensive consideration of Okiek-Maasai relations during the last century suggests that mutual benefits were relatively belanced or even that Maasai were somewhat more reliant on Okiek than vice versa (cf. Spear 1989:2). Among other things, Okiek fulfilled an essential ritual role as circumcisers and provided necessary ritual products to Maasai (primarily honey but also hyrax capes). Nonetheless, Maasai interpreted their relations with Okiek in terms of goods and services supplied them by inferior, poor, and somehow subordinate neighbors/cousins. In accordance with this pejorative view, Maasai—especially young men—sometimes treated Okiek with an overbearing imperiousness. 4 Enduring individual friendships and trade exchanges were often the basis of networks of interethnic interaction. The Okiek perspective emphasizes this fact, stressing mutual benefits through the idiom of “friendship.” Encountering Maasai individually or in small groups at ceremonial celebrations or occasionally political meetings, Okiek did and have done little to counter the Maasai impression of Okiek subordination. Joking, apparent or real accommodation, and a certain diffidence characterize many Okiek interactions with Maasai, whatever the actual balance of goods, services, and reliance. 3Intermarriage might be taken as one indicator of this difference in attitude. Maasai men marry Okiek women, but there are virtually no
recorded cases of Maasai women being given to Okiek men. Kipsigis, on the other hand, not only marry Okiek women, but, as they mov
into Okiek areas, have recently begun to give their daughters in marriage to Okiek men as well. There are important differences in the
economic, ecological, and demographic situations of Maasai and Kipsigis vis-à-vis Okiek today, but these differences in marriage
patterns are nonetheless indicative of a difference in attitude as well.
4The incidents of individual physical domination or threat that Okiek described to me had almost all taken place before the age-set
referred to as il yangousi (1950s or so).  2/3","Joking is mentioned as characteristic of many Okiek interactions with Maasai, but symmetry is unclear. | Okiek interactions with Maasai involve joking and accommodation but Okiek do little to counter Maasai impression of Okiek subordination, suggesting non-symmetric joking.",murdock,MASAI,Masai,index,ethnic_entity_index,,,Okiek,,,0
Maures,Tuaregs,keerthana_analysis,1,0,BurkinaFaso,,,,,,Maures,,,greg,TUAREGS,Tuaregs,index,ethnic_entity_index,0
Mawia,MBUNGA,icmid_sheet2,1,0,East Africa,https://sci-hub.fr/10.2307/1157006,,,,,Mawia,,,murdock,MBUNGA,Mbunga,registry,bootstrapped from entity index polygon_ids,0
maybe joking among family,MBUKUSHU,icmid_sheet2,1,0,Southern Africa,,,,,,maybe joking among family,,,murdock,MBUKUSHU,MBUKUSHU,gis_exact,gis:murdock,0
Mbum,MUNDANG,icmid_sheet2,1,0,Central Africa,https://www.torrossa.com/it/resources/an/5085599,,,murdock,MBUM,MBUM,gis_exact,gis:murdock,murdock,MUNDANG,MUNDANG,gis_exact,gis:murdock,1
MBUM,Wute,icmid_sheet2,2,0,Central Africa,"Moli, Jacques Bertrand Mengue. “Les savoirs endogènes au service de l’unité africaine:: esquisse d’une architecture de paix, de sécurité et d’intégration pour l’Afrique du XXIe siècle fondée sur les alliances à plaisanterie.” (2017).","Donc, par ricochet, l’alliance  entre  Mbum  et  Vouté  s’étend  à  tous  ces  peuples",,murdock,MBUM,MBUM,gis_exact,gis:murdock,murdock,WUTE,WUTE,gis_exact,gis:murdock,1
Mbunga,MPEZENI,icmid_sheet2,1,0,East Africa,"“Joking Relationship in East Africa.” Africa 13, no. 2 (1940): 170–73. https://doi.org/10.1017/S0001972000003429.",,Also called Ngoni,murdock,MBUNGA,Mbunga,index,ethnic_entity_index,murdock,MPEZENI,Mpezeni,registry,bootstrapped from entity index polygon_ids,1
MBUNGA,Ngoni,icmid_sheet2,1,0,East Africa,https://sci-hub.fr/10.2307/1157006,,,murdock,MBUNGA,Mbunga,registry,bootstrapped from entity index polygon_ids,,,Ngoni,,,0
MBUNGA,Nyika,icmid_sheet2,1,0,East Africa,https://sci-hub.fr/10.2307/1157006,,,murdock,MBUNGA,Mbunga,registry,bootstrapped from entity index polygon_ids,,,Nyika,,,0
MBUNGA,Pogoro,icmid_sheet2,2,0,East Africa,"https://sci-hub.fr/10.2307/1157006 | Moreau, R. E. “Joking Relationships in Tanganyika.” Africa 14, no. 7 (1944): 386–400. https://doi.org/10.2307/1157006.",,,murdock,MBUNGA,Mbunga,registry,bootstrapped from entity index polygon_ids,murdock,POGORO,Pogoro,index,ethnic_entity_index,1
MBUNGA,Rufiji,icmid_sheet2,1,0,East Africa,https://sci-hub.fr/10.2307/1157006,,,murdock,MBUNGA,Mbunga,registry,bootstrapped from entity index polygon_ids,,,Rufiji,,,0
MBUNGA,Sagara,icmid_sheet2,1,0,East Africa,https://sci-hub.fr/10.2307/1157006,,,murdock,MBUNGA,Mbunga,registry,bootstrapped from entity index polygon_ids,murdock,SAGARA,SAGARA,gis_exact,gis:murdock,1
MBUNGA,Sangu,icmid_sheet2,2,0,East Africa,"https://sci-hub.fr/10.2307/1157006 | Moreau, R. E. “Joking Relationships in Tanganyika.” Africa 14, no. 7 (1944): 386–400. https://doi.org/10.2307/1157006.",,,murdock,MBUNGA,Mbunga,registry,bootstrapped from entity index polygon_ids,murdock,SANGU,SANGU,gis_exact,gis:murdock,1
MBUNGA,Vidunda,icmid_sheet2,1,0,East Africa,https://sci-hub.fr/10.2307/1157006,,,murdock,MBUNGA,Mbunga,registry,bootstrapped from entity index polygon_ids,,,Vidunda,,,0
Mbunga,Wamangi,keerthana_og,1,0,EasternAfrica,,"[/Luguru_McVicar_1935_63_KS:p1] The Wamangi are the watani of the Wambunga, and vice versa. The term calls for explanation in order to understand better both the joking relationship and cross-cousin marriage, of which latter infra. The singular of watani is mtani. Mtani is one of the two names by which a person calls his or her cross-cousin, the child of his or her mother's brother or father's sister, and by which he or she is called by him or her. It is by the same name, mtani, that you call a member of a sib which has the joking relationship with your own sib. Cross-cousins also call each other binam, but members of sibs between which the joking relationship exists do not call each other binam. In other words, cross-cousins may call each other either mtani or binam, but members of sibs between which the joking relationship obtains may call each other mtani, never binam. So far as I can see, mtani is a Bantu word, binam an Arabic one. Those who by reason of their sib joking relationship call one another watani may also be called wagongo, that is, those on whom one depends. When a person dies, it is his or her watani (of the sib with which his or her sib has the joking relationship) who look after the death rites. Thus when a death occurs the one sib depends on the other with which it has the joking relationship, and in this sense the watani are wagongo. Sibs between which privileged familiarity or the joking relationship prevails are said to kutaniana. The translation “joking relationship” may not be a first-  1/2","The Wamangi and Wambunga are watani of each other, indicating a symmetric joking relationship.",murdock,MBUNGA,Mbunga,index,ethnic_entity_index,,,Wamangi,,,0
MBUNGA,Yao (one branch),icmid_sheet2,1,0,East Africa,https://sci-hub.fr/10.2307/1157006,,,murdock,MBUNGA,Mbunga,registry,bootstrapped from entity index polygon_ids,murdock,YAO,Yao,index,ethnic_entity_index,1
Mbunga,ZARAMO,icmid_sheet2,1,0,East Africa,"“Joking Relationship in East Africa.” Africa 13, no. 2 (1940): 170–73. https://doi.org/10.1017/S0001972000003429.",,,murdock,MBUNGA,Mbunga,index,ethnic_entity_index,murdock,ZARAMO,Zaramo,registry,bootstrapped from entity index polygon_ids,1
Mbuti,neighboring African village farmers,llm_ehraf,1,0,CentralAfrica,/Mbuti_Turnbull_1970_299_KS,"I describe what changes I found in 1970, when I returned with a colleague to the Ituri following the years of war. Here we see the process of change continuing, but with an uncertain sense of direction. ... But one thing that has not changed is my deep affection for the Mbuti, and although I am constrained by a joking relationship to say nasty things about them occasionally, for the neighboring African village farmers.",Text explicitly names a culturally constrained joking relationship between Mbuti and neighboring village farmers.,,,Mbuti,,,,,neighboring African village farmers,,,0
Mbuti,villagers,llm_ehraf,4,0,CentralAfrica,/MbutiTurnbull292KS | /MbutiTurnbull293KS | /MbutiTurnbull294KS | /MbutiTurnbull299KS,"In the Mbuti Villager situation the relationship appears to be symmetrical and permissive, though both sides do occasionally take offense... a form of joking relationship helps to stabilize the alliance, maintaining the combination of Radcliffe-Brown's “conjunctive and disjunctive components,” | In view of the lengths to which the Mbuti carry the joking relationship, if it can be called that, convenient to maintain their bands in such constant and otherwise unnecessary flux. The Mbuti constantly raid village plantations, openly ridicule the villagers, and steal from under their noses, unless the villagers are particularly generous. | Again the Mbuti employ the joking relationship to their advantage. They invoke claims upon kpara, karé , and “kin” without the slightest compunction, but when the same claims are reversed, they either deny or ridicule them. | the Mbuti adopt only the outer form of the village social organization while in the village, in a form of joking relationship between the two groups. The joking relationship and the dual function of the Mbuti principles of organization effectively counter all attempts of the villagers to effect an institutional subordination of the Mbuti.","Text describes a recurrent, institutionalized joking relationship between Mbuti and villagers stabilizing their alliance. | Text describes recurrent joking, ridicule, raids as a culturally patterned relationship between Mbuti and villagers. | Text explicitly describes recurrent joking relationship and ridicule between Mbuti and villagers; cross-community units. | Text explicitly calls a recurrent joking relationship between Mbuti and villagers, institutionalized to maintain separation.",,,Mbuti,,,,,villagers,,,0
men of Kano,men of Zaria,llm_ehraf,1,0,WesternAfrica,/Hausa_Smith_43_NK,"butchers and blacksmiths (mahauta, makira), mallams and hunters [unavailable], maharba), barber-doctors and blacksmiths (wanzamai, makira); [unavailable] and Fulani, men of Zaria and Kano, men of Zamfara and Katsina, and others.",Text lists men of Zaria and Kano as having joking relationships across places.,,,men of Kano,,,,,men of Zaria,,,0
men of Katsina,men of Zamfara,llm_ehraf,1,0,WesternAfrica,/Hausa_Smith_43_NK,"men of Zaria and Kano, men of Zamfara and Katsina, and others.",Text explicitly pairs men of Zamfara with men of Katsina in joking ties.,,,men of Katsina,,,,,men of Zamfara,,,0
MERU,Potentially,icmid_sheet2,1,0,East Africa,https://www.cambridge.org/core/journals/africa/article/abs/use-of-indigenous-authorities-in-tribal-administration-studies-of-the-meru-in-kenya-colony-by-lambert-h-e-communications-from-the-school-of-african-studies-university-of-cape-town-new-series-no-16-april-1947-pp-44-1-map-3s-6d/8EE98985E9F637580C45AA530AAF4AAD,,,murdock,MERU,MERU,gis_exact,gis:murdock,,,Potentially,,,0
Mianka,SENUFO,icmid_sheet2,1,0,West Africa,"NEA, Madou. « Écriture et développement en Côte d'Ivoire ». ZAOULI, n°02 Spécial, décembre 2021, pp. 318-328. Enseignant-chercheur, Département de Théâtre et Traditions Populaires, ESTCA/INSAAC, Côte d'Ivoire. ISSN : 2788-9343.",Tableau 2 : Alliances inter-ethniques à plaisanterie,,,,Mianka,,,murdock,SENUFO,Senufo,registry,bootstrapped from entity index polygon_ids,0
Moba,Mossi (Yarse),keerthana_analysis,1,0,BurkinaFaso,,,,murdock,MOBA,Moba,index,ethnic_entity_index,murdock,MOSSI,Mossi (Yarse),index,ethnic_entity_index,1
MOBA,Tem,icmid_sheet2,2,0,West Africa,Facebook: https://www.facebook.com/nayayodika/photos/la-parent%C3%A9-%C3%A0-plaisanterie-%EF%B8%8F-ce-que-cest-la-parent%C3%A9-%C3%A0-plaisanterie-est-une-pratiq/122123464010069638/,,,murdock,MOBA,Moba,registry,bootstrapped from entity index polygon_ids,murdock,TEM,TEM,gis_exact,gis:murdock,1
Monga,Tubu,llm_ehraf,1,0,WesternAfrica,/Kanuri_Cohen_73_NK,"Joking relations also hold between clans such as Ngala’s and Magumi; Nguma and T[unknown]ara; Kuburi and T[unknown]ara; Su’urti and Kuburi; or between ethnic groups like Shuwa and Kanuri; Kurdi and Shuwa; Hausa and Fulani; Kanuri and Fulani; Tubu and Monga; Monga and B[unknown]adde; Kanembu and Wasili (Arabs). In the above relationships which seem in all cases to cover an area of interrelations involving potential conflicts, the joking takes the form (usually) of the grandparent-grandchild relationship.",Explicit ethnic pair listed as joking partners.,,,Monga,,,greg,TUBU,Tubu,index,ethnic_entity_index,0
Mossi (Yarse),Mossi (Yonyonse),keerthana_analysis,2,0,BurkinaFaso,,,,murdock,MOSSI,Mossi (Yarse),index,ethnic_entity_index,murdock,MOSSI,Mossi (Yonyonse),index,ethnic_entity_index,1
Mossi (Yarse),Namoano,keerthana_analysis,1,0,BurkinaFaso,,,,murdock,MOSSI,Mossi (Yarse),index,ethnic_entity_index,,,Namoano,,,0
Mossi (Yarse),Nankana,keerthana_analysis,1,0,BurkinaFaso,,,,murdock,MOSSI,Mossi (Yarse),index,ethnic_entity_index,,,Nankana,,,0
Mossi (Yarse),Peul (Toucouleurs),keerthana_analysis,1,0,BurkinaFaso,,,,murdock,MOSSI,Mossi (Yarse),index,ethnic_entity_index,geopr,PEUL,Peul (Toucouleurs),index,ethnic_entity_index,1
Mossi (Yarse),Poéssé,keerthana_analysis,1,0,BurkinaFaso,,,,murdock,MOSSI,Mossi (Yarse),index,ethnic_entity_index,,,Poéssé,,,0
Mossi (Yarse),Samo,keerthana_analysis,2,0,BurkinaFaso,,,,murdock,MOSSI,Mossi (Yarse),index,ethnic_entity_index,murdock,SAMO,Samo,index,ethnic_entity_index,1
Mossi (Yarse),Sia,keerthana_analysis,1,0,BurkinaFaso,,,,murdock,MOSSI,Mossi (Yarse),index,ethnic_entity_index,murdock,SIA,Sia,index,ethnic_entity_index,1
Mossi (Yarse),SONGHAI,keerthana_analysis,1,0,BurkinaFaso,,,,murdock,MOSSI,Mossi (Yarse),index,ethnic_entity_index,murdock,SONGHAI,SONGHAI,index,ethnic_entity_index,1
Mossi (Yarse),Soninké,keerthana_analysis,1,0,BurkinaFaso,,,,murdock,MOSSI,Mossi (Yarse),index,ethnic_entity_index,,,Soninké,,,0
Mossi (Yarse),Tambouriniers,keerthana_analysis,1,0,BurkinaFaso,,,,murdock,MOSSI,Mossi (Yarse),index,ethnic_entity_index,,,Tambouriniers,,,0
Mossi (Yonyonse),Poéssé,keerthana_analysis,1,0,BurkinaFaso,,,,murdock,MOSSI,Mossi (Yonyonse),index,ethnic_entity_index,,,Poéssé,,,0
Mossi (Yonyonse),Rissiyam,keerthana_analysis,1,0,BurkinaFaso,,,,murdock,MOSSI,Mossi (Yonyonse),index,ethnic_entity_index,,,Rissiyam,,,0
Mossi (Yonyonse),Samo,keerthana_analysis,1,0,BurkinaFaso,,,,murdock,MOSSI,Mossi (Yonyonse),index,ethnic_entity_index,murdock,SAMO,Samo,index,ethnic_entity_index,1
Mossi (Yonyonse),SONGHAI,keerthana_analysis,1,0,BurkinaFaso,,,,murdock,MOSSI,Mossi (Yonyonse),index,ethnic_entity_index,murdock,SONGHAI,SONGHAI,index,ethnic_entity_index,1
Mossi (Yonyonse),Tuaregs,keerthana_analysis,1,0,BurkinaFaso,,,,murdock,MOSSI,Mossi (Yonyonse),index,ethnic_entity_index,greg,TUAREGS,Tuaregs,index,ethnic_entity_index,1
Mossi (Yonyonse),Zaose,keerthana_analysis,1,0,BurkinaFaso,,,,murdock,MOSSI,Mossi (Yonyonse),index,ethnic_entity_index,,,Zaose,,,0
Mossi (Yorbmosse),Zangweto,keerthana_analysis,1,0,BurkinaFaso,,,,murdock,MOSSI,Mossi (Yorbmosse),index,ethnic_entity_index,,,Zangweto,,,0
Mossi,Mossi (Nakomsé),keerthana_analysis,1,0,BurkinaFaso,,,,murdock,MOSSI,Mossi,index,ethnic_entity_index,murdock,MOSSI,Mossi (Nakomsé),index,ethnic_entity_index,1
Mossi,Mossi (Yarse),keerthana_og,1,0,WesternAfrica,,"[/Mossi_Hammond_263_KS:p2] Joking Between Ethnic Groups The joking relationship which the Mossi maintain with the Gurunsi and the Samogho peoples, among others, appears to involve the same structural characteristics. However, I learned of this relationship only shortly before I left Yatenga, and a more certain statement concerning it must therefore await further research. It is certain that such joking occurs; I am unsure only of the number of other ethnic groups involved3 and of the relevant details of their historical relations to the Mossi of Yatenga. The groups involved are again separate. There is an expectation that members of each group should extend hospitality and assistance to members of the other. As with villages whose inhabitants joke, the participants in this relationship are ambivalent in their attitudes; the present expectation of co-operation is coupled with a past tradition of hostility. Such groups obviously have both equal and mutually independent status. 3. I believe that joking is also institutionalized between the Mossi and the Yarse, a highly acculturated ethnic minority of Mande origin who
live throughout Yatenga. There is also joking between the Mossi and the indigenous blacksmith caste. Unfortunately my data on these two
instances of joking are inadequate.  2/2 ||| [/Mossi_Hammond_264_KS:p1] Notice: Page Limit Exceeded
The document page you are trying to view cannot be displayed due to full context page limits. Please
return to your paragraph result list to continue viewing your search results.
Please see our FAQ page ""Are there any limits on viewing content in eHRAF?"" to learn more about full
context limits. 3. I believe that joking is also institutionalized between the Mossi and the Yarse, a highly acculturated ethnic minority of Mande origin who
live throughout Yatenga. There is also joking between the Mossi and the indigenous blacksmith caste. Unfortunately my data on these two
instances of joking are inadequate.  1/1 ||| [/Mossi__263_NK:p2] The jokingrelationship which the Mossi maintain with the Gurunsi and the Samogho peoples, among others, appears to involve the same structural characteristics. However, I learned of this relationship only shortly before I left Yatenga, and a more certain statement concerning it must therefore await further research. It is certain that such joking occurs; I am unsure only of the number of other ethnic groups involved3 and of the relevant details of their historical relations to the Mossi of Yatenga. The groups involved are again separate. There is an expectation that members of each group should extend hospitality and assistance to members of the other. As with villages whose inhabitants joke, the participants in this relationship are ambivalent in their attitudes; the present expectation of co-operation is coupled with a past tradition of hostility. Such groups obviously have both equal and mutually independent status. 3. I believe that joking is also institutionalized between the Mossi and the Yarse, a highly acculturated ethnic minority of Mande origin
who live throughout Yatenga. There is also joking between the Mossi and the indigenous blacksmith caste. Unfortunately my data on
these two instances of joking are inadequate.  2/2",The text states joking is institutionalized but data is inadequate; symmetry is unclear. | The text states joking is institutionalized but does not specify symmetry or local term. | The text states joking is institutionalized but does not specify symmetry or local term. | Joking is institutionalized but details and symmetry unclear.,murdock,MOSSI,Mossi,index,ethnic_entity_index,murdock,MOSSI,Mossi (Yarse),index,ethnic_entity_index,1
Mossi,Mossi (Yonyonse),keerthana_analysis,1,0,BurkinaFaso,,,,murdock,MOSSI,Mossi,index,ethnic_entity_index,murdock,MOSSI,Mossi (Yonyonse),index,ethnic_entity_index,1
Mossi,Mossi (Yorbmosse),keerthana_analysis,1,0,BurkinaFaso,,,,murdock,MOSSI,Mossi,index,ethnic_entity_index,murdock,MOSSI,Mossi (Yorbmosse),index,ethnic_entity_index,1
Mossi,Nankana,keerthana_analysis,2,0,BurkinaFaso,,,,murdock,MOSSI,Mossi,index,ethnic_entity_index,,,Nankana,,,0
Mossi,Ninisi,keerthana_analysis,1,0,BurkinaFaso,,,,murdock,MOSSI,Mossi,index,ethnic_entity_index,,,Ninisi,,,0
Mossi,Poéssé,keerthana_analysis,1,0,BurkinaFaso,,,,murdock,MOSSI,Mossi,index,ethnic_entity_index,,,Poéssé,,,0
Mossi,Pèlè,keerthana_analysis,1,0,BurkinaFaso,,,,murdock,MOSSI,Mossi,index,ethnic_entity_index,,,Pèlè,,,0
Mossi,Rabola,keerthana_analysis,1,0,BurkinaFaso,,,,murdock,MOSSI,Mossi,index,ethnic_entity_index,,,Rabola,,,0
Mossi,ressortissants de koupela,keerthana_analysis,1,0,BurkinaFaso,,,,murdock,MOSSI,Mossi,index,ethnic_entity_index,,,ressortissants de koupela,,,0
Mossi,ressortissants de ramsa,keerthana_analysis,1,0,BurkinaFaso,,,,murdock,MOSSI,Mossi,index,ethnic_entity_index,,,ressortissants de ramsa,,,0
Mossi,Saanba,keerthana_analysis,1,0,BurkinaFaso,,,,murdock,MOSSI,Mossi,index,ethnic_entity_index,,,Saanba,,,0
Mossi,Samo,icmid_sheet2;keerthana_analysis;keerthana_og,4,0,WesternAfrica,https://journals.openedition.org/communication/5503?lang=en,"[/MOssi_195_NK:p1] CHAPTER VI Ethnic Interaction and the Role of Association The numerical superiority of ethnic Mossi in contemporary Ouagadougou has served to mask the importance of the strangers in the early history and development of the town. As late as the end of World War II, the disparity between the two groups was not great. In 1945 there were more than 5, foreign Africans in a total African population of 17, , only slightly less than one-third of the population. By 1962 the percentage of African strangers had declined to 23.5 per cent, amounting to only 13, in a total African urban population of 57, persons.1 And, given the fact that only 5, are non- Voltaic strangers (such as Hausa, Malinke, and Yoruba) in contrast to 8, Voltaic strangers (Gourounsi, Boussansé, Bobo, Samogo, etc.), it is clear that the percentage of the traditional strangers in Ouagadougou has declined significantly. The number of traditional strangers in the 1964 Ouagadougou population of over , is unknown but, given the massive in-migration of rural Mossi, it is clear that the strangers are becoming demographically insignificant within the town. The people of Ouagadougou take pride in their hospitality to strangers, citing the historical presence of foreign traders and teachers in the town. Nevertheless, a gradient can be perceived in the way the contemporary Mossi majority views the strangers in its midst. As would be expected, the Ouagadougou Mossi hold the Mossi of the other kingdoms in high esteem, subject only to the normal chauvinism found in any local group. The people of the town, especially the Mossi, subscribe to the almost universal belief that the Mossi from the northern region of Yatenga are touchy and haughty. The townspeople attribute these same negative traits to the Gourmantche of the brother kingdom of Fada N'Gourma. There is general praise for the cleanliness of the houses and persons of the Bobo and Gourounsi women. The Mossi attitude toward the Gourounsi men is conditioned by the fact that the Mossi were still expanding and absorbing the Gourounsi when the French  1/2 ||| [/MOssi_195_NK:p2] arrived. Mossi often jokingly refer to the Gourounsi as their ligidi (meaning
money), implying their status as individuals to be sold as slaves. The joking
relationship between Mogho and Samogho is more nearly symmetrical. Both
groups declare that their two ancestors quarreled over the bones of a dog,
and this quarrel still continues. However, there are no rituals or ceremonies in
which these joking relationships are dramatized. 1“Recensement Démographique…,” pp. 10, 13.  2/2 ||| [/Mossi_Skinner_195_NK:p1] African urban life: the transformation of Ouagadougou CHAPTER VI Ethnic Interaction and the Role of Association The numerical superiority of ethnic Mossi in contemporary Ouagadougou has served to mask the importance of the strangers in the early history and development of the town. As late as the end of World War II, the disparity between the two groups was not great. In 1945 there were more than 5, foreign Africans in a total African population of 17, , only slightly less than one-third of the population. By 1962 the percentage of African strangers had declined to 23.5 per cent, amounting to only 13, in a total African urban population of 57, persons.1 And, given the fact that only 5, are non- Voltaic strangers (such as Hausa, Malinke, and Yoruba) in contrast to 8, Voltaic strangers (Gourounsi, Boussansé, Bobo, Samogo, etc.), it is clear that the percentage of the traditional strangers in Ouagadougou has declined significantly. The number of traditional strangers in the 1964 Ouagadougou population of over , is unknown but, given the massive in-migration of rural Mossi, it is clear that the strangers are becoming demographically insignificant within the town. The people of Ouagadougou take pride in their hospitality to strangers, citing the historical presence of foreign traders and teachers in the town. Nevertheless, a gradient can be p","Both groups declare ancestral quarrel and ongoing joking relationship. | Both groups declare their ancestors quarreled and continue joking about it; no rituals dramatize this. | Both groups declare their ancestors quarreled, indicating mutual joking. | Both groups declare ancestral quarrel over dog bones; joking relationship is symmetrical but not ritualized.",murdock,MOSSI,Mossi,index,ethnic_entity_index,murdock,SAMO,Samo,index,ethnic_entity_index,1
Mossi,Samogho,llm_ehraf,2,0,WesternAfrica,/Mossi_Hammond_263_KS | /Mossi__263_NK,"The joking relationship which the Mossi maintain with the Gurunsi and the Samogho peoples, among others, appears to involve the same structural characteristics.",Document names Samogho as an ethnic group with which Mossi have an institutionalized joking relationship. | Text names Mossi–Samogho as having institutionalized joking with expectations of hospitality and assistance.,murdock,MOSSI,Mossi,index,ethnic_entity_index,,,Samogho,,,0
Mossi,Sana,keerthana_analysis,1,0,BurkinaFaso,,,,murdock,MOSSI,Mossi,index,ethnic_entity_index,,,Sana,,,0
Mossi,Saponé,keerthana_analysis,1,0,BurkinaFaso,,,,murdock,MOSSI,Mossi,index,ethnic_entity_index,,,Saponé,,,0
Mossi,several other ethnic groups,llm_ehraf,2,0,WesternAfrica,/Mossi_Hammond_260_KS | /Mossi_Hammond_260_NK,"Among the Mossi, joking is institutionalized as an adjustive mechanism in the following relationships: (7) between the Mossi and several other ethnic groups. | Among the Mossi, joking is institutionalized as an adjustive mechanism in the following relationships: (1) between Ego and his mother's agnatic kin, particularly his mother's elder brother; (2) between Ego and his mother's brother's wife; (3) between siblings-in-law; (4) between sibs; (5) between age-sets in the same age-grade; (6) between certain villages; and (7) between the Mossi and several other ethnic groups.",Text explicitly lists joking institutionalized between the Mossi and other ethnic groups (inter-ethnic joking institution). | Text explicitly states institutionalized joking between the Mossi and other ethnic groups; cross-group.,murdock,MOSSI,Mossi,index,ethnic_entity_index,,,several other ethnic groups,,,0
Mossi,Silmi-Mossi,keerthana_analysis,1,0,BurkinaFaso,,,,murdock,MOSSI,Mossi,index,ethnic_entity_index,,,Silmi-Mossi,,,0
Mossi,Tansoaba,keerthana_analysis,1,0,BurkinaFaso,,,,murdock,MOSSI,Mossi,index,ethnic_entity_index,,,Tansoaba,,,0
Mossi,Tensobendamba,keerthana_analysis,1,0,BurkinaFaso,,,,murdock,MOSSI,Mossi,index,ethnic_entity_index,,,Tensobendamba,,,0
Mossi,Tuaregs,keerthana_analysis,1,0,BurkinaFaso,,,,murdock,MOSSI,Mossi,index,ethnic_entity_index,greg,TUAREGS,Tuaregs,index,ethnic_entity_index,1
Mossi,Venda,keerthana_analysis,1,0,BurkinaFaso,,,,murdock,MOSSI,Mossi,index,ethnic_entity_index,murdock,VENDA,Venda,index,ethnic_entity_index,1
Mossi,Yana,keerthana_analysis,1,0,BurkinaFaso,,,,murdock,MOSSI,Mossi,index,ethnic_entity_index,,,Yana,,,0
Mossi,Yarse,llm_ehraf,3,0,WesternAfrica,/Mossi_Hammond_263_KS | /Mossi_Hammond_264_KS | /Mossi__263_NK,"3. I believe that joking is also institutionalized between the Mossi and the Yarse, a highly acculturated ethnic minority of Mande origin who live throughout Yatenga. | I believe that joking is also institutionalized between the Mossi and the Yarse, a highly acculturated ethnic minority of Mande origin who live throughout Yatenga.","Author states belief that joking is institutionalized between Mossi and the Yarse, an acculturated ethnic minority. | Text states joking is institutionalized between Mossi and Yarse—distinct ethnic groups, recurrent cultural tie. | Author states belief that joking is institutionalized between Mossi and Yarse, an acculturated ethnic minority.",murdock,MOSSI,Mossi,index,ethnic_entity_index,,,Yarse,,,0
Mossi,Youmba,keerthana_analysis,1,0,BurkinaFaso,,,,murdock,MOSSI,Mossi,index,ethnic_entity_index,,,Youmba,,,0
Mossi,Zaose,keerthana_analysis,1,0,BurkinaFaso,,,,murdock,MOSSI,Mossi,index,ethnic_entity_index,,,Zaose,,,0
Mossi,Zorgho,keerthana_analysis,1,0,BurkinaFaso,,,,murdock,MOSSI,Mossi,index,ethnic_entity_index,,,Zorgho,,,0
MPEZENI,Mwera,icmid_sheet2,1,0,East Africa,"“Joking Relationship in East Africa.” Africa 13, no. 2 (1940): 170–73. https://doi.org/10.1017/S0001972000003429.",,Also called Ngoni,murdock,MPEZENI,Mpezeni,registry,bootstrapped from entity index polygon_ids,murdock,MWERA,MWERA,gis_exact,gis:murdock,1
MPEZENI,Ngindo,icmid_sheet2,2,0,East Africa,"“Joking Relationship in East Africa.” Africa 13, no. 2 (1940): 170–73. https://doi.org/10.1017/S0001972000003429.",,Also called Ngoni,murdock,MPEZENI,Mpezeni,registry,bootstrapped from entity index polygon_ids,murdock,NGINDO,NGINDO,gis_exact,gis:murdock,1
MPEZENI,Nyakyusa,icmid_sheet2,2,0,East Africa,"“Joking Relationship in East Africa.” Africa 13, no. 2 (1940): 170–73. https://doi.org/10.1017/S0001972000003429.",,Also called Ngoni,murdock,MPEZENI,Mpezeni,registry,bootstrapped from entity index polygon_ids,murdock,NYAKYUSA,Nyakyusa,index,ethnic_entity_index,1
MPEZENI,Nyamwezi,icmid_sheet2,1,0,East Africa,"“Joking Relationship in East Africa.” Africa 13, no. 2 (1940): 170–73. https://doi.org/10.1017/S0001972000003429.",,Also called Ngoni,murdock,MPEZENI,Mpezeni,registry,bootstrapped from entity index polygon_ids,murdock,NYAMWEZI,Nyamwezi,index,ethnic_entity_index,1
MPEZENI,Nyiramba,icmid_sheet2,1,0,East Africa,"“Joking Relationship in East Africa.” Africa 13, no. 2 (1940): 170–73. https://doi.org/10.1017/S0001972000003429.",,Also called Ngoni,murdock,MPEZENI,Mpezeni,registry,bootstrapped from entity index polygon_ids,,,Nyiramba,,,0
MPEZENI,Sukuma,icmid_sheet2,1,0,East Africa,"“Joking Relationship in East Africa.” Africa 13, no. 2 (1940): 170–73. https://doi.org/10.1017/S0001972000003429.",,Also called Ngoni,murdock,MPEZENI,Mpezeni,registry,bootstrapped from entity index polygon_ids,murdock,SUKUMA,Sukuma,index,ethnic_entity_index,1
MPEZENI,Wemba,icmid_sheet2,1,0,East Africa,"“Joking Relationship in East Africa.” Africa 13, no. 2 (1940): 170–73. https://doi.org/10.1017/S0001972000003429.",,Also called Ngoni,murdock,MPEZENI,Mpezeni,registry,bootstrapped from entity index polygon_ids,,,Wemba,,,0
MPEZENI,Yao,icmid_sheet2,1,0,East Africa,"“Joking Relationship in East Africa.” Africa 13, no. 2 (1940): 170–73. https://doi.org/10.1017/S0001972000003429.",,Also called Ngoni,murdock,MPEZENI,Mpezeni,registry,bootstrapped from entity index polygon_ids,murdock,YAO,Yao,index,ethnic_entity_index,1
MPEZENI,Zaramu,icmid_sheet2,1,0,East Africa,"“Joking Relationship in East Africa.” Africa 13, no. 2 (1940): 170–73. https://doi.org/10.1017/S0001972000003429.",,Also called Ngoni,murdock,MPEZENI,Mpezeni,registry,bootstrapped from entity index polygon_ids,,,Zaramu,,,0
MWERA,Ngoni,icmid_sheet2,1,0,East Africa,"Moreau, R. E. “Joking Relationships in Tanganyika.” Africa 14, no. 7 (1944): 386–400. https://doi.org/10.2307/1157006.",,,murdock,MWERA,MWERA,gis_exact,gis:murdock,,,Ngoni,,,0
Nab(ə)rug,Yam(ə)l(ə)g,llm_ehraf,1,0,WesternAfrica,/Tallensi_Fortes_93_NK,Next time a similar party of relatives-in-law bound for Tongo from Nab(ə)rug passed through Yam(ə)l(ə)g they would be waylaid and robbed in the same way.,"Yam(ə)l(ə)g people waylaid Nab(ə)rug parties as a customary, accepted practical joke.",,,Nab(ə)rug,,,,,Yam(ə)l(ə)g,,,0
Negroes,Pygmies,llm_ehraf,1,0,CentralAfrica,/Mbuti_Turnbull_1962_44_KS,"Rather to my surprise this struck the Pygmies as being funny, and they began sniggering. Kenge, carefully dusting the last specks of earth from his spotless shorts, pretended to be severe and said this was no time for laughter. He then promptly cracked a joke at the expense of the Negroes and joined his friends in howls of mirth. ... but this time the disapproving looks they got from the Negroes discouraged them.",Recurrent patterned teasing from Pygmies directed at Negroes; cross-group social units.,,,Negroes,,,,,Pygmies,,,0
Ngindo,NYASA,icmid_sheet2,1,0,East Africa,https://www.cambridge.org/core/journals/africa/article/abs/joking-relationships-in-tanganyika/B7DA0A8FA1B1368836C86AA53B4A8A2E,,,murdock,NGINDO,NGINDO,gis_exact,gis:murdock,murdock,NYASA,NYASA,gis_exact,gis:murdock,1
Ngoni,Nyakyusa,keerthana_og;llm_ehraf,2,0,EasternAfrica,/NyakyusaandNgonde_Wilson_1977_170_KS,"The Ngoni were spoken of as equals who, without question, could be joking partners of Nyakyusa at labour centres (M. Wilson 1957b). | [/NyakyusaandNgonde_Wilson_1977_170_KS:p1] For men and elders In the 1934–8 period, and still in 1955, the Nyakyusa-Ngonde thought well of themselves. They insisted on their skill as cattle-owners, their diligence and skill in cultivation, their prowess as warriors in the defeat of the Ngoni, the fame of their lineages of chiefs, their democratic institutions as contrasted with the subservience of the Bemba and other peoples; the ‘good company’ enjoyed in their villages; the order and cleanliness of their homesteads and persons, as compared with neighbouring Kinga, Safwa, Nyiha. All their neighbours, said the Nyakyusa, were learning their language. They often spoke disparagingly of Swahili, particularly of Swahili women, as dirty and immoral; they were equally disparaging about the manner of life of some Europeans on the Lupa gold-fields, and about certain South Africans who had trekked north to Kenya. The Henga presented a challenge to Ngonde because Kondowe was in Tumbuka country, and the Henga section of the Tumbuka had accepted education early, some also travelling far as labour migrants. Ngonde women had copied from Henga women in beginning to hoe. The Kyungu's most sophisticated wife was a Henga, and so was Nyasuru (her mother's brother) who was leader of the African National Church (M. Wilson 1959: –7). But the Henga had taken refuge in the Kyungu's kingdom, and had been regarded as disloyal subjects (Fotheringham 1891:47, –5), so relationships were ambivalent. Attitudes toward Sangu who had been slavers were also inconsistent, but they were regarded with some respect. The Ngoni were spoken of as equals who, without question, could be joking partners of Nyakyusa at labour centres (M. Wilson 1957b). English was the acceptable second language both because of its practical use when men travelled for work, and because it obviated invidious comparisons with other African languages. Despite criticisms, whites were recognized as knowledgeable and skilled, people from whom men could learn and profit. Their material possessions outshone all others. We treasured the remark of a small boy, heir  1/2",Text states Nyakyusa and Ngoni were recurring joking partners at labour centres (institutionalized cross-group teasing). | Text states Ngoni were spoken of as equals who could be joking partners of Nyakyusa at labour centres.,,,Ngoni,,,murdock,NYAKYUSA,Nyakyusa,index,ethnic_entity_index,0
Ngoni,NYAMWEZI,icmid_sheet2,1,0,East Africa,"Moreau, R. E. “Joking Relationships in Tanganyika.” Africa 14, no. 7 (1944): 386–400. https://doi.org/10.2307/1157006.",,,,,Ngoni,,,murdock,NYAMWEZI,Nyamwezi,registry,bootstrapped from entity index polygon_ids,0
Ngoni,SUMBWA,icmid_sheet2,1,0,East Africa,,,,,,Ngoni,,,murdock,SUMBWA,Sumbwa,registry,bootstrapped from entity index polygon_ids,0
Ngoni,TUMBUKA,icmid_sheet2,1,0,East Africa,,,,,,Ngoni,,,murdock,TUMBUKA,Tumbuka,registry,bootstrapped from entity index polygon_ids,0
Ngoni,YAO,icmid_sheet2,1,0,East Africa,https://www.era.anthropology.ac.uk/Kalela/jokingtribes.html,,,,,Ngoni,,,murdock,YAO,Yao,registry,bootstrapped from entity index polygon_ids,0
Ngoni,ZARAMO,icmid_sheet2,1,0,East Africa,"“Joking Relationship in East Africa.” Africa 13, no. 2 (1940): 170–73. https://doi.org/10.1017/S0001972000003429.",,,,,Ngoni,,,murdock,ZARAMO,Zaramo,registry,bootstrapped from entity index polygon_ids,0
NGURU,Zigua,icmid_sheet2,1,0,East Africa,https://utppublishing.com/doi/pdf/10.3138/uram.6.1.4,,,murdock,NGURU,NGURU,gis_exact,gis:murdock,murdock,ZIGULA,Zigua,index,ethnic_entity_index,1
NGWATO,Tawana,icmid_sheet2,1,0,Southern Africa,,,,murdock,NGWATO,Ngwato,registry,bootstrapped from entity index polygon_ids,murdock,TAWANA,Tawana,index,ethnic_entity_index,1
Nri,Onitsha,llm_ehraf,1,0,WesternAfrica,/Igbo_Henderson_297_NK,"These patterns suggest a structured ambiguity in the relations between the Onitsha and Nri kings. By early exploratory times a kind of joking relationship had developed between the two, in which the king of Onitsha permitted the king of Nri to sacrifice at the major shrines to land and river in recognition of his spiritual superiority, but seized the latter's followers for ransom as a sign of his superior strength.",Text explicitly describes a recurrent joking relationship between Onitsha and Nri kings across communities.,,,Nri,,,,,Onitsha,,,0
Nubians,their employers,llm_ehraf,1,0,NorthernAfrica,/Nubians_Fernea_1991_190_KS,"Working as servants, surrounded by non-Nubians, Nubians spoke their own language, a practice which, like the employment itself, was both stigmatizing and at the same time offered a degree of independence. Thus Nubians could discuss their work, criticize their employers and share “inside” jokes, which provided them with a sense of superiority over others, even while their language marked them as barabra.","Text describes recurrent ""inside"" jokes by Nubian workers about employers, a patterned teasing between defined social units.",greg,NUBIANS,Nubians,index,ethnic_entity_index,,,their employers,,,0
Nyakyusa,SANGU,icmid_sheet2,1,0,East Africa,"Moreau, R. E. “Joking Relationships in Tanganyika.” Africa 14, no. 7 (1944): 386–400. https://doi.org/10.2307/1157006.",,,murdock,NYAKYUSA,Nyakyusa,index,ethnic_entity_index,murdock,SANGU,SANGU,gis_exact,gis:murdock,1
NYAMWEZI,Sagara,icmid_sheet2,1,0,East Africa,"Moreau, R. E. “Joking Relationships in Tanganyika.” Africa 14, no. 7 (1944): 386–400. https://doi.org/10.2307/1157006.",,,murdock,NYAMWEZI,Nyamwezi,registry,bootstrapped from entity index polygon_ids,murdock,SAGARA,SAGARA,gis_exact,gis:murdock,1
Nyamwezi,ZARAMO,icmid_sheet2,1,0,East Africa,"“Joking Relationship in East Africa.” Africa 13, no. 2 (1940): 170–73. https://doi.org/10.1017/S0001972000003429.",,,murdock,NYAMWEZI,Nyamwezi,index,ethnic_entity_index,murdock,ZARAMO,Zaramo,registry,bootstrapped from entity index polygon_ids,1
NYAMWEZI,Zaramu,icmid_sheet2,1,0,East Africa,"Moreau, R. E. “Joking Relationships in Tanganyika.” Africa 14, no. 7 (1944): 386–400. https://doi.org/10.2307/1157006.",,,murdock,NYAMWEZI,Nyamwezi,registry,bootstrapped from entity index polygon_ids,,,Zaramu,,,0
NYAMWEZI,Zigua,icmid_sheet2,1,0,East Africa,"Moreau, R. E. “Joking Relationships in Tanganyika.” Africa 14, no. 7 (1944): 386–400. https://doi.org/10.2307/1157006.",,,murdock,NYAMWEZI,Nyamwezi,registry,bootstrapped from entity index polygon_ids,murdock,ZIGULA,Zigua,index,ethnic_entity_index,1
Nyamwezi,ZIGULA,icmid_sheet2,1,0,East Africa,,,,murdock,NYAMWEZI,Nyamwezi,index,ethnic_entity_index,murdock,ZIGULA,Zigua,registry,synced from ethnic_entity_index,1
older Bedouin women,"some Bedouins from the cities (""followers of the model"")",llm_ehraf,1,0,NorthernAfrica,/LibyanBedouin_AbuLughod_1993_235_KS,"Their reactions to the sanctimonious Egyptians—and now to some Bedouins from the cities, who were becoming, as they put it, “followers of the model,” meaning the life of the Prophet—have been mixed. The older women are not cowed. They argue... They resent being told that some of the ways they have demonstrated their devoutness are wrong.",Text describes recurrent mocking by older Bedouin women of urban 'followers of the model' as a cultural stance.,,,older Bedouin women,,,,,"some Bedouins from the cities (""followers of the model"")",,,0
PARE,Teita,icmid_sheet2,1,0,East Africa,"Moreau, R. E. “Joking Relationships in Tanganyika.” Africa 14, no. 7 (1944): 386–400. https://doi.org/10.2307/1157006.",,,murdock,PARE,PARE,gis_exact,gis:murdock,murdock,TEITA,Teita,index,ethnic_entity_index,1
Peul (Djawambé),Tuaregs,keerthana_analysis,1,0,BurkinaFaso,,,,geopr,PEUL,Peul (Djawambé),index,ethnic_entity_index,greg,TUAREGS,Tuaregs,index,ethnic_entity_index,1
Peul (peul siloubè),Peul (Toucouleurs),keerthana_analysis,1,0,BurkinaFaso,,,,geopr,PEUL,Peul (peul siloubè),index,ethnic_entity_index,geopr,PEUL,Peul (Toucouleurs),index,ethnic_entity_index,1
Potola,YAO,icmid_sheet2,1,0,East Africa,https://www.era.anthropology.ac.uk/Kalela/jokingtribes.html,,,,,Potola,,,murdock,YAO,Yao,registry,bootstrapped from entity index polygon_ids,0
Punu,VILI,icmid_sheet2,1,0,Central Africa,https://fr.wikipedia.org/wiki/Vili_(peuple),"Les Vili auraient vécu harmonieusement avec les
Yombé, les Lumbu, les Vungu, les Punu et les
2
Kugni au sein du royaume de Loango . Avec ces
3,2
peuples, ils ont développé le Bundiku , une
relation de bon voisinage qui permet de prévenir
des conflits, notamment grâce aux plaisanteries.",,,,Punu,,,murdock,VILI,VILI,gis_exact,gis:murdock,0
Riffians,Senhajans,llm_ehraf,1,0,NorthernAfrica,/BerbersofMorocco_Coon_1931_141_KS,"The Riffians tell the story as a joke on the Senhajans, and although this circumstance does not necessarily render the tale false it does not increase its chances of being true.",Ethnographer reports Riffians telling a recurrent joke about Senhajans—cross-ethnic teasing.,,,Riffians,,,,,Senhajans,,,0
Rindi of Moshi,Sina of Kibosho,llm_ehraf,1,0,EasternAfrica,/Chagga_Guttman_1926_455_KS,"Rindi of Moshi and Sina of Kibosho were bitter enemies.
...
He stepped before Sina and talked in broken Chagga language: “Here, councellor, cousin yours yours sends it”
...
Sina had to laugh, and all of his men shook with laughter (menge ikavika nawanawa seko).",Recurring rivalry allows sanctioned ridicule between the two chieftains/communities; messenger exploited this teasing to defuse danger.,,,Rindi of Moshi,,,,,Sina of Kibosho,,,0
Sabe,Tessian,keerthana_analysis,1,0,BurkinaFaso,,,,,,Sabe,,,,,Tessian,,,0
Samo,SONGHAI,keerthana_analysis,1,0,BurkinaFaso,,,,murdock,SAMO,Samo,index,ethnic_entity_index,murdock,SONGHAI,SONGHAI,index,ethnic_entity_index,1
Samo,Yalma,keerthana_analysis,1,0,BurkinaFaso,,,,murdock,SAMO,Samo,index,ethnic_entity_index,,,Yalma,,,0
Samo,Yana,keerthana_analysis,1,0,BurkinaFaso,,,,murdock,SAMO,Samo,index,ethnic_entity_index,,,Yana,,,0
Samo,Zaose,keerthana_analysis,1,0,BurkinaFaso,,,,murdock,SAMO,Samo,index,ethnic_entity_index,,,Zaose,,,0
Sanga,Yendoumman,llm_ehraf,1,0,WesternAfrica,/Dogon_Griaule_222_NK,"According to the people of Sanga, the villages of Yendoumman were built
upon ground that is without rocks, which to their eyes is an inconvenience,
perhaps because of the termites which cannot live in a rocky place but swarm
in the loose earth.

In order to celebrate their superiority, the people of Sanga sing:

yendummã de sãga ir[unknown]
sãgana taba yak˛o.
Sanga is worth more than Yendoumman
At Sanga, there are rocks.",Sanga sing songs celebrating superiority over Yendoumman; recurring inter-community mockery.,murdock,SANGA,SANGA,gis_exact,gis:murdock,,,Yendoumman,,,0
sarakolle,sedentary Fulani,llm_ehraf,1,0,WesternAfrica,/Fulani_Dupire_349_NK,In Fouta-Jalon this relationship existed in a parallel form between the sedentary Fulani and the traders whom they protected and whom they called “their sarakolle.”,Author notes a parallel institutional protected/trader joking relation in Fouta-Jalon between sedentary Fulani and 'sarakolle'.,,,sarakolle,,,,,sedentary Fulani,,,0
Sembla,TUSYAN,icmid_sheet2,1,0,West Africa,https://journals.openedition.org/communication/5503?lang=en,Tableau 1. Groupes alliés à plaisanteries,,,,Sembla,,,murdock,TUSYAN,Tusyan,registry,bootstrapped from entity index polygon_ids,0
Senikèlè,SONGHAI,keerthana_analysis,1,0,BurkinaFaso,,,,,,Senikèlè,,,murdock,SONGHAI,SONGHAI,index,ethnic_entity_index,0
Senufo,Tusyan,keerthana_analysis,2,0,BurkinaFaso,,,,murdock,SENUFO,Senufo,index,ethnic_entity_index,murdock,TUSYAN,Tusyan,index,ethnic_entity_index,1
SENUFO,Yacouba,icmid_sheet2,1,0,West Africa,"NEA, Madou. « Écriture et développement en Côte d'Ivoire ». ZAOULI, n°02 Spécial, décembre 2021, pp. 318-328. Enseignant-chercheur, Département de Théâtre et Traditions Populaires, ESTCA/INSAAC, Côte d'Ivoire. ISSN : 2788-9343.",Tableau 2 : Alliances inter-ethniques à plaisanterie,,murdock,SENUFO,Senufo,registry,bootstrapped from entity index polygon_ids,,,Yacouba,,,0
Senufo,Yana,keerthana_analysis,1,0,BurkinaFaso,,,,murdock,SENUFO,Senufo,index,ethnic_entity_index,,,Yana,,,0
Senufo,Zerma,keerthana_analysis,1,0,BurkinaFaso,,,,murdock,SENUFO,Senufo,index,ethnic_entity_index,murdock,ZERMA,Zerma,index,ethnic_entity_index,1
Serers,Tukulor,icmid_sheet1,1,0,,https://www.101lasttribes.com/tribes/tukulor.html,,,,,Serers,,,murdock,TUKULOR,Tukulor,index,ethnic_entity_index,0
Serer,TUKULOR,icmid_sheet2,1,0,West Africa,https://www.101lasttribes.com/tribes/tukulor.html,"According to the oral traditions of the Toucouleur and Serer, the Toucouleurs are descendants of Serer and Fula ancestors. This tradition is supported by many scholars including Foltz and Phillips. A mutually acceptable bantering-style interaction, called the joking relationship by anthropologists, exists between the Serers and Toucouleurs.",,murdock,SERER,Serer,index,ethnic_entity_index,murdock,TUKULOR,Tukulor,registry,bootstrapped from entity index polygon_ids,1
SHASHI,Sukuma,icmid_sheet2,1,0,East Africa,https://dokumen.pub/the-peoples-of-greater-unyamwezitanzania-nyamwezi-sukuma-sumbwa-kimbu-konongo-east-central-africa-part-xvii-ethnographic-survey-of-africa-1nbsped-113823348x-9781138233485.html,,,murdock,SHASHI,SHASHI,gis_exact,gis:murdock,murdock,SUKUMA,Sukuma,index,ethnic_entity_index,1
Sie,Yam(ə)l(ə)g,llm_ehraf,1,0,WesternAfrica,/Tallensi_Fortes_94_NK,The people of Yam(ə)l(ə)g and of Sie used to act in the same way towards each other before the political jealousies that to-day poison their relationship arose.,Text reports patterned mutual actions between named communities prior to political conflict.,,,Sie,,,,,Yam(ə)l(ə)g,,,0
slaves they acquired during the period of jihad,Wodaabe,llm_ehraf,1,0,WesternAfrica,/Fulani_Kaartinen_7_NK,"Ancient marriages8 between Wodaabe headmen and their Beriberi and Kanouri neighbors, as well as between Wodaabe and the slaves they acquired during the period of jihad, have remained as a basis of dendiraagal between Woodaabe and their ancient allies and serfs (ibid.: 27, 29, 37, ; 1970, ).",Text states marriages between Wodaabe and their acquired slaves form dendiraagal tying Wodaabe and serfs into joking/allied relations.,,,slaves they acquired during the period of jihad,,,,,Wodaabe,,,0
Sombie,Tessian,keerthana_analysis,1,0,BurkinaFaso,,,,,,Sombie,,,,,Tessian,,,0
SONGHAI,Tuareg,icmid_sheet2,1,0,West Africa,https://www.academia.edu/49184471/Introduction_joking_kinship_1258_,,,murdock,SONGHAI,SONGHAI,index,ethnic_entity_index,geopr,TUAREG,Tuareg,index,ethnic_entity_index,1
SONGHAI,Tuaregs,keerthana_analysis,1,0,BurkinaFaso,,,,murdock,SONGHAI,SONGHAI,index,ethnic_entity_index,greg,TUAREGS,Tuaregs,index,ethnic_entity_index,1
SONGHAI,Venda,keerthana_analysis,1,0,BurkinaFaso,,,,murdock,SONGHAI,SONGHAI,index,ethnic_entity_index,murdock,VENDA,Venda,index,ethnic_entity_index,1
SOTHO,Tonga,icmid_sheet2,1,0,Southern Africa,https://www.researchgate.net/publication/358913594_The_theatre_of_jokers,,,murdock,SOTHO,SOTHO,gis_exact,gis:murdock,murdock,TONGA,Tonga,index,ethnic_entity_index,1
sud-ouest,Zerma,keerthana_analysis,1,0,BurkinaFaso,,,,,,sud-ouest,,,murdock,ZERMA,Zerma,index,ethnic_entity_index,0
Sukuma,Swahili,icmid_sheet2,1,0,East Africa,"“Joking Relationship in East Africa.” Africa 13, no. 2 (1940): 170–73. https://doi.org/10.1017/S0001972000003429.",,,murdock,SUKUMA,Sukuma,index,ethnic_entity_index,greg,SWAHILI,Swahili,gis_exact,gis:greg,1
Sukuma,Zaramo,icmid_sheet2,2,0,East Africa,"“Joking Relationship in East Africa.” Africa 13, no. 2 (1940): 170–73. https://doi.org/10.1017/S0001972000003429.",,,murdock,SUKUMA,Sukuma,index,ethnic_entity_index,murdock,ZARAMO,Zaramo,index,ethnic_entity_index,1
Sukuma,Zigua,icmid_sheet2,1,0,East Africa,"“Joking Relationship in East Africa.” Africa 13, no. 2 (1940): 170–73. https://doi.org/10.1017/S0001972000003429.",,,murdock,SUKUMA,Sukuma,index,ethnic_entity_index,murdock,ZIGULA,Zigua,index,ethnic_entity_index,1
Sukuma,ZIGULA,icmid_sheet2,1,0,East Africa,,,,murdock,SUKUMA,Sukuma,index,ethnic_entity_index,murdock,ZIGULA,Zigua,registry,synced from ethnic_entity_index,1
Suk,TURKANA,icmid_sheet2,1,0,East Africa,https://www.tandfonline.com/doi/pdf/10.1080/00141844.1974.9981078,,"Suk is also called Pokot, Tigania is a subgroup of Meru",murdock,SUK,Suk,index,ethnic_entity_index,murdock,TURKANA,Turkana,registry,bootstrapped from entity index polygon_ids,1
SUMBWA,Zaramu,icmid_sheet2,1,0,East Africa,,,,murdock,SUMBWA,Sumbwa,registry,bootstrapped from entity index polygon_ids,,,Zaramu,,,0
SUMBWA,Zigua,icmid_sheet2,1,0,East Africa,,,,murdock,SUMBWA,Sumbwa,registry,bootstrapped from entity index polygon_ids,murdock,ZIGULA,Zigua,index,ethnic_entity_index,1
Tallensi (Ba'ari),Tallensi (Gorogo),keerthana_og,1,0,WesternAfrica,,"[/Tallensi_Fortes_91_NK:p1] The dynamics of clanship among the Tallensi Quasi-Clanship: Joking Partnership Beyond the lineage's field of clanship lies a zone of social relations with which it has no constituted ties. For example, Zubiuŋ has no constituted ties with Zandoya. When Pal of Zubiuŋ abducted the young wife of a Zandoya man, this was his justification for an act which would have been considered an outrage if she had been the wife of a Ba'ari man. Again, when Sa□abo of Kpata'ar clandestinely brought home the wife of a Gorogo man, the elders of his lineage were ready to shield him. A few months later another youth of the same lineage eloped with the wife of a man belonging to a linked lineage, and the same elders peremptorily sent her home to her former husband. Somewhere between clanship and potential enmity come two other kinds of ties belonging to the same class of structural relations as clanship and generally accounted for as arising out of some form of kinship (mabiir(ə)t). Each clan among the Talis, and in some cases a particular maximal lineage, has one or more joking partnerships with other clans or lineages. Thus Ba'ari has a joking partnership with Gorogo, Zubiuŋ with Sakpee and Gundaat, Kpata'ar with Wakii, Degal with Samiit, and so forth. The natives describe these relationships in the following terms. They say, ‘We tease one another (ti kieh(ə)t ni taaba)’, or ‘We abuse one another (ti turc taaba)’. If they are asked for an explanation they say, ‘It is laughter (la'at)’, ‘it is brother-in-lawship (dakiir(ə)t)’. Talking of it always raises a grin.  1/2 ||| [/Tallensi_Fortes_91_NK:p2] The joking partnership has two conventional modes of expression. When, for example, a Ba'ari man meets a Gorogo man or woman on a path by chance they abuse each other with impunity, in such terms as ‘you ugly thing (bonl(ɔ)r(ə)ga)’, or ‘you good for nothing (boŋwari)’, or some similar objurgation. Spoken in anger, these are deadly insults. Between joking partners, who shout them out with mock seriousness, they arouse only a roar of laughter. As we have noted, the natives compare them with the joking relationship of affines of the same generation. A man will tease his wife's brother (dakii) or sister (dakii-p(ɔ)k) or his sister's husband (dakii) or a clansman's wife in this way, and a woman her brother's wife (p(ɔ)□akii) or her husband's sister (p(ɔ)□akii), to the amusement of both.1 The other gesture of privileged aggression which is a convention of the joking partnership I once observed at a Zubiuŋ funeral. A cow had been slaughtered in honour of the deceased, and the elders were distributing the meat. A huge crowd of people had gathered, as is usual, for the occasion, and the tumult was indescribable. The division of the meat was still in progress. This process is always accompanied by loud and what appears to be truculent argument. Suddenly a youth sprang forward from the middle of the crowd, snatched the leg of a sheep, and sprinted off at top speed. There was a moment's consternation, and then an uproar. Laughing and shouting taunts and mockery at the top of their voices, the crowd looked on as one of the most respected elders of Zubiuŋ dashed off92 in pursuit. The youth zigzagged through the crowd, flourishing his leg of mutton, and threw it to a companion as the old man reached and grappled with him. For a few minutes they wrestled on the refuse heap, the old man pretending fury with the most realistic mimicry, as he cried out, ‘you thief, you scoundrel’, and his opponent making a pretence of resisting vigorously. A horde of small boys pranced around them with joy, and the elders at the gateway shook with laughter. Then it was all over, and everybody's attention reverted to the serious business of dividing the meat. ‘Those young fellows are Sakpeed□m’, an elder explained to me; ‘we and Sakpee abuse each other, it is brother-in-lawship, and not fighting.’ This incident was a striking instance of how a social definition s",Explicit joking partnership described as brother-in-lawship. | Ba'ari has a joking partnership with Gorogo; natives say 'We tease one another'. | Ba'ari and Gorogo clans have a joking partnership described as 'brother-in-lawship' with mutual teasing and abuse.,murdock,GURENSI,Tallensi,index,ethnic_entity_index,murdock,GURENSI,Tallensi,index,ethnic_entity_index,1
Tallensi (Degal),Tallensi (Samiit),keerthana_og,1,0,WesternAfrica,,"[/Tallensi_Fortes_91_NK:p1] The dynamics of clanship among the Tallensi Quasi-Clanship: Joking Partnership Beyond the lineage's field of clanship lies a zone of social relations with which it has no constituted ties. For example, Zubiuŋ has no constituted ties with Zandoya. When Pal of Zubiuŋ abducted the young wife of a Zandoya man, this was his justification for an act which would have been considered an outrage if she had been the wife of a Ba'ari man. Again, when Sa□abo of Kpata'ar clandestinely brought home the wife of a Gorogo man, the elders of his lineage were ready to shield him. A few months later another youth of the same lineage eloped with the wife of a man belonging to a linked lineage, and the same elders peremptorily sent her home to her former husband. Somewhere between clanship and potential enmity come two other kinds of ties belonging to the same class of structural relations as clanship and generally accounted for as arising out of some form of kinship (mabiir(ə)t). Each clan among the Talis, and in some cases a particular maximal lineage, has one or more joking partnerships with other clans or lineages. Thus Ba'ari has a joking partnership with Gorogo, Zubiuŋ with Sakpee and Gundaat, Kpata'ar with Wakii, Degal with Samiit, and so forth. The natives describe these relationships in the following terms. They say, ‘We tease one another (ti kieh(ə)t ni taaba)’, or ‘We abuse one another (ti turc taaba)’. If they are asked for an explanation they say, ‘It is laughter (la'at)’, ‘it is brother-in-lawship (dakiir(ə)t)’. Talking of it always raises a grin.  1/2",Explicit joking partnership described as brother-in-lawship. | Degal has a joking partnership with Samiit; natives say 'We tease one another'.,murdock,GURENSI,Tallensi,index,ethnic_entity_index,murdock,GURENSI,Tallensi,index,ethnic_entity_index,1
Tallensi (Gundaat),Tallensi (Zubiuŋ),keerthana_og,1,0,WesternAfrica,,"[/Tallensi_Fortes_91_NK:p1] The dynamics of clanship among the Tallensi Quasi-Clanship: Joking Partnership Beyond the lineage's field of clanship lies a zone of social relations with which it has no constituted ties. For example, Zubiuŋ has no constituted ties with Zandoya. When Pal of Zubiuŋ abducted the young wife of a Zandoya man, this was his justification for an act which would have been considered an outrage if she had been the wife of a Ba'ari man. Again, when Sa□abo of Kpata'ar clandestinely brought home the wife of a Gorogo man, the elders of his lineage were ready to shield him. A few months later another youth of the same lineage eloped with the wife of a man belonging to a linked lineage, and the same elders peremptorily sent her home to her former husband. Somewhere between clanship and potential enmity come two other kinds of ties belonging to the same class of structural relations as clanship and generally accounted for as arising out of some form of kinship (mabiir(ə)t). Each clan among the Talis, and in some cases a particular maximal lineage, has one or more joking partnerships with other clans or lineages. Thus Ba'ari has a joking partnership with Gorogo, Zubiuŋ with Sakpee and Gundaat, Kpata'ar with Wakii, Degal with Samiit, and so forth. The natives describe these relationships in the following terms. They say, ‘We tease one another (ti kieh(ə)t ni taaba)’, or ‘We abuse one another (ti turc taaba)’. If they are asked for an explanation they say, ‘It is laughter (la'at)’, ‘it is brother-in-lawship (dakiir(ə)t)’. Talking of it always raises a grin.  1/2",Explicit joking partnership described as brother-in-lawship. | Zubiuŋ has a joking partnership with Gundaat; natives say 'We tease one another'.,murdock,GURENSI,Tallensi,index,ethnic_entity_index,murdock,GURENSI,Tallensi,index,ethnic_entity_index,1
Tallensi (Kpata'ar),Tallensi (Wakii),keerthana_og,1,0,WesternAfrica,,"[/Tallensi_Fortes_91_NK:p1] The dynamics of clanship among the Tallensi Quasi-Clanship: Joking Partnership Beyond the lineage's field of clanship lies a zone of social relations with which it has no constituted ties. For example, Zubiuŋ has no constituted ties with Zandoya. When Pal of Zubiuŋ abducted the young wife of a Zandoya man, this was his justification for an act which would have been considered an outrage if she had been the wife of a Ba'ari man. Again, when Sa□abo of Kpata'ar clandestinely brought home the wife of a Gorogo man, the elders of his lineage were ready to shield him. A few months later another youth of the same lineage eloped with the wife of a man belonging to a linked lineage, and the same elders peremptorily sent her home to her former husband. Somewhere between clanship and potential enmity come two other kinds of ties belonging to the same class of structural relations as clanship and generally accounted for as arising out of some form of kinship (mabiir(ə)t). Each clan among the Talis, and in some cases a particular maximal lineage, has one or more joking partnerships with other clans or lineages. Thus Ba'ari has a joking partnership with Gorogo, Zubiuŋ with Sakpee and Gundaat, Kpata'ar with Wakii, Degal with Samiit, and so forth. The natives describe these relationships in the following terms. They say, ‘We tease one another (ti kieh(ə)t ni taaba)’, or ‘We abuse one another (ti turc taaba)’. If they are asked for an explanation they say, ‘It is laughter (la'at)’, ‘it is brother-in-lawship (dakiir(ə)t)’. Talking of it always raises a grin.  1/2",Explicit joking partnership described as brother-in-lawship. | Kpata'ar has a joking partnership with Wakii; natives say 'We tease one another'.,murdock,GURENSI,Tallensi,index,ethnic_entity_index,murdock,GURENSI,Tallensi,index,ethnic_entity_index,1
Tallensi (Sakpee),Tallensi (Zubiuŋ),keerthana_og,1,0,WesternAfrica,,"[/Tallensi_Fortes_91_NK:p1] The dynamics of clanship among the Tallensi Quasi-Clanship: Joking Partnership Beyond the lineage's field of clanship lies a zone of social relations with which it has no constituted ties. For example, Zubiuŋ has no constituted ties with Zandoya. When Pal of Zubiuŋ abducted the young wife of a Zandoya man, this was his justification for an act which would have been considered an outrage if she had been the wife of a Ba'ari man. Again, when Sa□abo of Kpata'ar clandestinely brought home the wife of a Gorogo man, the elders of his lineage were ready to shield him. A few months later another youth of the same lineage eloped with the wife of a man belonging to a linked lineage, and the same elders peremptorily sent her home to her former husband. Somewhere between clanship and potential enmity come two other kinds of ties belonging to the same class of structural relations as clanship and generally accounted for as arising out of some form of kinship (mabiir(ə)t). Each clan among the Talis, and in some cases a particular maximal lineage, has one or more joking partnerships with other clans or lineages. Thus Ba'ari has a joking partnership with Gorogo, Zubiuŋ with Sakpee and Gundaat, Kpata'ar with Wakii, Degal with Samiit, and so forth. The natives describe these relationships in the following terms. They say, ‘We tease one another (ti kieh(ə)t ni taaba)’, or ‘We abuse one another (ti turc taaba)’. If they are asked for an explanation they say, ‘It is laughter (la'at)’, ‘it is brother-in-lawship (dakiir(ə)t)’. Talking of it always raises a grin.  1/2 ||| [/Tallensi_Fortes_91_NK:p2] The joking partnership has two conventional modes of expression. When, for example, a Ba'ari man meets a Gorogo man or woman on a path by chance they abuse each other with impunity, in such terms as ‘you ugly thing (bonl(ɔ)r(ə)ga)’, or ‘you good for nothing (boŋwari)’, or some similar objurgation. Spoken in anger, these are deadly insults. Between joking partners, who shout them out with mock seriousness, they arouse only a roar of laughter. As we have noted, the natives compare them with the joking relationship of affines of the same generation. A man will tease his wife's brother (dakii) or sister (dakii-p(ɔ)k) or his sister's husband (dakii) or a clansman's wife in this way, and a woman her brother's wife (p(ɔ)□akii) or her husband's sister (p(ɔ)□akii), to the amusement of both.1 The other gesture of privileged aggression which is a convention of the joking partnership I once observed at a Zubiuŋ funeral. A cow had been slaughtered in honour of the deceased, and the elders were distributing the meat. A huge crowd of people had gathered, as is usual, for the occasion, and the tumult was indescribable. The division of the meat was still in progress. This process is always accompanied by loud and what appears to be truculent argument. Suddenly a youth sprang forward from the middle of the crowd, snatched the leg of a sheep, and sprinted off at top speed. There was a moment's consternation, and then an uproar. Laughing and shouting taunts and mockery at the top of their voices, the crowd looked on as one of the most respected elders of Zubiuŋ dashed off92 in pursuit. The youth zigzagged through the crowd, flourishing his leg of mutton, and threw it to a companion as the old man reached and grappled with him. For a few minutes they wrestled on the refuse heap, the old man pretending fury with the most realistic mimicry, as he cried out, ‘you thief, you scoundrel’, and his opponent making a pretence of resisting vigorously. A horde of small boys pranced around them with joy, and the elders at the gateway shook with laughter. Then it was all over, and everybody's attention reverted to the serious business of dividing the meat. ‘Those young fellows are Sakpeed□m’, an elder explained to me; ‘we and Sakpee abuse each other, it is brother-in-lawship, and not fighting.’ This incident was a striking instance of how a social definition s",Explicit joking partnership described as brother-in-lawship. | Zubiuŋ has a joking partnership with Sakpee; natives say 'We tease one another'. | Zubiuŋ and Sakpee clans have a joking partnership described as 'brother-in-lawship' with mutual teasing and mock aggression.,murdock,GURENSI,Tallensi,index,ethnic_entity_index,murdock,GURENSI,Tallensi,index,ethnic_entity_index,1
TANGALE,Waja,icmid_sheet2,1,0,West Africa,"Kleinewillinghöfer, Ulrich. 1990. ""Aspects of Vowel Harmony in Waja and Tangale-Waja Common Vocabulary."" Frankfurter Afrikanistische Blätter 2: 93–106.","The Waja claim that they have a ""playmate"" (joking) relationship with the Kanakuru
and the Tangale, but maybe only with the Tangale section of Billiri, however, the linguistic material
compared for this study is drawn from the dialect of the Tangale section of Kaltungo. 4",,murdock,TANGALE,TANGALE,gis_exact,gis:murdock,,,Waja,,,0
Tessian,Yile,keerthana_analysis,1,0,BurkinaFaso,,,,,,Tessian,,,,,Yile,,,0
Thouni,Woussè,keerthana_analysis,1,0,BurkinaFaso,,,,,,Thouni,,,,,Woussè,,,0
Tigania,TURKANA,icmid_sheet2,1,0,East Africa,https://www.tandfonline.com/doi/pdf/10.1080/00141844.1974.9981078,,"Suk is also called Pokot, Tigania is a subgroup of Meru",,,Tigania,,,murdock,TURKANA,Turkana,registry,bootstrapped from entity index polygon_ids,0
Tongo,T□nzugu,llm_ehraf,1,0,WesternAfrica,/Tallensi_Fortes_93_NK,"When there was a funeral at Yam(ə)l(ə)g a party of relatives-in-law (deenam) would sometimes pass through Tongo from Wakii or T□nzugu carrying the obligatory food contributions ... Tongo youths would then, if they had a chance, intercept them and compel them to give up most of the food ... It was thought of as a practical joke, and accepted as such by the victims.",Tongo youths intercepted relatives-in-law from T□nzugu passing through Tongo; described as accepted practical joking.,,,Tongo,,,,,T□nzugu,,,0
Tongo,Wakii,llm_ehraf,1,0,WesternAfrica,/Tallensi_Fortes_93_NK,"When there was a funeral at Yam(ə)l(ə)g a party of relatives-in-law (deenam) would sometimes pass through Tongo from Wakii or T□nzugu carrying the obligatory food contributions ... Tongo youths would then, if they had a chance, intercept them and compel them to give up most of the food ... It was thought of as a practical joke, and accepted as such by the victims.",Tongo youths intercepted Wakii relatives-in-law passing through Tongo as an accepted practical joke.,,,Tongo,,,,,Wakii,,,0
Tongo,Yam(ə)l(ə)g,llm_ehraf,2,0,WesternAfrica,/Tallensi_Fortes_93_NK,"When there was a funeral at Yam(ə)l(ə)g a party of relatives-in-law (deenam) would sometimes pass through Tongo from Wakii or T□nzugu carrying the obligatory food contributions ... Tongo youths would then, if they had a chance, intercept them and compel them to give up most of the food, leaving only a small portion to prove to the Yam(ə)l(ə)g people that their relatives-in-law had discharged their obligations. | In the same way, twenty years ago, a Tongo man who chanced to be passing through Yam(ə)l(ə)g when the guinea corn was ripening or the ground-nuts ready for harvesting, might pluck a few twigs of guinea corn or pull up a bunch of ground-nuts to stay his hunger. He would shout out, ‘Whose corn is this, yo-o-o? I am going to pluck some.’ The owner ... would not raise a hue and cry, for this was not theft but an exaggerated assertion of clanship ties.",Repeated teasing/forcible appropriation between these villages described as accepted practical joke tied to clanship rights. | Tongo people were permitted to pluck crops in Yam(ə)l(ə)g as an exaggerated assertion of clanship ties; described as accepted teasing.,,,Tongo,,,,,Yam(ə)l(ə)g,,,0
Tuareg (Aġuh-en-tehlé),Tuareg (Ise□emaren),keerthana_og,1,0,NorthernAfrica,,"[/Tuareg_Nicolaisen_1963_402_KS:p2] must receive dates, while meat must be given to the Ise□emaren visiting the
Aġuh-en-tehlé. The Aġuh-en-tehlé tribe has the most intense joking
relationship to the noble Kel □ela Tuareg of all vassals. These vassals and the
noble Kel □ela engage in shamfights (tebbillant) exactly in the same way as
cross-cousins. This intense joking relationship between the Kel □ela and the
vassal Aġuh-en-tehlé should probably be explained in the light of the fact that
the latter tribe was incorporated into the Kel □ela drum-group more recently
than most other vassals. The different Tuareg classes do not generally intermarry. There are very few marriages between Ise□emaren and Kel Ulli vassals, though love-making between them is common and facilitated by their mutual joking relationship. This is true particularly for certain Ise□emaren tribes (Iheyawen Hada, Kel Ta□ulet) and the Aġuh-en-tehlé tribe. Wedding feasts in these Ise□emaren tribes are most popular with young men of the Aġuh-en-tehlé who are free to make love to the Ise□emaren girls. Between noble Tuareg and vassals of the Kel □ela drum-group there were in the past very few marriages, if any, while this was not so in the Tayto□ drum-group, where marriages were contracted between noble Tuareg and vassals. It would seem as if these mixed marriages had a political function as they served to reinforce the solidarity within the drum-group in view of its opposition to the Kel □ela drum-group and the Amenukal. In consequence of these marriages the political relations between noble Tuareg and vassals of the Tayto□ drum-group was in the past much influenced by rules of kinship behaviour, and the payments due to the drum-chief from vassals were less comprehensive than in the Kel □ela drum- group.  2/2",Joking relationship involves fixed gift exchange when visiting each other.,geopr,TUAREG,Tuareg,index,ethnic_entity_index,geopr,TUAREG,Tuareg,index,ethnic_entity_index,1
Tuareg (Aġuh-en-tehlé),Tuareg (noble Kel □ela Tuareg),keerthana_og,1,0,NorthernAfrica,,"[/Tuareg_Nicolaisen_1963_402_KS:p2] must receive dates, while meat must be given to the Ise□emaren visiting the
Aġuh-en-tehlé. The Aġuh-en-tehlé tribe has the most intense joking
relationship to the noble Kel □ela Tuareg of all vassals. These vassals and the
noble Kel □ela engage in shamfights (tebbillant) exactly in the same way as
cross-cousins. This intense joking relationship between the Kel □ela and the
vassal Aġuh-en-tehlé should probably be explained in the light of the fact that
the latter tribe was incorporated into the Kel □ela drum-group more recently
than most other vassals. The different Tuareg classes do not generally intermarry. There are very few marriages between Ise□emaren and Kel Ulli vassals, though love-making between them is common and facilitated by their mutual joking relationship. This is true particularly for certain Ise□emaren tribes (Iheyawen Hada, Kel Ta□ulet) and the Aġuh-en-tehlé tribe. Wedding feasts in these Ise□emaren tribes are most popular with young men of the Aġuh-en-tehlé who are free to make love to the Ise□emaren girls. Between noble Tuareg and vassals of the Kel □ela drum-group there were in the past very few marriages, if any, while this was not so in the Tayto□ drum-group, where marriages were contracted between noble Tuareg and vassals. It would seem as if these mixed marriages had a political function as they served to reinforce the solidarity within the drum-group in view of its opposition to the Kel □ela drum-group and the Amenukal. In consequence of these marriages the political relations between noble Tuareg and vassals of the Tayto□ drum-group was in the past much influenced by rules of kinship behaviour, and the payments due to the drum-chief from vassals were less comprehensive than in the Kel □ela drum- group.  2/2",Includes shamfights (tebbillant) similar to cross-cousins.,geopr,TUAREG,Tuareg,index,ethnic_entity_index,geopr,TUAREG,Tuareg,index,ethnic_entity_index,1
Tuareg (Irawatten),Tuareg (Kel Azel),keerthana_og,1,0,NorthernAfrica,,"[/Tuareg_Nicolaisen_1963_430_KS:p1] Ecology and culture of the pastoral Tuareg In spite of the application of the rules of joking relationship on a political level, troubles within the drum-group were far from unknown. And it is remarkable that even between the related tribes of Irawatten and Kel Azel there might be very severe quarrels. There was a latent opposition between them which might occasionally lead to fighting between noble Tuareg of the two groups. The existence within the drum-group of another noble tribe, the Kel Azel, with a certain number of vassals was always a danger to the position of the drum- chief as a ruler of the wholeKel Ferwan group. And noble Tuareg of the Irawatten tribe say that in the past it even happened that the drum-chief punished the Kel Azel very severely, not only taking all their livestock, but also burning down their camps. The drum-chief was able to maintain his power over the whole Kel Ferwan group because most vassal tribes were placed directly under his command, and because these tribes camped around Agadez which was dominated by him. The drum-chief also had trouble with another tribe of his group, the Kel Akerra. This tribe is said to have been originally of noble status and to have had as its particular vassals the Ibararojiten tribe. In the past the drum-chief assisted by vassals of the whole group imposed vassalage upon the Kel Akerra, who, however, refused to give him part of their bride-wealth. It is said that the drum-chief three times made war against the Kel Akerra to bring them to submission and each time they were severely beaten. Nevertheless they refused to pay bride-wealth to the chief, who then ceased to claim it. As a result of these wars the Kel Akerra tribe became small and insignificant. It is said that the tribes of Imezzureg and Isakaranan, who like the Kel Akerra are  1/2","The text states that joking relationship rules apply politically between these related tribes, but also notes severe quarrels and latent opposition, so joking relationship exists but with conflict.",geopr,TUAREG,Tuareg,index,ethnic_entity_index,geopr,TUAREG,Tuareg,index,ethnic_entity_index,1
VILI,Vingu,icmid_sheet2,1,0,Central Africa,https://fr.wikipedia.org/wiki/Vili_(peuple),"Les Vili auraient vécu harmonieusement avec les
Yombé, les Lumbu, les Vungu, les Punu et les
2
Kugni au sein du royaume de Loango . Avec ces
3,2
peuples, ils ont développé le Bundiku , une
relation de bon voisinage qui permet de prévenir
des conflits, notamment grâce aux plaisanteries.",,murdock,VILI,VILI,gis_exact,gis:murdock,,,Vingu,,,0
VILI,Yombe,icmid_sheet2,2,0,Central Africa,https://fr.wikipedia.org/wiki/Vili_(peuple),"Les Vili auraient vécu harmonieusement avec les
Yombé, les Lumbu, les Vungu, les Punu et les
2
Kugni au sein du royaume de Loango . Avec ces
3,2
peuples, ils ont développé le Bundiku , une
relation de bon voisinage qui permet de prévenir
des conflits, notamment grâce aux plaisanteries.",,murdock,VILI,VILI,gis_exact,gis:murdock,murdock,YOMBE,YOMBE,gis_exact,gis:murdock,1
Yana,Zaose,keerthana_analysis,2,0,BurkinaFaso,,,,,,Yana,,,,,Zaose,,,0
Yana,Zerma,keerthana_analysis,1,0,BurkinaFaso,,,,,,Yana,,,murdock,ZERMA,Zerma,index,ethnic_entity_index,0
Yana,Zoaga,keerthana_analysis,1,0,BurkinaFaso,,,,,,Yana,,,,,Zoaga,,,0
ZARAMO,Zigua,icmid_sheet2,1,0,East Africa,"“Joking Relationship in East Africa.” Africa 13, no. 2 (1940): 170–73. https://doi.org/10.1017/S0001972000003429.",,,murdock,ZARAMO,Zaramo,registry,bootstrapped from entity index polygon_ids,murdock,ZIGULA,Zigua,index,ethnic_entity_index,1
Zaramu.,ZIGULA,icmid_sheet2,1,0,East Africa,,,,,,Zaramu.,,,murdock,ZIGULA,Zigua,registry,synced from ethnic_entity_index,0
