relationship_id,scope_coded,region,ethnography_group,entity_a,entity_b,entity_a_canonical,entity_b_canonical,entity_a_type,entity_b_type,relation_type_coded,symmetry_coded,relation_labels,local_terms,supporting_quote_raw,confidence_mean,confidence_max,n_assertions,n_source_docs,source_docs,assertion_ids,joking_source
420,within_group,CentralAfrica,Azande,blood-brothers,blood-brothers,blood-brothers,blood-brothers,kin_role,kin_role,insulting_license,symmetric,licence to chaff,,"Evans-Pritchard, 16, 1933; blood-brothers have licence, which is not permitted to others, to chaff each other freely in this way.",0.85,0.85,1,1,/Azande_Baxter_1953_17_KS,420,ehraf_v2
421,within_group,CentralAfrica,Azande,blood-brothers,blood-brothers,blood-brothers,blood-brothers,kin_role,kin_role,joking_relationship,symmetric,,,"The behaviour which blood-brothers are expected to assume towards each other is the opposite of that required towards kin and in-laws, and they stand to each other in a sort of joking relationship. They abuse each other with impunity, saying things that would normally be considered causes of deep quarrels.",0.9,0.9,1,1,/Azande_Baxter_1953_76_KS,421,ehraf_v2
422,within_group,CentralAfrica,Azande,bakulemi,bakulemi,bakulemi,bakulemi,clan,clan,joking_relationship,symmetric,,bakulemi,"In a modified form this joking relationship is extended to clansmen, known as bakulemi; and between certain clans, such as the Abanvra, Abangombi, Akalinga, and Agiti, a permanent joking relationship has grown up.",0.85,0.85,1,1,/Azande_Baxter_1953_76_KS,422,ehraf_v2
423,within_group,CentralAfrica,Azande,Abanvra,Abangombi,Abanvra,Abangombi,clan,clan,joking_relationship,symmetric,permanent joking relationship,,"In a modified form this joking relationship is extended to clansmen, known as bakulemi; and between certain clans, such as the Abanvra, Abangombi, Akalinga, and Agiti, a permanent joking relationship has grown up.",0.9,0.9,1,1,/Azande_Baxter_1953_76_KS,423,ehraf_v2
424,within_group,CentralAfrica,Azande,Abanvra,Akalinga,Abanvra,Akalinga,clan,clan,joking_relationship,symmetric,permanent joking relationship,,"In a modified form this joking relationship is extended to clansmen, known as bakulemi; and between certain clans, such as the Abanvra, Abangombi, Akalinga, and Agiti, a permanent joking relationship has grown up.",0.9,0.9,1,1,/Azande_Baxter_1953_76_KS,424,ehraf_v2
425,within_group,CentralAfrica,Azande,Abanvra,Agiti,Abanvra,Agiti,clan,clan,joking_relationship,symmetric,permanent joking relationship,,"In a modified form this joking relationship is extended to clansmen, known as bakulemi; and between certain clans, such as the Abanvra, Abangombi, Akalinga, and Agiti, a permanent joking relationship has grown up.",0.9,0.9,1,1,/Azande_Baxter_1953_76_KS,425,ehraf_v2
426,within_group,CentralAfrica,Azande,Abangombi,Akalinga,Abangombi,Akalinga,clan,clan,joking_relationship,symmetric,permanent joking relationship,,"In a modified form this joking relationship is extended to clansmen, known as bakulemi; and between certain clans, such as the Abanvra, Abangombi, Akalinga, and Agiti, a permanent joking relationship has grown up.",0.9,0.9,1,1,/Azande_Baxter_1953_76_KS,426,ehraf_v2
427,within_group,CentralAfrica,Azande,Abangombi,Agiti,Abangombi,Agiti,clan,clan,joking_relationship,symmetric,permanent joking relationship,,"In a modified form this joking relationship is extended to clansmen, known as bakulemi; and between certain clans, such as the Abanvra, Abangombi, Akalinga, and Agiti, a permanent joking relationship has grown up.",0.9,0.9,1,1,/Azande_Baxter_1953_76_KS,427,ehraf_v2
428,within_group,CentralAfrica,Azande,Akalinga,Agiti,Akalinga,Agiti,clan,clan,joking_relationship,symmetric,permanent joking relationship,,"In a modified form this joking relationship is extended to clansmen, known as bakulemi; and between certain clans, such as the Abanvra, Abangombi, Akalinga, and Agiti, a permanent joking relationship has grown up.",0.9,0.9,1,1,/Azande_Baxter_1953_76_KS,428,ehraf_v2
429,within_group,CentralAfrica,Azande,blood-brother,blood-brother,blood-brother,blood-brother,kin_role,kin_role,joking_relationship,symmetric,Humor partners,Humor,"“The pattern of behaviour between blood-brothers is one of intimacy and equality. One way in which intimacy and equality are expressed between the Humor partners is by each publicly insulting the other.... Thus one will shout to the other: ‘Ai friend! may they cut into your witchcraft! You are witches, you of the Akalinga clan! ’ To which the blood-brother replies: ‘He! may some one spear you! who told you that we are witches, my friend? You’ve just had a good meal over there so you come on a full stomach to pick a quarrel with me without cause. That’s a bad joke; you’re a nasty sly fellow.’",0.9,0.9,1,1,/Azande_EvansPrittchard_1933_390-392a_KS,429,ehraf_v2
430,within_group,CentralAfrica,Azande,that blood-brother of mine,this elder brother of his father,that blood-brother of mine,this elder brother of his father,kin_role,kin_role,joking_relationship,unclear,blood-jests,,"He passes on to see this elder brother of his father and says to him: ‘Father, it is you I have come to see because that fellow over there, that blood-brother of mine, said yesterday that you were dead. ’",0.7,0.7,1,1,/Azande_EvansPrittchard_1933_390-392b_KS,430,ehraf_v2
431,within_group,CentralAfrica,Azande,some one with whom you are on joking terms,your relative,some one with whom you are on joking terms,your relative,group,kin_role,joking_relationship,symmetric,blood-jests,,"‘It is thus they say about jests of this kind: if some one with whom you are on joking terms comes with a long sad face to tell you some story about your relatives such as ‘Don’t you know that your relative has died?’ you should take care not to be caught. He is jesting about your relative saying that he is dead, and you must not be taken in. Blood-jests, they say, are awful lies.'",0.85,0.85,1,1,/Azande_EvansPrittchard_1933_390-392b_KS,431,ehraf_v2
432,within_group,CentralAfrica,Azande,Abauura,Abangombi,Abauura,Abangombi,clan,clan,joking_relationship,symmetric,Joking Relationship,,"As the behaviour pattern between blood-brothers is extended to the members of their clans, an extension discussed in the following section, a ‘Joking Relationship’ may grow up between two clans who may insult one another with impunity. I do not think that this [ ] is common in Zandeland, but it appears to happen sometimes, as, for example, between the Abauura and the Abangombi,",0.9,0.9,1,1,/Azande_EvansPrittchard_1933_390-392c_KS,432,ehraf_v2
433,within_group,CentralAfrica,Azande,Akalinga,Agiti,Akalinga,Agiti,clan,clan,joking_relationship,symmetric,Joking Relationship,,"As the behaviour pattern between blood-brothers is extended to the members of their clans, an extension discussed in the following section, a ‘Joking Relationship’ may grow up between two clans who may insult one another with impunity. I do not think that this [ ] is common in Zandeland, but it appears to happen sometimes, as, for example, between the Abauura and the Abangombi, the Akalinga and the Agiti, and in one or two other instances, who jest in this manner without offence being taken by either party,",0.9,0.9,1,1,/Azande_EvansPrittchard_1933_390-392c_KS,433,ehraf_v2
434,within_group,CentralAfrica,Azande,young nobles,witch-doctors,young nobles,witch-doctors,age_set,group,joking_relationship,non_symmetric,test (joke) on witch-doctors,,"Young nobles, and sometimes commoners of influence also, will test witch-doctors by playing a joke on them. Nobles often play this trick.",0.9,0.9,1,1,/Azande_EvansPrittchard_1937_185_KS,434,ehraf_v2
435,within_group,CentralAfrica,Azande,witch-doctors,witch-doctors,witch-doctors,witch-doctors,caste,caste,joking_relationship,symmetric,collegial joking,,"They chat and joke among themselves about a variety of secular subjects, though the affairs of their profession are also sometimes discussed.",0.8,0.8,1,1,/Azande_EvansPrittchard_1937_206_KS,435,ehraf_v2
436,within_group,CentralAfrica,Azande,witch-doctors,members of their audience,witch-doctors,members of their audience,group,group,joking_relationship,non_symmetric,,makama,Witch-doctors hand it to members of their audience at seances to discover whether they are witches (see p. ). They hold the sheath and present the cone to the people they want to test. Those who fail to pull out the cone are suspected of witchcraft though the test is regarded lightly by every one and rather in the nature of a joke.,0.7,0.7,1,1,/Azande_EvansPrittchard_1937_376_KS,436,ehraf_v2
437,within_group,CentralAfrica,Azande,Zande princes,his favourite wives,Zande princes,his favourite wives,group,kin_role,banter,mixed,bantering conversation,,"One of them told me that Ngere had this kind of bantering conversation with his favourite wives as he sat with them round the evening fire: « That son of mine, you have made a love-bond with him! » « Oh, no master! » « Yes you have, you are merely mocking me. » « That son of mine who is always in the outer court, what is he always waiting for? He has a lover among you. » « Oh master, how you joke with us. »",0.8,0.8,1,1,/Azande_EvansPrittchard_1957_707_KS,437,ehraf_v2
438,within_group,CentralAfrica,Azande,Prince Ngere,his small pages,Prince Ngere,his small pages,person,group,joking_relationship,non_symmetric,playful accusation,,"Prince Ngere calls one of his small pages and says « This boy is your lover! » « Oh no master, if it were indeed thus how would we escape your anger and live? »",0.75,0.75,1,1,/Azande_EvansPrittchard_1957_707_KS,438,ehraf_v2
439,within_group,CentralAfrica,Azande,blood-brothers,blood-brothers,blood-brothers,blood-brothers,kin_role,kin_role,joking_relationship,symmetric,buga,buga,He continues in the language of the joking relationship—what Azande call buga—between blood-brothers: ‘my witchcraft is so active inside me that I might have killed you (I was so longing for a drink of beer); now the rubbing-board oracle would not accuse me (of witchcraft)’.,0.9,0.9,1,1,/Azande_EvansPrittchard_1962_214_KS,439,ehraf_v2
440,within_group,CentralAfrica,Azande,a commoner,a prince,a commoner,a prince,group,group,joking_relationship,non_symmetric,sanza,sanza,"A commoner may speak or act a sanza towards a prince, but unless it is an entirely harmless joking kind of sanza or a highly complimentary one he runs a grave risk in doing so.",0.95,0.95,1,1,/Azande_EvansPrittchard_1962_218_KS,440,ehraf_v2
441,within_group,CentralAfrica,Azande,old commoner favourites of a prince,a prince,old commoner favourites of a prince,a prince,group,group,joking_relationship,non_symmetric,sanza (harmless),sanza mbaro,"A harmless sanza, what Azande call a sanza mbaro, a sanza in fun, is the habit of old commoner favourites of a prince of placing their hands before their mouths when speaking, especially when beginning to speak to him.",0.95,0.95,1,1,/Azande_EvansPrittchard_1962_218_KS,441,ehraf_v2
442,within_group,CentralAfrica,Azande,blood-brother,blood-brother,blood-brother,blood-brother,kin_role,kin_role,joking_relationship,symmetric,joking greeting / warning (sanza),sanza,"In old days also a man’s blood-brother would try to warn him as he entered court that there was trouble brewing for him there and that he had better get away quickly. He did this by greeting his blood-brother in the joking manner of greeting that obtains between blood-brothers, that is, by shaking his hand, and in doing so pressing a finger into the centre of the hand or scraping it with a finger.",0.9,0.9,1,1,/Azande_EvansPrittchard_1962_221_KS,442,ehraf_v2
443,within_group,CentralAfrica,Azande,friend,friend,friend,friend,group,group,joking_relationship,symmetric,eye-signaling teasing (sanza),sanza,"Another wants to make malicious fun of him, so he catches the eye of a friend and by moving his own head round he directs it to the exposure.",0.85,0.85,1,1,/Azande_EvansPrittchard_1962_221_KS,443,ehraf_v2
444,within_group,CentralAfrica,Azande,husband,wife,husband,wife,kin_role,kin_role,joking_relationship,non_symmetric,spousal teasing via sanza,sanza,"A man says about his wife, whom he dislikes, in the presence of other women ‘this stupid dog, I keep it only because of my cough'. ... The inner meaning of the words is ‘this stupid woman [his wife], I keep her only because she hoes my gardens'. Were the wife to understand this she would make a row, but should she do so then or later, someone in the meanwhile having explained it to her, her husband would feign innocence, saying that he was speaking only of his dog and meant no more than he said.",0.9,0.9,1,1,/Azande_EvansPrittchard_1962_221_KS,444,ehraf_v2
445,within_group,CentralAfrica,Azande,blood-brothers,blood-brothers,blood-brothers,blood-brothers,kin_role,kin_role,joking_relationship,symmetric,buga,buga,"With certain persons, particularly with blood-brothers, it is permissible to use a joking language, called buga, in which things may be said which would not be proper if said to other persons.",0.95,0.95,1,1,/Azande_EvansPrittchard_1962_223_KS,445,ehraf_v2
446,within_group,CentralAfrica,Azande,wife,husband,wife,husband,kin_role,kin_role,joking_relationship,non_symmetric,sanza,sanza,"The gbigbita sanza, the bad sanza, is more common. One uses it because subterfuge is advisable—it is not merely that one wants to score a point and to hurt, one also dares not say openly what one wants to say because of the relationship involved, the wife to husband relationship, ...",0.9,0.9,1,1,/Azande_EvansPrittchard_1962_223_KS,446,ehraf_v2
447,within_group,CentralAfrica,Azande,commoner,prince,commoner,prince,group,person,joking_relationship,non_symmetric,sanza,sanza,"One uses it because subterfuge is advisable—it is not merely that one wants to score a point and to hurt, one also dares not say openly what one wants to say because of the relationship involved, the wife to husband relationship, that of commoner to prince, ...",0.9,0.9,1,1,/Azande_EvansPrittchard_1962_223_KS,447,ehraf_v2
448,within_group,CentralAfrica,Azande,man,his in-laws,man,his in-laws,kin_role,kin_role,joking_relationship,non_symmetric,sanza,sanza,"One uses it because subterfuge is advisable—it is not merely that one wants to score a point and to hurt, one also dares not say openly what one wants to say because of the relationship involved, the wife to husband relationship, that of commoner to prince, that between blood-brothers, that of a man to his in-laws.",0.9,0.9,1,1,/Azande_EvansPrittchard_1962_223_KS,448,ehraf_v2
449,within_group,CentralAfrica,Azande,men who frequent court,men who frequent court,men who frequent court,men who frequent court,group,group,joking_relationship,symmetric,,sanza,"Men who frequent court are there to serve their own interests and in competition to win the favour of their prince, and they are well-known for their skill in getting in sharp, sly little digs at one another in the form of apparently innocuous jokes and ...",0.9,0.9,1,1,/Azande_EvansPrittchard_1962_223_KS,449,ehraf_v2
450,within_group,CentralAfrica,Azande,wife,another man's wife,wife,another man's wife,kin_role,kin_role,joking_relationship,mixed,sanza,sanza,"For example, a wife says in sanza to another man’s wife in the presence of her husband ‘the renown of your home is greater than ours’. In fact, she means the opposite and is having a dig at the owner of the homestead who, she well knows, hears what she says.",0.9,0.9,1,1,/Azande_EvansPrittchard_1962_223_KS,450,ehraf_v2
451,within_group,CentralAfrica,Azande,chief,his old Zande deputies,chief,his old Zande deputies,group,group,joking_relationship,symmetric,,bakumba,"There is no familiarity between a paramount chief and his sons and younger brothers, who fear their father greatly and are subjected to severe discipline. ... Between a chief and his deputies there is not the same strain; a chief is often seen joking with his old Zande deputies,",0.9,0.9,1,1,/Azande_Seligman_1932_503_KS,451,ehraf_v2
483,within_group,CentralAfrica,Barundi,a married son,his mother,a married son,his mother,kin_role,kin_role,insulting_license,non_symmetric,mock and shame,,"From her married son, a woman expects presents. If he is too poor to give gifts, she will mock and shame him. If he arrives at her home empty-handed, if he comes back from a job in Uganda or the city without something for her, she will be enraged.",0.9,0.9,1,1,/Barundi_Albert_1963_209_KS,483,ehraf_v2
484,within_group,CentralAfrica,Barundi,grandparents,grandchildren,grandparents,grandchildren,kin_role,kin_role,joking_relationship,mixed,joke with,,"Grandparents joke with their grandchildren, spoil them, protect them against their parents' anger, and, if they are not believing Christians, they expect their grandchildren will in due course perform the ceremonies in honour of the imizimu, the spirits of dead grandparents.",0.95,0.95,1,1,/Barundi_Albert_1963_209_KS,484,ehraf_v2
485,within_group,CentralAfrica,Barundi,a mother-in-law,her son-in-law,a mother-in-law,her son-in-law,kin_role,kin_role,avoidance,symmetric,umufasoni (noble); no jokes and no quarrels,umufasoni,"A mother-in-law and her son-in-law, no matter what their caste, address each other as umufasoni, noble. Their relationship is one of highly formal respect, politeness of the highest degree, no jokes and no quarrels.",0.95,0.95,1,1,/Barundi_Albert_1963_209_KS,485,ehraf_v2
849,within_group,CentralAfrica,Mbuti,bachelors,hunting band members,bachelors,hunting band members,age_set,group,joking_relationship,non_symmetric,buffoon (scapegoat) role,,"Being a bachelor made my integration into family life somewhat easier than it might have been otherwise, and my reciprocal duties were not heavy, mainly involving my working with other bachelors... I found myself pushed into another category that I subsequently discovered to be a perfectly traditional one for incompetent hunters and some others--that of buffoon. This was very convenient, as it meant that I was the recipient of threats, ridicule, jokes and gossip, all of significance, and being made a general scapegoat I was also the center of a number of disputes.",0.8,0.8,1,1,/Mbuti_Turnbull_1965_12_KS,849,ehraf_v2
852,within_group,CentralAfrica,Mbuti,children,adults,children,adults,age_set,age_set,insulting_license,non_symmetric,ridicule/public teasing by children,,"Already, in the bopi , the children become involved in disputes, and are sometimes instrumental in settling them by ridicule, for nothing hurts an adult more than being ridiculed publicly by children.",0.8,0.8,1,1,/Mbuti_Turnbull_1983_44_KS,852,ehraf_v2
845,within_group,CentralAfrica,MbutiTurnbull294KS,Mbuti,kpara,Mbuti,kpara,ethnic group,kin_role,joking_relationship,non_symmetric,,kpara,"Again the Mbuti employ the joking relationship to their advantage. They invoke claims upon kpara, karé , and “kin” without the slightest compunction, but when the same claims are reversed, they either deny or ridicule them.",0.8,0.8,1,1,/MbutiTurnbull294KS,845,ehraf_v2
846,within_group,CentralAfrica,MbutiTurnbull294KS,Mbuti,karé,Mbuti,karé,ethnic group,kin_role,joking_relationship,non_symmetric,,karé,"Again the Mbuti employ the joking relationship to their advantage. They invoke claims upon kpara, karé , and “kin” without the slightest compunction, but when the same claims are reversed, they either deny or ridicule them.",0.8,0.8,1,1,/MbutiTurnbull294KS,846,ehraf_v2
951,within_group,CentralAfrica,Rwandans,young Tutsi,companions of the young Tutsi as well as older people,young Tutsi,companions of the young Tutsi as well as older people,age_set,group,joking_relationship,non_symmetric,,,"By jeers and scoffing, companions of the young Tutsi as well as older people, tried to make him angry and if he reacted emotionally, he was punished by further jokes. So finally he was able to remain apparently quiet and polite in any circumstances which would have elicited more violent reactions from people not thus trained.",0.9,0.9,1,1,/Rwandans_Maquet_1961_118_KS,951,ehraf_v2
952,within_group,CentralAfrica,Rwandans,grandfather,granddaughters,grandfather,granddaughters,kin_role,kin_role,joking_relationship,symmetric,great familiarity and joking,,The grandfather called his granddaughters his little wives and his grandsons his love rivals. The reason given for this familiarity is that it helped to cheer up the old people and to train the young ones in socially enjoyable talk.,0.9,0.9,1,1,/Rwandans_Maquet_1961_44_KS,952,ehraf_v2
953,within_group,CentralAfrica,Rwandans,grandfather,grandsons,grandfather,grandsons,kin_role,kin_role,joking_relationship,symmetric,great familiarity and joking,,The grandfather called his granddaughters his little wives and his grandsons his love rivals. The reason given for this familiarity is that it helped to cheer up the old people and to train the young ones in socially enjoyable talk.,0.9,0.9,1,1,/Rwandans_Maquet_1961_44_KS,953,ehraf_v2
954,within_group,CentralAfrica,Rwandans,sisters,brothers,sisters,brothers,kin_role,kin_role,joking_relationship,symmetric,,,"Sisters and brothers were playmates during their childhood. After puberty their relations were restricted, but certainly not to the point of avoidance.",0.9,0.9,1,1,/Rwandans_Maquet_1961_45_KS,954,ehraf_v2
955,within_group,CentralAfrica,Rwandans,Ego,the daughters of his paternal uncle,Ego,the daughters of his paternal uncle,kin_role,kin_role,joking_relationship,symmetric,,,"Ego considered the daughters of his paternal uncle as sisters with whom there was a marriage prohibition. There was consequently a certain reserve between them which, however, did not prevent them from exchanging obscene jokes at a celebration or a gathering,",0.9,0.9,1,1,/Rwandans_Maquet_1961_45_KS,955,ehraf_v2
956,within_group,CentralAfrica,Rwandans,Ego,female maternal cross-cousins,Ego,female maternal cross-cousins,kin_role,kin_role,joking_relationship,symmetric,great familiarity,,"As has just been indicated, Ego could enjoy with his female maternal cross-cousins great familiarity expressed in practical jokes, pleasant talk, and erotic games.",0.9,0.9,1,1,/Rwandans_Maquet_1961_49_KS,956,ehraf_v2
957,within_group,CentralAfrica,Rwandans,Ego,"WiFa, WiMo, HuFa, HuMo (parents-in-law generation)",Ego,"WiFa, WiMo, HuFa, HuMo (parents-in-law generation)",kin_role,kin_role,joking_relationship,non_symmetric,Parents-In-Law And Children-In-Law,,"WiFa, WiMo, HuFa, HuMo were addressed by the term used for the grandparents. We know that Ego's conduct towards his grandparents was extremely familiar. He had to use the same term for in-laws and was not allowed to pronounce their name.",0.9,0.9,1,1,/Rwandans_Maquet_1961_56_KS,957,ehraf_v2
958,within_group,CentralAfrica,Rwandans,Ego,wife's sisters and parallel cousins (assimilated to his wife / privileged partners),Ego,wife's sisters and parallel cousins (assimilated to his wife / privileged partners),kin_role,kin_role,joking_relationship,symmetric,privileged sex partnership,,Ego's conduct towards his wife's relatives of the same generation depended mainly on the privileged sex partnership. The determination of those who could be partners was conditioned by the simple principle which assimilates a person to his siblings and parallel cousins.,0.9,0.9,1,1,/Rwandans_Maquet_1961_56_KS,958,ehraf_v2
959,within_group,CentralAfrica,Rwandans,Ishaza,Mbiriri,Ishaza,Mbiriri,clan,clan,joking_relationship,symmetric,joking relationship,,"Furthermore, the Ishaza have a joking relationship with the Mbiriri which differentiates them and maintains the differences between them.",0.9,0.9,1,1,/Rwandans_Newbury_1980_395_KS,959,ehraf_v2
960,within_group,CentralAfrica,Rwandans,"appointed men of letters, storytellers, bards, genealogists, and historians","habitual frequenters of the court, lords, courtiers, and employees","appointed men of letters, storytellers, bards, genealogists, and historians","habitual frequenters of the court, lords, courtiers, and employees",group,group,banter,symmetric,,,"The appointed men of letters, storytellers, bards, genealogists, and historians carefully watch their diction. Among them conversation is never dull, for jokes and witticisms abound.",0.7,0.7,1,1,/Rwandans_Pages_1933_179_KS,960,ehraf_v2
961,within_group,CentralAfrica,Rwandans,"habitual frequenters of the court, lords, courtiers, and employees",mountain dwellers and those who inhabit the frontiers of the realm,"habitual frequenters of the court, lords, courtiers, and employees",mountain dwellers and those who inhabit the frontiers of the realm,group,regional group,teasing,non_symmetric,,,"Considering the good taste that distinguishes the familiars of the king and the inhabitants of the central province of Nduga, it is not surprising that they should be shocked and amused by the lingo of the mountain dwellers and those who inhabit the frontiers of the realm.",0.6,0.6,1,1,/Rwandans_Pages_1933_179_KS,961,ehraf_v2
979,within_group,CentralAfrica,Suku,Ego,his grandfather,Ego,his grandfather,kin_role,kin_role,joking_relationship,symmetric,joking,,"Thus, the relationship between Ego and his grandfather is a joking one (as it is with any true or classificatory grandparent), but in this case it is entirely devoid of any economic, legal, or ritual functions, this grandfather being a member neither of Ego's matrilineage nor of his kitaata.",0.9,0.9,1,1,/Suku_Kopytoff_1964_107_KS,979,ehraf_v2
980,within_group,CentralAfrica,Suku,the boys,their parents,the boys,their parents,age_set,kin_role,joking_relationship,non_symmetric,,,Some of this hazing may border on physical cruelty; much of it consists in forcing the boys into admitting imaginary incestuous relations and making sexual jokes about their parents—behavior that would be unthinkable under normal circumstances.,0.9,0.9,1,1,/Suku_Kopytoff_1965_456_KS,980,ehraf_v2
981,within_group,CentralAfrica,Suku,the boys,women,the boys,women,age_set,group,joking_relationship,non_symmetric,,,"During their residence, they learn various dances and songs (most of which are derisive of women) and they are exposed to systematic hazing by their elders.",0.9,0.9,1,1,/Suku_Kopytoff_1965_456_KS,981,ehraf_v2
982,within_group,CentralAfrica,Suku,the boys,anyone using their old names,the boys,anyone using their old names,age_set,group,joking_relationship,non_symmetric,,,They have now acquired new names and may collect a fine from anyone using their old ones.,0.85,0.85,1,1,/Suku_Kopytoff_1965_456_KS,982,ehraf_v2
983,within_group,CentralAfrica,Suku,patrilateral cross-cousin,ego,patrilateral cross-cousin,ego,kin_role,kin_role,joking_relationship,symmetric,jokes,,"a person can shift from the slot of patrilateral cross-cousin (with whom one jokes, and whom, if female, one can marry) to the slot of “father” or “father's sister” (whereupon one stops joking and starts respecting and marriage becomes forbidden).",0.95,0.95,1,1,/Suku_Kopytoff_1971_86_KS,983,ehraf_v2
1026,within_group,CentralAfrica,Teda,men,women,men,women,group,group,joking_relationship,symmetric,joking during wedding / conjugal banter,,"They exchange jokes, the women reproach the man for his violence, the men reproach the woman for having resisted. ... With the grain that is then gathered, the young wife, assisted by her friends, cooks the first conjugal dish. The father of the wife generally gives his son-in-law a gift called: cenofor, equal or superior to those that he had received from him. The marriage ceremonies have ended. But during the weeks that follow, the two spouses still receive many gifts called kobori which, for the young woman, consist chiefly of household objects given her by the other women of the two families. The couple build their hut near that of the woman's mother, and the husband generally waits one or two years, or even until the birth of his first child, to pay the luli, which permits him, if he wishes, to install his household near his own mother.",0.8,0.8,1,1,/Teda_LeCoeur_1950_6_KS,1026,ehraf_v2
404,within_group,EasternAfrica,Amhara,inferiors,superiors,inferiors,superiors,group,group,joking_relationship,mixed,joking relationship,,"The egoistic element in the hierarchical pattern is further modified by a sort of joking relationship that sometimes develops between inferiors and superiors. The harsh interrogation of inferiors at times shades into a sort of wry banter; sons or servants may be called “thief” or “scoundrel” in an undertone of unmistakable affection. At times, moreover, the direction of the jesting may be reversed. Amhara servants are noted for playing practical jokes on their masters, which the latter usually appreciate when the jests are clever.",0.95,0.95,1,1,/Amhara_Levine_1964_255_KS,404,ehraf_v2
405,within_group,EasternAfrica,Amhara,sons,superiors,sons,superiors,kin_role,group,joking_relationship,mixed,joking relationship,,The egoistic element in the hierarchical pattern is further modified by a sort of joking relationship that sometimes develops between inferiors and superiors. The harsh interrogation of inferiors at times shades into a sort of wry banter; sons or servants may be called “thief” or “scoundrel” in an undertone of unmistakable affection.,0.9,0.9,1,1,/Amhara_Levine_1965_255_KS,405,ehraf_v2
406,within_group,EasternAfrica,Amhara,servants,masters,servants,masters,group,group,joking_relationship,mixed,practical jokes / jesting,,"At times, moreover, the direction of the jesting may be reversed. Amhara servants are noted for playing practical jokes on their masters, which the latter usually appreciate when the jests are clever.",0.95,0.95,1,1,/Amhara_Levine_1965_255_KS,406,ehraf_v2
407,within_group,EasternAfrica,Amhara,Aläqa Gäbre-Hanna,Emperor Menelik,Aläqa Gäbre-Hanna,Emperor Menelik,person,person,joking_relationship,non_symmetric,licensed teasing / privileged familiarity,,"No one else would have dared such a remark, but he was popular with Emperor Menelik and especially with the Empress Taitu, and could tell them certain frank truths and tease them with irony in a semi-polite manner.",0.7,0.7,1,1,/Amhara_Messing_1956_69_KS,407,ehraf_v2
408,within_group,EasternAfrica,Amhara,Aläqa Gäbre-Hanna,Empress Taitu,Aläqa Gäbre-Hanna,Empress Taitu,person,person,joking_relationship,non_symmetric,licensed teasing / privileged familiarity,,"No one else would have dared such a remark, but he was popular with Emperor Menelik and especially with the Empress Taitu, and could tell them certain frank truths and tease them with irony in a semi-polite manner.",0.7,0.7,1,1,/Amhara_Messing_1956_69_KS,408,ehraf_v2
409,within_group,EasternAfrica,Amhara,elder brothers,younger brothers,elder brothers,younger brothers,kin_role,kin_role,joking_relationship,symmetric,joking relationship,,"Elder brothers may and do discipline their juniors, despite the superficial “joking relationship” between siblings of the same sex.",0.9,0.9,1,1,/Amhara_Messing_1985_195_KS,409,ehraf_v2
410,within_group,EasternAfrica,Amhara,little girls,boys,little girls,boys,group,group,joking_relationship,symmetric,waza,waza,"Sometimes somewhat older girls meet boys with whom they have established an experimental “joking relationship” ( waza ), and play house, building little huts out in the fields during the dry season, within the hamlet in the rainy season.",0.9,0.9,1,1,/Amhara_Messing_1985_263_KS,410,ehraf_v2
417,within_group,EasternAfrica,Amhara,older boys,boys of eight or nine who aspire to deaconhood,older boys,boys of eight or nine who aspire to deaconhood,group,age_set,teasing,non_symmetric,mock-examination (hazing),,"Boys of eight or nine who aspire to deaconhood at the next New Year holy days are mock-examined by older boys who have achieved that status. The candidate must carry each of them several times around the churchyard, and must recite and chant liturgical prayers for them for hours.",0.7,0.7,1,1,/Amhara_Messing_1985_263_KS,417,ehraf_v2
419,within_group,EasternAfrica,Amhara,zar society,sibling devotees,zar society,sibling devotees,group,kin_role,joking_relationship,symmetric,sibling jokes,,"In either case they enjoy recreation and amusement with the “sibling” devotees, with whom they can gossip and enact sibling jokes, such as playfully accusing each other of minor oversights in the service of the zar (it often takes this form).",0.9,0.9,1,1,/Amhara_Messing_1985_323_KS,419,ehraf_v2
452,within_group,EasternAfrica,Bagisu,members of different lineages,members of different lineages,members of different lineages,members of different lineages,lineage,lineage,joking_relationship,symmetric,bukulo / bakulo,bukulo,"In the 1960s, bukulo was a hereditary joking relationship which held between members of different lineages and linked members as joking partners (bakulo) to each other.",0.9,0.9,1,1,/Bagisu_Heald_1989_163_KS,452,ehraf_v2
453,within_group,EasternAfrica,Bagisu,minor lineage,minor lineage,minor lineage,minor lineage,lineage,lineage,joking_relationship,symmetric,bagulo,bagulo,A special tie is that known as bagulo which involves two lineages in a joking relationship. Members of lineages who are bagulo joke with one another and may seize one another's property with impunity.,0.9,0.9,1,1,/Bagisu_LaFontaine_1959_26_KS,453,ehraf_v2
454,within_group,EasternAfrica,Bagisu,maternal grandparents,grandchildren,maternal grandparents,grandchildren,kin_role,kin_role,joking_relationship,symmetric,,,"With the maternal grandparents there is a form of joking which is common: they use the terms for sibling of the same sex and spouse to one another and may demand small gifts in an abrupt, rough manner.",0.9,0.9,1,1,/Bagisu_LaFontaine_1959_28_KS,454,ehraf_v2
455,within_group,EasternAfrica,Bagisu,paternal grandmother,grandchildren,paternal grandmother,grandchildren,kin_role,kin_role,joking_relationship,symmetric,,,This joking may also be indulged with the paternal grandmother; it is rarely used to the paternal grandfather.,0.85,0.85,1,1,/Bagisu_LaFontaine_1959_28_KS,455,ehraf_v2
472,within_group,EasternAfrica,Banyoro,muko,isezara,muko,isezara,kin_role,kin_role,insulting_license,non_symmetric,rules / inequality of relationship,muko; isezara,"He may not address his wife's father by his personal name (though his wife's father may so address him); he must address him by terms expressing their different statuses, such as waitu, munyoro, or mukama wange (‘sir’, ‘lord’, or ‘my master’), or by his mpako or praise-name.",0.9,0.9,1,1,/Banyoro_Beattie_1958_15_KS,472,ehraf_v2
473,within_group,EasternAfrica,Banyoro,a man,his wife's sister (muramu / baramu),a man,his wife's sister (muramu / baramu),kin_role,kin_role,joking_relationship,symmetric,baramu / muramu,muramu,"A man calls his wife's sisters, and his brothers' wives, baramu (sing. muramu), or baramukati (i.e. baramu women). ... Thus a man thinks of his relationship with his female baramu as intimate and friendly; they are ‘like wives’. He can talk and joke familiarly with them.",0.9,0.9,1,1,/Banyoro_Beattie_1958_16_KS,473,ehraf_v2
474,within_group,EasternAfrica,Banyoro,a man,his brother's wife (baramu / baramukati),a man,his brother's wife (baramu / baramukati),kin_role,kin_role,joking_relationship,symmetric,baramu / baramukati,baramukati,"A man calls his wife's sisters, and his brothers' wives, baramu (sing. muramu), or baramukati (i.e. baramu women). ... Thus a man thinks of his relationship with his female baramu as intimate and friendly; they are ‘like wives’. He can talk and joke familiarly with them.",0.9,0.9,1,1,/Banyoro_Beattie_1958_16_KS,474,ehraf_v2
475,within_group,EasternAfrica,Banyoro,a man,his wife's brother (baramu / also baisezara in some contexts),a man,his wife's brother (baramu / also baisezara in some contexts),kin_role,kin_role,joking_relationship,mixed,baramu (male),baramu,"He also uses the term baramu for his wife's brothers, and his sisters' husbands. ... But a man's male muramu is at the same time either muko to the agnatic group to which that man belongs, or else he is one of the group of that man's baisezara. In either case he must be treated with something of the politeness and ceremony ...",0.85,0.85,1,1,/Banyoro_Beattie_1958_16_KS,475,ehraf_v2
476,within_group,EasternAfrica,Banyoro,bwihwa relationship (man/nephew),group of his mother's agnates,bwihwa relationship (man/nephew),group of his mother's agnates,kin_role,kin_role,joking_relationship,mixed,bwihwa,bwihwa,"There is, then, a manifest ambivalence in the bwihwa relationship. For in it are focused a man's relations with the whole group of his mother's agnates...and to this group he is at one and the same time a child whom they have borne, and an ‘outsider’.",0.9,0.9,1,1,/Banyoro_Beattie_1958_18_KS,476,ehraf_v2
477,within_group,EasternAfrica,Banyoro,mwihwa,nyinarumi's wife,mwihwa,nyinarumi's wife,kin_role,kin_role,joking_relationship,non_symmetric,privileged familiarity,,He may not 'climb on to nyinarumi's bed' or sleep with his wife (though he may joke familiarly with her).,0.9,0.9,1,1,/Banyoro_Beattie_1958_20_KS,477,ehraf_v2
478,within_group,EasternAfrica,Banyoro,banyinarumi,baihwa,banyinarumi,baihwa,kin_role,kin_role,joking_relationship,mixed,,banyinarumi / baihwa,"This affectionate intimacy also extends to the mother's brothers, banyinarumi.... A sister's son may take certain liberties in his nyinarumi's house; he may help himself uninvited to food, and may take or borrow almost everything he wants. He may joke familiarly with his mother's brother's wives, though he may not sleep with them.",0.9,0.9,1,1,/Banyoro_Beattie_1958_332_KS,478,ehraf_v2
479,within_group,EasternAfrica,Banyoro,banyinarumi's wives,mwana / mwihwa,banyinarumi's wives,mwana / mwihwa,kin_role,kin_role,joking_relationship,non_symmetric,,mwana / mwihwa,"A sister's son may take certain liberties in his nyinarumi's house; he may help himself uninvited to food, and may take or borrow almost everything he wants. He may joke familiarly with his mother's brother's wives, though he may not sleep with them.",0.9,0.9,1,1,/Banyoro_Beattie_1958_332_KS,479,ehraf_v2
480,within_group,EasternAfrica,Banyoro,grandparent,grandchild,grandparent,grandchild,kin_role,kin_role,joking_relationship,symmetric,,,"The relations between grandparents and grandchildren are friendly and intimate, contrasting strongly with the father-child relationship. It is permissible for a grandchild to touch his grandfather's hair or beard, which he may not do in the case of his father. A boy may joke familiarly with his grandparents, and they are said to spoil and over-feed their grandchildren and treat them indulgently.",0.95,0.95,1,1,/Banyoro_Beattie_1958_338_KS,480,ehraf_v2
481,within_group,EasternAfrica,Banyoro,grandchild,grandfather's wives,grandchild,grandfather's wives,kin_role,kin_role,joking_relationship,symmetric,,,"Banyoro sometimes say that a grandfather is ‘like a brother’. Consistently with this, a youth may jokingly call his grandfather's wives his wives. This terminological usage need not always have a primarily sexual reference (though it does sometimes, e.g. in the case of a brother's wives).",0.9,0.9,1,1,/Banyoro_Beattie_1958_338_KS,481,ehraf_v2
482,within_group,EasternAfrica,Banyoro,grandparents,grandchildren,grandparents,grandchildren,kin_role,kin_role,joking_relationship,symmetric,friendly/intimate joking,,"The relations between grandparents and grandchildren are friendly and intimate, contrasting strongly with those between fathers and sons. A boy may joke and play with his grandfather in a way which would not be permissible with his father, and Nyoro grandparents, like their Western counterparts, are often said to “spoil” their grandchildren.",0.9,0.9,1,1,/Banyoro_Beattie_1960_55_KS,482,ehraf_v2
486,within_group,EasternAfrica,Bena,mama (elder brother),yaya (maternal uncle),mama (elder brother),yaya (maternal uncle),kin_role,kin_role,joking_relationship,unclear,,,"Towegale inherited his seventh wife, Samweti binti Mbago ( ), from a man whom he called his mama (elder brother), but who was really an absurdly young yaya (maternal uncle), for Towegale's mother also called him brother.",0.85,0.85,1,1,/Bena_Culwick_1935_199_KS,486,ehraf_v2
487,within_group,EasternAfrica,Bena,maternal uncle,cross-cousin,maternal uncle,cross-cousin,kin_role,kin_role,joking_relationship,unclear,,,"Similarly, Ndaliwali was called Binti Bilali's (39) maternal uncle because she was of suitable age to marry his son Mtengera, but really Ndaliwali and she were cross-cousins of the same generation.",0.9,0.9,1,1,/Bena_Culwick_1935_199_KS,487,ehraf_v2
488,within_group,EasternAfrica,Bena,father,son,father,son,kin_role,kin_role,joking_relationship,non_symmetric,,,"Again, a half-grown youth addressed (half jokingly, it must be admitted) a young man only a few years his senior as “father,” because the latter had taken to wife the young sister of the former's mother. But joke or no joke, the “father” had to feed his “son” when called upon by him to do so, when they were both travelling with the writers.",0.9,0.9,1,1,/Bena_Culwick_1935_199_KS,488,ehraf_v2
489,within_group,EasternAfrica,Bena,mother's brother,boys,mother's brother,boys,kin_role,kin_role,joking_relationship,mixed,best friend and counsellor,,"The male relative whom the Wabena regard with most affection is, then, not their father but their mother's brother, on whom the boys in particular look as their best friend and counsellor.  ...  This is the more noticeable in that the Mbena is a great tease among those with whom he is thoroughly at his ease.",0.8,0.8,1,1,/Bena_Culwick_1935_337_KS,489,ehraf_v2
490,within_group,EasternAfrica,Bena,cross-cousin,sibling in-law,cross-cousin,sibling in-law,kin_role,kin_role,joking_relationship,symmetric,freedom of expression / lack of restraint,,"Thus, a person with whom one is on good terms and who is thought to be a relative who is about one's own age and general status will be addressed by cross-cousin or sibling in-law terms implying freedom of expression, lack of restraint concerning joking and matters of bodily functions (i.e. sex and elimination can be freely and frankly discussed).",0.9,0.9,1,1,/Bena_Swartz_1968_42_KS,490,ehraf_v2
491,within_group,EasternAfrica,Bena,grandparent,grandchild,grandparent,grandchild,kin_role,kin_role,joking_relationship,symmetric,comradeship / freedom from restraint,,A much older putative relative will be the object of grandparental terms again implying comradeship and freedom from restraint.,0.85,0.85,1,1,/Bena_Swartz_1968_42_KS,491,ehraf_v2
492,within_group,EasternAfrica,Bena,vatani,vatani,vatani,vatani,kin_role,kin_role,joking_relationship,symmetric,,vatani,"Conversely, anyone classed with the vatani can be treated more freely and although the rather strong pressure for joking behavior noted for other groups toward people in this category (see footnote 5) is absent, there is sometimes horseplay and the exchange of mild teasing and ‘friendly’ insults among vatani.",0.9,0.9,1,1,/Bena_Swartz_1968_44_KS,492,ehraf_v2
496,within_group,EasternAfrica,Chagga,two elders (representing opposing parties),two elders (representing opposing parties),two elders (representing opposing parties),two elders (representing opposing parties),kin_role,kin_role,joking_relationship,symmetric,Lupariane mfo (ceremonial scolding/toy fighting),Lupariane mfo,"The two elders, with the ditch between them, begin to scold each other violently and to incite each other into a fighting spirit. ""Lumae sonu, via kindo kja sonu, kuiho-se msiki lurentse kifa kjakefo — Let us eliminate the disgrace. Say something disgraceful. There is no sib sister anymore on whose account we would have to be bashful."" The other elder follows up with a dirty joke.",0.76,0.76,1,1,/Chagga_Guttman_1926_143_KS,496,ehraf_v2
497,within_group,EasternAfrica,Chagga,young men,young men,young men,young men,age_set,age_set,joking_relationship,symmetric,momo (joking form of address),momo,"At the present time, a new designation for the members of the same age grade makes its appearance in the Kibosho district: momo, which in the Kibosho dialect means heifer. It started as a joking form of address among young men, and is now the fashionable word of Kibosho.",0.9,0.9,1,1,/Chagga_Guttman_1926_305_KS,497,ehraf_v2
499,within_group,EasternAfrica,Chagga,bride,younger sister,bride,younger sister,kin_role,kin_role,joking_relationship,non_symmetric,,,It is customary that the bride ask her younger sister to remove some of the beer surreptitiously from the first barrel while the men come and go to fill the barrel gradually. ... This joke is a token of her love.,0.8,0.8,1,1,/Chagga_Guttman_1926_80_KS,499,ehraf_v2
500,within_group,EasternAfrica,Chagga,novices of the play-group,older boys / experienced boys,novices of the play-group,older boys / experienced boys,age_set,age_set,joking_relationship,non_symmetric,introductory training / practical jokes,,"The novices of the play-group have to undergo a severe introductory training in the form of practical jokes. ... A species of bird called kilepuru, they are told by the experienced boys, can be caught if approached with closed eyes. The novice gropes about for one and after some fumbling opens his eyes. The birds are gone and he is mocked: ‘Why on earth did you open your eyes!’",0.9,0.9,1,1,/Chagga_Raum_1940_264_KS,500,ehraf_v2
501,within_group,EasternAfrica,Chagga,nurses,the girl that wriggles,nurses,the girl that wriggles,kin_role,kin_role,teasing,non_symmetric,,,"When children discover ants marching along, the nurses among them are ordered to put a finger into the column. The girl that wriggles about uneasily is bitten, while the experienced girl keeps still and is not attacked. The former is laughed at for having eaten the baby's food.",0.7,0.7,1,1,/Chagga_Raum_1940_279_KS,501,ehraf_v2
502,within_group,EasternAfrica,Chagga,boys,an unpopular boy,boys,an unpopular boy,group,kin_role,teasing,non_symmetric,,,"Boys usually carry a few in the folds of their garments. They are sometimes thrown in fun at a child looking in another direction. Occasionally such an attack develops into a concerted action, punishing a boy for his unpopularity, his boasts, his unfair methods of play, and his betrayal of pasture secrets.",0.6,0.6,1,1,/Chagga_Raum_1940_279_KS,502,ehraf_v2
503,within_group,EasternAfrica,Chagga,young men,girls of one's own age,young men,girls of one's own age,age_set,age_set,joking_relationship,symmetric,joking relationship with young women,,"Manly conduct demands detachment from the female sex and the younger age-groups. For this reason, young men should avoid jesting with their juniors or womenfolk. The only exceptions are the wife of the mother's brother and girls of one's own age, who have been taught not to revile men.

The implications are deeper. The joking relationship with young women facilitates the contact of potential marriage partners.",0.9,0.9,1,1,/Chagga_Raum_1940_330_KS,503,ehraf_v2
504,within_group,EasternAfrica,Chagga,young men,wife of the mother's brother,young men,wife of the mother's brother,age_set,kin_role,joking_relationship,symmetric,joking relationship,,"The only exceptions are the wife of the mother's brother and girls of one's own age, who have been taught not to revile men.

The similar relationship with a member of the parental generation, the mother's brother's wife, is a mechanism to counteract the awe of her husband which has been inculcated.",0.95,0.95,1,1,/Chagga_Raum_1940_330_KS,504,ehraf_v2
505,within_group,EasternAfrica,Chagga,members of an age-group (young men),girls of his own age,members of an age-group (young men),girls of his own age,age_set,age_set,joking_relationship,non_symmetric,joking relationship,,"Like the Nuer, the Chaga stands in a joking relationship with girls of his own age, but for the latter this does not preclude marriage, whereas for the former it does.",0.9,0.9,1,1,/Chagga_Raum_1940_348_KS,505,ehraf_v2
550,within_group,EasternAfrica,Ganda,the peasants,the chiefs,the peasants,the chiefs,group,group,joking_relationship,non_symmetric,joke-telling to chiefs,,"In the old days, the peasants would visit the chiefs and use all sorts of humorous phrases, thus pleasing them greatly. They made feasts for them and gave them gifts.",0.8,0.8,1,1,/Ganda_Mair_1934_163_KS,550,ehraf_v2
551,within_group,EasternAfrica,Gikuyu,the ones who did not have their ears pierced,those who had their ears pierced,the ones who did not have their ears pierced,those who had their ears pierced,group,group,avoidance,symmetric,,,"The ones who did not have their ears pierced were like fools, because they were trying to cut themselves off from the community. We would not joke with them, nor could they joke about with us.",0.9,0.9,1,1,/Gikuyu_Davison_1996_116_KS,551,ehraf_v2
552,within_group,EasternAfrica,Gikuyu,girls,young uncircumcised boys,girls,young uncircumcised boys,group,age_set,joking_relationship,unclear,joke around,,"Girls continue to joke around with younger boys even when they are grown. ... And now, young uncircumcised boys are being called “men” by girls, so they feel grown-up and can joke about with the girls.",0.7,0.7,1,1,/Gikuyu_Davison_1996_120_KS,552,ehraf_v2
553,within_group,EasternAfrica,Gikuyu,circumcised girls,uncircumcised girls,circumcised girls,uncircumcised girls,age_set,age_set,joking_relationship,non_symmetric,,,"One became mature. It was very important in those days, because when one got circumcised, one would not joke about with uncircumcised girls and they would give us respect.",0.9,0.9,1,1,/Gikuyu_Davison_1996_173_KS,553,ehraf_v2
554,within_group,EasternAfrica,Gikuyu,circumcised young women,uncircumcised young men,circumcised young women,uncircumcised young men,age_set,age_set,joking_relationship,symmetric,,,"Once circumcised, a young woman could talk and joke with young, uncircumcised men, but we did not move with them sexually until one got married.",0.95,0.95,1,1,/Gikuyu_Davison_1996_173_KS,554,ehraf_v2
555,within_group,EasternAfrica,Gikuyu,girls who went for Irua,girls who went for Irua,girls who went for Irua,girls who went for Irua,age_set,age_set,joking_relationship,symmetric,,Irua,"And another thing, there are no mariika today. The girls who went for Irua stayed friends and would talk until dark, asking each other questions… about the day and joking with each other.",0.9,0.9,1,1,/Gikuyu_Davison_1996_173_KS,555,ehraf_v2
556,within_group,EasternAfrica,Gikuyu,members of the same mariika,members of the same mariika,members of the same mariika,members of the same mariika,age_set,age_set,joking_relationship,symmetric,playmates / licensed joking among same mariika,mariika,"People of different mariika would not abuse each other or even greet each other. But you, if you were of my same age group, when we met we would greet one another and laugh and tell jokes or do anything we wanted together.",0.9,0.9,1,1,/Gikuyu_Davison_1996_83_KS,556,ehraf_v2
557,within_group,EasternAfrica,Gikuyu,those who had been circumcised,those who had not been circumcised,those who had been circumcised,those who had not been circumcised,age_set,age_set,joking_relationship,symmetric,circumcised vs uncircumcised teasing,karigũ; kahiĩ,"Wamutira: But nowadays, things are better because nobody calls another karigũ [silly uncircumcised girl] or kahiĩ [same applied to a boy], and so there are no fights between the circumcised and uncircumcised.

Muthoni: Now, you can't tell the difference between one who is circumcised and one who is not. Long ago, if you were of my age group and we met and my ears were pierced, you would never joke with me or abuse me until yours were pierced, too.",0.9,0.9,1,1,/Gikuyu_Davison_1996_90_KS,557,ehraf_v2
558,within_group,EasternAfrica,Gikuyu,agemates,other mariika,agemates,other mariika,age_set,group,joking_relationship,non_symmetric,,,"With agemates, you can joke about things like that—where you spent the night and who was there. But with those of other mariika, you had nothing to talk about.",0.7,0.7,1,1,/Gikuyu_Davison_1996_91_KS,558,ehraf_v2
559,within_group,EasternAfrica,Gikuyu,young men of his own age-group,young women of her age-group,young men of his own age-group,young women of her age-group,age_set,age_set,joking_relationship,symmetric,,kohingwo; gocambio,"The fine for this is nine sheep or goats and three big, fat sheep (ndorome) as the kiama fees. Besides this, the man is made a social outcast or “sent to Covertry” (kohingwo) by all the young men and girls of his own age-group. ... She pays a fine by providing a feast to the men and the girls of her age-group. She is also liable to ridicule (kohingwo and gocambio).",0.7,0.7,1,1,/Gikuyu_Kenyatta_1953_160_KS,559,ehraf_v2
560,within_group,EasternAfrica,Gikuyu,people who know,young man dancing with his cousin,people who know,young man dancing with his cousin,group,kin_role,joking_relationship,symmetric,,,"During festival dances, where people from various districts meet and dance together, it is not always possible to recognise a relative who comes from far away, and a man may sometimes be seen dancing with his cousin by mistake. When this happens, people who know will start laughing and joking to warn the young man of his error.",0.6,0.6,1,1,/Gikuyu_Kenyatta_1953_160_KS,560,ehraf_v2
561,within_group,EasternAfrica,Gikuyu,grandparents,grandchildren,grandparents,grandchildren,kin_role,kin_role,joking_relationship,symmetric,play and joking,,"When the grandparents are not living near the homesteads of their daughters or sons, the children pay frequent visits to their grandparents and stay with them for some time. Sometimes it becomes difficult to get the children to return to their parents homesteads, for they feel more free in playing and joking with their grandparents than they would with their own parents.",0.9,0.9,1,1,/Gikuyu_Kenyatta_1953_16_KS,561,ehraf_v2
562,within_group,EasternAfrica,Gikuyu,mother's sister (tata),children of her sister (nieces and nephews),mother's sister (tata),children of her sister (nieces and nephews),kin_role,kin_role,joking_relationship,non_symmetric,avuncular indulgence / privileged familiarity,tata,"The mother's sister is called tata, the same as the father's sister, but the relation between her and the children of her sister is entirely different. She is looked upon by the children in the same way as their real mother. The affection and indulgence that she gives to the children and the sympathetic attitude towards them is even greater than that the children can expect from their own mother.",0.9,0.9,1,1,/Gikuyu_Kenyatta_1953_16_KS,562,ehraf_v2
563,within_group,EasternAfrica,Gikuyu,children of both sisters,children of both sisters,children of both sisters,children of both sisters,kin_role,kin_role,joking_relationship,symmetric,cousin play / sibling-like behavior,moro; mware we tata,"Children like to visit or to be visited by their aunt, and whenever such a visit is made it is always an occasion of rejoicing and feasting. The children of both sisters address one another as moro or mware we tata (son or daughter of my or our aunt), the behaviour pattern between them is almost like brothers and sisters.",0.85,0.85,1,1,/Gikuyu_Kenyatta_1953_16_KS,563,ehraf_v2
564,within_group,EasternAfrica,Gikuyu,grandparents,grandchildren,grandparents,grandchildren,kin_role,kin_role,joking_relationship,symmetric,joking relationship,,"A child is named after one of its grandparents and “in religious ceremonies the children are treated
in the same manner as their grandparents.” A boy is called “my husband” by
his grandmother, and a girl “my co-wife”; the grandfather calls his grandson
“my equal” and his granddaughter “my bride.” It is implicit in Kenyatta's
account that this is a joking relationship.",0.95,0.95,1,1,/Gikuyu_Middleton_1953_25_KS,564,ehraf_v2
565,within_group,EasternAfrica,Gikuyu,wife,husband's brother,wife,husband's brother,kin_role,kin_role,joking_relationship,symmetric,nickname/reciprocal endearment,muthoni,"An affine is referred to as muthoni “which means one who is bashful or
polite”; the term applies to “all clan members” of families linked by marriage. Kinship Terminology
Muthoni is apparently used between all affines except that a husband's
brother is “given a nickname as a sign of endearment” by the wife, and he
reciprocates, and the26 husband addresses his wife's sister as maramu.",0.7,0.7,1,1,/Gikuyu_Middleton_1953_25_KS,565,ehraf_v2
566,within_group,EasternAfrica,Gusii,polygynists,monogamous men,polygynists,monogamous men,group,group,joking_relationship,non_symmetric,ridicule/jokes,,"In the 1950s, to be a monogamist was, for older men, a source of ridicule and jokes at beer parties, and monogamous men were often urged to take a second wife.",0.8,0.8,1,1,/Gusii_Hakansson_1997_261_KS,566,ehraf_v2
567,within_group,EasternAfrica,Gusii,clansman,brother,clansman,brother,kin_role,kin_role,joking_relationship,symmetric,,,"With his “brother,” “grandfather,” and “grandchild,” he may make sexual jokes and discuss sexual matters, but with members of adjacent generations he must avoid all mention of sex.",0.9,0.9,1,1,/Gusii_Levine_1959_972_KS,567,ehraf_v2
568,within_group,EasternAfrica,Gusii,clansman,grandfather,clansman,grandfather,kin_role,kin_role,joking_relationship,symmetric,,,"With his “brother,” “grandfather,” and “grandchild,” he may make sexual jokes and discuss sexual matters, but with members of adjacent generations he must avoid all mention of sex.",0.9,0.9,1,1,/Gusii_Levine_1959_972_KS,568,ehraf_v2
569,within_group,EasternAfrica,Gusii,clansman,grandchild,clansman,grandchild,kin_role,kin_role,joking_relationship,symmetric,,,"With his “brother,” “grandfather,” and “grandchild,” he may make sexual jokes and discuss sexual matters, but with members of adjacent generations he must avoid all mention of sex.",0.9,0.9,1,1,/Gusii_Levine_1959_972_KS,569,ehraf_v2
570,within_group,EasternAfrica,Gusii,clansman,members of adjacent generations,clansman,members of adjacent generations,kin_role,kin_role,avoidance,symmetric,,abansoni,"With his “brother,” “grandfather,” and “grandchild,” he may make sexual jokes and discuss sexual matters, but with members of adjacent generations he must avoid all mention of sex. Persons of the latter group are said to be abansoni, in whose presence one experiences ensoni, sexual shame.",0.9,0.9,1,1,/Gusii_Levine_1959_972_KS,570,ehraf_v2
571,within_group,EasternAfrica,Gusii,boys and young men,girls,boys and young men,girls,age_set,age_set,teasing,symmetric,sexual joking / courting teasing,,"Each marketplace has its day of the week when activity is greatest and trading goes on; this is when girls dress up and go in groups to sell some family produce and be seen by boys. The boys and young men also attend, singly and in groups, looking for attractive girls. If she is friendly and laughs, however, the boy is encouraged and may begin some sexual joking. If the girl is favorably inclined to him she will respond in kind, usually using terms of obscene abuse.",0.9,0.9,1,1,/Gusii_Levine_1959_978_KS,571,ehraf_v2
572,within_group,EasternAfrica,Gusii,Grandparents,grandchildren,Grandparents,grandchildren,kin_role,kin_role,joking_relationship,symmetric,sexual joking / jovial teasing,,"Grandparents initiate sexual joking with young children, and insults, including sexual abuse, flow back and forth between them in a manner which is almost as relaxed as that of agemates. A child must never strike his grandparent, however, and he tends to obey the older person's imperious commands despite the surface egalitarianism.",0.9,0.9,1,1,/Gusii_Levine_1966_162_KS,572,ehraf_v2
573,within_group,EasternAfrica,Gusii,women accompanying her daughter,mother (host) of the initiate / Bosibori,women accompanying her daughter,mother (host) of the initiate / Bosibori,kin_role,kin_role,insulting_license,non_symmetric,ceremonial license to annoy / sanctioned misbehavior,,"When the women accompanying her daughter arrived at Bosibori's house, they pulled up more than half of her potato garden, gorging themselves on raw potatoes and taking others with them. She became furious and tried to stop them, but they said, “This is a happy occasion; we can do anything, even annoy you.” This license is expected, and even when carried to excess, as at Bosibori's, it is not recognized as ground for legal action or any other kind of retribution.",0.9,0.9,1,1,/Gusii_Levine_1966_171_KS,573,ehraf_v2
574,within_group,EasternAfrica,Gusii,boys circumcised in the same year,boys circumcised in the same year,boys circumcised in the same year,boys circumcised in the same year,age_set,age_set,joking_relationship,symmetric,pals,,"Boys circumcised in the same year, who regard each other as “pals,” consider the joking abuse which they hurl at one another as the most important indication of intimacy.",0.9,0.9,1,1,/Gusii_Levine_1966_187_KS,574,ehraf_v2
575,within_group,EasternAfrica,Gusii,grandparents,grandchildren,grandparents,grandchildren,kin_role,kin_role,joking_relationship,symmetric,,,The interaction between grandparents and grandchildren can also be described as playfully abusive.,0.9,0.9,1,1,/Gusii_Levine_1966_187_KS,575,ehraf_v2
576,within_group,EasternAfrica,Gusii,young men courting girls,girls (being courted),young men courting girls,girls (being courted),group,group,teasing,mixed,,,"Young men courting girls jokingly threaten them with forceful violation, and the girls roundly insult them in return.",0.85,0.85,1,1,/Gusii_Levine_1966_187_KS,576,ehraf_v2
577,within_group,EasternAfrica,Gusii,grandchild,grandparents (real or classificatory),grandchild,grandparents (real or classificatory),kin_role,kin_role,joking_relationship,symmetric,,,"The rules governing relationships between clansmen not of adjacent generations require less restraint and involve less embarrassment; they lack the elements of sex avoidance and respect which characterize classificatory parent-child relations. This lack of restraint is particularly striking in relations between an individual and his real or classificatory34 grandparents. He may discuss sex and insult them jokingly. In fact, the characteristic pattern of interaction in this relationship involves obscene insults, humorous inquiries about sexual activity, and deprecation of the other's sexual competence.",0.9,0.9,1,1,/Gusii_Levine_1966_33_KS,577,ehraf_v2
578,within_group,EasternAfrica,Gusii,his parents-in-law,his parents,his parents-in-law,his parents,kin_role,kin_role,joking_relationship,symmetric,,,"They may not enter the house of their son-in-law. They do, however, carry on a joking relationship with his parents.",0.9,0.9,1,1,/Gusii_Levine_1966_52_KS,578,ehraf_v2
579,within_group,EasternAfrica,Gusii,a Nyansongo man,his wife's brothers and sisters,a Nyansongo man,his wife's brothers and sisters,kin_role,kin_role,joking_relationship,symmetric,,,"In like manner, a man has an egalitarian, joking relationship with his wife's brothers and sisters; with the latter, elaborate sexual joking is carried on.",0.95,0.95,1,1,/Gusii_Levine_1966_52_KS,579,ehraf_v2
580,within_group,EasternAfrica,Gusii,bride's affinal group,groom's affinal group,bride's affinal group,groom's affinal group,group,group,insulting_license,symmetric,,,"It included an additional payment of cattle, aggressive interaction between the affinal groups in the form of wrestling matches, dancing contests, and reciprocal insulting of the bride and groom, as well as the placing of anklets of iron on the bride to indicate her married status.",0.9,0.9,1,1,/Gusii_Levine_1966_52_KS,580,ehraf_v2
581,within_group,EasternAfrica,Gusii,women,men,women,men,group,group,joking_relationship,non_symmetric,women's lighthearted/boisterous behavior versus men's solemn ritual role,,"In ceremonies conducted by men, women often take a lighthearted attitude which is recreational for them and inconsistent with the seriousness of the males in charge. ... The female tendency to be boisterous in a formal ritual setting is also exhibited during the leading-in ceremony of the male initiation rites ... Women are expected to be highly expressive and even obstructive on such occasions.",0.75,0.75,1,1,/Gusii_Levine_1966_64_KS,581,ehraf_v2
582,within_group,EasternAfrica,Gusii,grandparents,grandchildren,grandparents,grandchildren,kin_role,kin_role,joking_relationship,symmetric,,,"After menopause, in her forties, she should have circumcised grandchildren, and her primary interests are focused on her son's and daughter's children, some of whom will live with her, visit her, joke with her.",0.8,0.8,1,1,/Gusii_Levine_1979_12_KS,582,ehraf_v2
583,within_group,EasternAfrica,Gusii,omoηina,grandchildren,omoηina,grandchildren,kin_role,kin_role,joking_relationship,symmetric,visit and joke with her,omoηina,"After menopause, in her later forties, she should have circumcised grandchildren, and her primary interests are focused on her sons' and daughters' children, who will visit and joke with her and perhaps live with her.",0.9,0.9,1,1,/Gusii_Levine_1980_89_KS,583,ehraf_v2
584,within_group,EasternAfrica,Gusii,maternal grandmother,grandson,maternal grandmother,grandson,kin_role,kin_role,joking_relationship,symmetric,primary joking partner,,"the maternal grandmother who is known in Gusii lore as the primary joking partner for her grandson and the one who calls her daughter's children by their praise-names, that is, the names they are called only at their mother's home and which connote so much warmth and affection that informants report their use brings tears to their eyes.",0.9,0.9,1,1,/Gusii_Levine_1982_53_KS,584,ehraf_v2
585,within_group,EasternAfrica,Gusii,husband's family,woman in labor / new mother,husband's family,woman in labor / new mother,kin_role,kin_role,insulting_license,non_symmetric,hazing,,"Those women who were on good terms with their husband's family would probably be hazed only at first birth, regardless of whether their bridewealth had been paid; those not on good terms with their husband's family would be hazed even on their third and fourth births if bridewealth had not yet legitimized their unions. ... The Gusii women we observed in labor endured this hazing without overt response. ... the hostile laughter and joking sexual abuse that accompany it.",0.8,0.8,1,1,/Gusii_Levine_1994_130_KS,585,ehraf_v2
586,within_group,EasternAfrica,Gusii,mother,child / infant,mother,child / infant,kin_role,kin_role,joking_relationship,non_symmetric,maternal joking threats / playful threats,,"Sometimes mothers seem to be joking in their threats, and as children get older, they appear not to take them seriously: In one observation, for example, a 30-month-old girl asks her mother for a banana. When the mother says, “Go and get one,” the girl accuses her mother of having eaten her banana; the mother defends her authority by saying, “Today your uncle will beat you hard,” whereupon the little girl says, “I'll run away.”",0.85,0.85,1,1,/Gusii_Levine_1994_218_KS,586,ehraf_v2
589,within_group,EasternAfrica,Gusii,the lads,the novice (omoisia [uncircumcised boy]),the lads,the novice (omoisia [uncircumcised boy]),group,kin_role,joking_relationship,non_symmetric,,omoisia,"As he chokes and splutters, they laugh and shout, and beat him with sticks torn from the bower: ‘Eat, eat, you omoisia [uncircumcised boy]!’ To cry at this stage carries no disgrace comparable to that of flinching during circumcision.",0.9,0.9,1,1,/Gusii_Mayer_1952_19_KS,589,ehraf_v2
590,within_group,EasternAfrica,Gusii,'tamer',the novice (omoisia [uncircumcised boy]),'tamer',the novice (omoisia [uncircumcised boy]),person,kin_role,joking_relationship,non_symmetric,,,"Now the ‘tamer’ catches the penis firmly in a leaf, the inside of which has been coated with a paste of leaf-ash and water. The ash is caustic; the resulting pain is ‘a really nasty one’, making the novice cry out in agony.",0.85,0.85,1,1,/Gusii_Mayer_1952_19_KS,590,ehraf_v2
591,within_group,EasternAfrica,Gusii,novices,girls,novices,girls,age_set,group,joking_relationship,mixed,arousing desire,ogosonia,"‘Arousing Desire.’ During the first few days after esubo, at which time the wounds of circumcision have not thoroughly healed, parties of girls come to the seclusion huts ‘to trouble the novices’ (as the Gusii say) by what is called ‘arousing desire’ (ogosonia). Removing all their clothes, they dance around the novices in provocative attitudes and challenge them: ‘You boy, you said you would become a young man [omomura] and have intercourse with girls; now, are you ready? Here it is — what you wanted. Come Come and copulate!’ ... The boys do their best to joke in reply.",0.9,0.9,1,1,/Gusii_Mayer_1952_22_KS,591,ehraf_v2
592,within_group,EasternAfrica,Gusii,mature women,novice's mother,mature women,novice's mother,group,kin_role,insulting_license,non_symmetric,playful insults,,"The leading of a girl into seclusion follows the same broad pattern as that in the case of a boy, but some extra episodes are interpolated. In these episodes mature women take part. Their action consists in formalized attacks on and insults directed against the novice's mother. However,28 these are playful or joking insults: the tone is of high good humour.",0.9,0.9,1,1,/Gusii_Mayer_1952_27_KS,592,ehraf_v2
593,within_group,EasternAfrica,Gusii,tatamoke,korera,tatamoke,korera,kin_role,kin_role,joking_relationship,non_symmetric,bawdy joking / licensed familiarity,tatamoke; korera,"‘I always used to call Anyiega my tatamoke omoamate (small father in the clan). But now that his second son has married a daughter of the half-brother of my second wife Nyanchama, I am entitled to call Anyiega korera (parent of spouse of child). And now when Anyiega wants to joke bawdily in my presence he calls me korera, though at other times, as my tatamoke, he behaves to me with restraint and will not enter my house.’",0.9,0.9,1,1,/Gusii_Mayer_1965_32_KS,593,ehraf_v2
594,within_group,EasternAfrica,Gusii,small father in the clan,child in the clan,small father in the clan,child in the clan,kin_role,kin_role,joking_relationship,symmetric,,,"The general ‘finding out how to call one another’ does more than fix reciprocal etiquette patterns between two people. When a ‘small father in the clan’ and his ‘child in the clan’ meet in company, e.g. at someone else's beer drink or ceremony, one will find himself allotted to the group which behaves familiarly with the host, the other to the group which behaves familiarly with the host's son, or father.",0.9,0.9,1,1,/Gusii_Mayer_1965_33_KS,594,ehraf_v2
595,within_group,EasternAfrica,Gusii,brother/cousin (momura ominto),brother/cousin (momura ominto),brother/cousin (momura ominto),brother/cousin (momura ominto),kin_role,kin_role,joking_relationship,symmetric,,momura ominto,"The two men had never met before, but proceeded to ‘find out’ that they were to ‘call each other brother/cousin’ (momura ominto). This showed that the stool could be used; it was offered and accepted.",0.95,0.95,1,1,/Gusii_Mayer_1965_33_KS,595,ehraf_v2
596,within_group,EasternAfrica,Gusii,caller (guest),old woman called 'grandmother' (magokoro),caller (guest),old woman called 'grandmother' (magokoro),kin_role,kin_role,joking_relationship,non_symmetric,,magokoro,"After a lengthy preliminary process of ‘finding out’ he stepped forward and shook her hand, explaining for our benefit that ‘it seems I must call her “grandmother” (magokoro)’.",0.9,0.9,1,1,/Gusii_Mayer_1965_33_KS,596,ehraf_v2
763,within_group,EasternAfrica,Luguru,Each clan,a joking partner from another clan,Each clan,a joking partner from another clan,clan,clan,joking_relationship,symmetric,,,"Each clan had a joking partner from another clan who would be called to conduct certain mortuary rites, usually involving sweeping the floor of the deceased’s hut, washing the corpse and wrapping it in a burial shroud (sanda), and proclaiming the circumstances of death;",0.75,0.75,1,1,/Luguru_Adem_2020_7_KS,763,ehraf_v2
768,within_group,EasternAfrica,Luguru,some Luguru clans,some Luguru clans,some Luguru clans,some Luguru clans,clan,clan,joking_relationship,symmetric,,utani or ugonga,they also exist between some Luguru clans which provide certain ritual and burial services for one another;,0.85,0.85,1,1,/Luguru_Biedelman_1967_28_KS,768,ehraf_v2
769,within_group,EasternAfrica,Luguru,classificatory crossc2adcousins,classificatory crossc2adcousins,classificatory crossc2adcousins,classificatory crossc2adcousins,kin_role,kin_role,joking_relationship,symmetric,,utani or ugonga,and they exist between classificatory cross,0.95,0.95,1,1,/Luguru_Biedelman_1967_28_KS,769,ehraf_v2
770,within_group,EasternAfrica,Luguru,matrilineage,clan joking partners (watani),matrilineage,clan joking partners (watani),lineage,clan,joking_relationship,symmetric,watani,watani,Burial and mortuary rites are conducted by clan joking partners (watani). ... The rites (kutambika) are directed by the head of the matrilineage but some are conducted in part by joking partners (watani).,0.9,0.9,1,1,/Luguru_Biedelman_1967_33_KS,770,ehraf_v2
771,within_group,EasternAfrica,Luguru,linked sub-clans,linked sub-clans,linked sub-clans,linked sub-clans,clan,clan,joking_relationship,symmetric,ugongo / utani,ugongo; utani,"Another aspect of the social structure, which must be mentioned is the question of ugongo (Luguru), utani (Swahili), a system of joking relationships between linked sub-clans which occurs all over the culture area",0.9,0.9,1,1,/Luguru_Brain_1971_822_KS,771,ehraf_v2
773,within_group,EasternAfrica,Luguru,cross-cousin (mtani),cross-cousin (mtani),cross-cousin (mtani),cross-cousin (mtani),kin_role,kin_role,joking_relationship,symmetric,,mtani; watani; wagongo,"But here the problem arises. The term for a cross-cousin in Luguru is mtani. Naturally many watani will also be wagongo, and so we are left with the puzzle - are cross-cousins called watani because one behaves towards them in a joking fashion, or is the relationship referred to as utani between clans (and tribes) because one behaves as one would towards a cross-cousin?",0.9,0.9,1,1,/Luguru_Brain_1971_822_KS,773,ehraf_v2
774,within_group,EasternAfrica,Luguru,sub-clan,sub-clan,sub-clan,sub-clan,clan,clan,joking_relationship,symmetric,ugongo / utani (wagongo),ugongo; utani; wagongo,"It must be fairly clear that in Uluguru, where all the sub-clans live in contiguous areas of relatively fertile land in the mountains, each sub-clan will have such ties to other such units on all sides of it, these ties being regarded in a variety of ways. On the one hand wagongo are cousins, but they are also affines (cf. Fox 1967, LEACH 1961 and NEEDHAM 1962).",0.9,0.9,1,1,/Luguru_Brain_1971_823_KS,774,ehraf_v2
775,within_group,EasternAfrica,Luguru,children of a man,son of father's sister,children of a man,son of father's sister,kin_role,kin_role,joking_relationship,symmetric,mtani,mtani,"She has important functions to play with respect to her brother's daughter at the time of the latter's puberty ceremonies. Since she is the mother of her brother's heir, her son is termed “father” by her brother's children after the brother's decease, although before that time he is given the term of mtani, which, as we have already noted, also means joking partner.",0.85,0.85,1,1,/Luguru_Brain_1971_823_KS,775,ehraf_v2
776,within_group,EasternAfrica,Luguru,man,younger brother's wife,man,younger brother's wife,kin_role,kin_role,joking_relationship,symmetric,,,"On the contrary, elder brothers are treated with extreme respect, as are their wives, whereas in the reverse direction we find that men have a joking relationship with younger brothers' wives.",0.9,0.9,1,1,/Luguru_Brain_1971_823_KS,776,ehraf_v2
777,within_group,EasternAfrica,Luguru,elder brothers,younger brothers' wives,elder brothers,younger brothers' wives,kin_role,kin_role,joking_relationship,non_symmetric,joking relationship,sekuru,"younger brothers call their elder brothers sekuru “grandfather”, and have to treat their wives with respect, whereas elder brothers have a joking relationship with their younger brothers' wives.",0.9,0.9,1,1,/Luguru_Brain_1971_832_KS,777,ehraf_v2
778,within_group,EasternAfrica,Luguru,mgongo,wagongo,mgongo,wagongo,clan,clan,joking_relationship,symmetric,ugongo (utani),ugongo,"Ugongo is an institutionalized joking relationship between linked clans which are conceptualized as being the exact structural equivalents. ... A man frequently marries an mgongo, who should at the same time be a cross-cousin. ... Rites for the spirits, tambiko, can only be performed with the assistance of the joking partners from the linked clan, the wagongo, symbolically indicating the interdependence and complementarity of the two structurally equal and opposite groups.",0.9,0.9,1,1,/Luguru_Brain_1978_178_KS,778,ehraf_v2
779,within_group,EasternAfrica,Luguru,wagongo,mgongo,wagongo,mgongo,clan,clan,joking_relationship,symmetric,ugongo (Swahili utani),ugongo,"Ugongo is an institutionalized joking relationship between linked clans which are conceptualized as being the exact structural equivalents. ... one frequently marries a mgongo, who should at the same time be a cross-cousin.",0.9,0.9,1,1,/Luguru_Brain_1980_372_KS,779,ehraf_v2
780,within_group,EasternAfrica,Luguru,initiands,joking partners,initiands,joking partners,age_set,group,joking_relationship,symmetric,joking partners,,"On one occasion a large adolescent boy, one of the initiands' joking partners, was carried round clowning the part, to laughter from the crowd.",0.9,0.9,1,1,/Luguru_Brain_1980_378_KS,780,ehraf_v2
781,within_group,EasternAfrica,Luguru,kindred,joking partners,kindred,joking partners,kin_role,group,joking_relationship,unclear,,,"On one occasion cooked rice and catfish were handed round to the kindred and joking partners, who all ate together, men and women, standing up, simulating great haste.",0.8,0.8,1,1,/Luguru_Brain_1980_378_KS,781,ehraf_v2
782,within_group,EasternAfrica,Luguru,watani,mtani,watani,mtani,clan,clan,joking_relationship,symmetric,utani (ugongo),utani,"Every Luguru clan claims to have a utani relationship, involving joking and obligations, with one or more clans in their vicinity. ... The greatest degree of joking is carried on between watani of the same generation, and cross-sexual joking is common, with obscene and suggestive language and horseplay.",0.8,0.8,1,1,/Luguru_Christensen_1963_1315_KS,782,ehraf_v2
783,within_group,EasternAfrica,Luguru,watani,watani,watani,watani,kin_role,kin_role,joking_relationship,symmetric,watani joking,watani,"While a Luguru should show deference toward an elder, joking is permitted between all generations of watani, and the only avoidance observed is toward the mother-in-law.",0.9,0.9,1,1,/Luguru_Christensen_1963_1316_KS,783,ehraf_v2
784,within_group,EasternAfrica,Luguru,son-in-law,his wife's clan,son-in-law,his wife's clan,kin_role,clan,joking_relationship,symmetric,,mtani,"For one thing, a man is likely to be marrying into the clan of his father or grandfather, but, in any case, he will have been joking with his wife's clan for years.",0.85,0.85,1,1,/Luguru_Christensen_1963_1316_KS,784,ehraf_v2
785,within_group,EasternAfrica,Luguru,mtani elder,young mtani,mtani elder,young mtani,kin_role,kin_role,joking_relationship,symmetric,watani / utani,watani/utani,"A high degree of familiarity is permitted between alternate generations, and it is permissible for a youth to deride a mtani elder if at some time during the exchange he shows the proper respect. For example, a elder named Mbewa ... approached the house of a young mtani and the latter started calling to those around to “kill the rat, kill the rat.”",0.9,0.9,1,1,/Luguru_Christensen_1963_1317_KS,785,ehraf_v2
786,within_group,EasternAfrica,Luguru,grandparents,grandchildren,grandparents,grandchildren,kin_role,kin_role,joking_relationship,symmetric,,,"One type of bantering and joking that is not limited to watani is that between grandparents and grandchildren. The kinship terminology permits alternating generations to refer to each other as “brother” or “sister,” and a young man may tease his grandfather about marrying his wife.",0.9,0.9,1,1,/Luguru_Christensen_1963_1317_KS,786,ehraf_v2
787,within_group,EasternAfrica,Luguru,watani clan(s) of the deceased,clan of the deceased,watani clan(s) of the deceased,clan of the deceased,kin_role,clan,joking_relationship,non_symmetric,,watani,"Considerable horseplay by the watani clan or clans of the deceased is permitted and expected at a burial. ... They have been known to pour a pot of water over a wailing woman under these circumstances. Or again, a mtani might say to the clan of the deceased: “You are crying too much. Give me one woman to take to my house so that I can give you a child to resemble the person who is dead.”",0.95,0.95,1,1,/Luguru_Christensen_1963_1317_KS,787,ehraf_v2
788,within_group,EasternAfrica,Luguru,mtani,watani,mtani,watani,person,group,joking_relationship,non_symmetric,appropriation rights of watani/mtani,watani/mtani,"It is also permissible to appropriate the possessions of watani, but rather definite rules govern this type of acquisition. For one thing, it should be done openly and in the presence of the owner or his family. Confiscation is most likely to occur at a funeral when watani of the deceased may walk off with a goat, fowl, yams, or even such items as a hoe or panga.",0.9,0.9,1,1,/Luguru_Christensen_1963_1318_KS,788,ehraf_v2
789,within_group,EasternAfrica,Luguru,unmarried cross-cousins,unmarried cross-cousins,unmarried cross-cousins,unmarried cross-cousins,kin_role,kin_role,joking_relationship,symmetric,watani / sexual license,watani,"The greatest amount of sexual license is permitted between unmarried cross-cousins, and an affair between these two is rarely condemned except by acculturated Christians. Cross-cousins are always considered watani and may be referred to as such whether or not their clans observe the utani relationship.",0.9,0.9,1,1,/Luguru_Christensen_1963_1319_KS,789,ehraf_v2
790,within_group,EasternAfrica,Luguru,watani (male),watani (female),watani (male),watani (female),kin_role,kin_role,insulting_license,symmetric,joking between watani,watani,The joking between watani that permits highly suggestive or obscene comments thus may be utilized to ascertain the availability of a mtani as a sexual partner.,0.9,0.9,1,1,/Luguru_Christensen_1963_1319_KS,790,ehraf_v2
791,within_group,EasternAfrica,Luguru,watani,clan,watani,clan,kin_role,clan,joking_relationship,symmetric,utani/watani joking relationship,utani/watani,"The function of the watani, in addition to the joking noted above, is assisting the clan in preparation of the body and interment. ... The watani clan would be offended if they were not notified, for in addition to the slight, it would deprive them of their right to get even regarding confiscation of food.",0.8,0.8,1,1,/Luguru_Christensen_1963_1320_KS,791,ehraf_v2
792,within_group,EasternAfrica,Luguru,watani,clan members,watani,clan members,clan,lineage,joking_relationship,non_symmetric,rebuke/teasing during ancestor ceremonies,watani,"During the prayers to the clan ancestors the watani may rebuke or coerce the dead, saying “You who have died, do not come back and cause trouble for the living,” or they may admonish the elders to carry out the ceremony in the prescribed manner so as not to offend the ancestors. Joking may enter in here again, for when the names of ancestors are mentioned that a mtani does not recall, he may enquire “Who are they?”",0.8,0.8,1,1,/Luguru_Christensen_1963_1321_KS,792,ehraf_v2
793,within_group,EasternAfrica,Luguru,cross-cousins,cross-cousins,cross-cousins,cross-cousins,kin_role,kin_role,joking_relationship,symmetric,joking partners,,"No matter what happens or the kind of complaints that are delivered (these may be significant, especially since cross-cousins are joking partners), the person must sit without reaction.",0.9,0.9,1,1,/Luguru_Gemignani_2002_236_KS,793,ehraf_v2
794,within_group,EasternAfrica,Luguru,Lamba (rainmaker),adult woman joking partner,Lamba (rainmaker),adult woman joking partner,person,group,joking_relationship,symmetric,adult woman joking partner,,"In a different area of Mgeta I was told that rainmaking did not involve children, but instead the rainmaker would be always be accompanied by an adult woman joking partner (there is a linkage between clans with preferential marriage and those in which joking relationships occur).",0.9,0.9,1,1,/Luguru_Gemignani_2002_265_KS,794,ehraf_v2
795,within_group,EasternAfrica,Luguru,Lamba (rainmaker),children joking partners (boys and girls),Lamba (rainmaker),children joking partners (boys and girls),person,group,joking_relationship,symmetric,children joking partners,,"It is widely agreed that while Lamba was accompanied by one or two adults who were joking partners, his main assistants in this tambiko were children. This was described as consisting of one boy and one girl, or two boys and two girls.",0.9,0.9,1,1,/Luguru_Gemignani_2002_265_KS,795,ehraf_v2
796,within_group,EasternAfrica,Luguru,lineage members,his joking partners,lineage members,his joking partners,lineage,kin_role,joking_relationship,unclear,,,"He listed some of the possible mistakes that this man made, bringing bread and tea for the ancestors to Mbagho's ritual space at Rudewa, as well as the traditional black sheep, having other lineage members eat the food who were not his joking partners.",0.6,0.6,1,1,/Luguru_Gemignani_2002_278_KS,796,ehraf_v2
797,within_group,EasternAfrica,Luguru,women,husbands,women,husbands,kin_role,kin_role,joking_relationship,non_symmetric,,posho,One hears many jokes made by women regarding the “food rations” (posho) that women distribute to their husbands.,0.8,0.8,1,1,/Luguru_Gemignani_2002_280_KS,797,ehraf_v2
798,within_group,EasternAfrica,Luguru,mother-in-law,daughter-in-law,mother-in-law,daughter-in-law,kin_role,kin_role,joking_relationship,non_symmetric,,,"Mama Mwenda told a funny story about how her mother-in-law once asked her if she was going home to give “food” to Baba Mwenda. When she asked, “What food?” her mother-in-law stated, “the food that you close in a satchel and walk around with everyday”",0.85,0.85,1,1,/Luguru_Gemignani_2002_280_KS,798,ehraf_v2
799,within_group,EasternAfrica,Luguru,kigori (young girl),the family,kigori (young girl),the family,kin_role,group,joking_relationship,symmetric,,kigori,As a young girl (between 9–13) before reaching puberty she was referred to as “kigori”. The family would establish a joking relationship with her while at the same time she would be socially nurtured towards attaining womanhood.,0.8,0.8,1,1,/Luguru_Hamdani_2001_15_KS,799,ehraf_v2
800,within_group,EasternAfrica,Luguru,Different hamlets in the neighborhood,Different hamlets in the neighborhood,Different hamlets in the neighborhood,Different hamlets in the neighborhood,village,village,joking_relationship,symmetric,utani / ugongo,utani; ugongo,"Different hamlets in the neighborhood have a joking relationship called “utani” or “ugongo”. These relationships used to be very important, much more than they are today.",0.9,0.9,1,1,/Luguru_Hamdani_2001_4_KS,800,ehraf_v2
805,within_group,EasternAfrica,Luguru,Wamangi,Wabunga,Wamangi,Wabunga,clan,clan,joking_relationship,symmetric,privileged familiarity / joking relationship,,"Between certain sibs there exists privileged familiarity or a joking relationship, as, for example, between the Wamangi and the Wabunga.",0.9,0.9,1,1,/Luguru_McVicar_1935_62_KS,805,ehraf_v2
806,within_group,EasternAfrica,Luguru,Wamangi,Mbunga,Wamangi,Mbunga,clan,clan,joking_relationship,symmetric,reciprocal drum-playing / ritual partnership,,"He considered it a useful instrument for his ngoma (band). Of course, in order to use it properly he had to call in the aid of the Wamangi sib, and thus it came about that the Wamangi formed part of the Wambunga ngoma. As a matter of fact, it is the Wamangi who play the drums when an Mbunga dies, and vice versa.",0.7,0.7,1,1,/Luguru_McVicar_1935_62_KS,806,ehraf_v2
807,within_group,EasternAfrica,Luguru,Wamangi,Wambunga,Wamangi,Wambunga,clan,clan,joking_relationship,symmetric,watani / kutaniana,watani; mtani; kutaniana,"The Wamangi are the watani of the Wambunga, and vice versa. ... Sibs between which privileged familiarity or the joking relationship prevails are said to kutaniana.",0.9,0.9,1,1,/Luguru_McVicar_1935_63_KS,807,ehraf_v2
808,within_group,EasternAfrica,Luguru,Wamangi,Wabunga,Wamangi,Wabunga,clan,clan,joking_relationship,symmetric,watani; joking relationship,watani,"As a matter of fact, it would seem that the chief pleasure in life for a Mangi is to have a laugh at the expense of an Mbunga or to ‘pull something over on’ an Mbunga,—the Wamangi and the Wabunga being, as we have mentioned, of sibs between which the joking relationship obtains. Such inter-sib watani may do or say whatsoever they like when there is question of their watani.",0.9,0.9,1,1,/Luguru_McVicar_1935_64_KS,808,ehraf_v2
809,within_group,EasternAfrica,Luguru,members of joking relationship sib's,members of sibs of common origin,members of joking relationship sib's,members of sibs of common origin,clan,clan,joking_relationship,unclear,joking relationship,,"I have heard it said that nowadays marriage is taking place between such members of joking relationship sib's and also between members of sibs of common origin, but I do not know how true this is, for it must be very new, and I am not acquainted with any specific instance.",0.6,0.6,1,1,/Luguru_McVicar_1935_65_KS,809,ehraf_v2
810,within_group,EasternAfrica,Luguru,clans,reciprocating clans,clans,reciprocating clans,clan,clan,joking_relationship,symmetric,ugongo / utani (reciprocal joking relationship),ugongo; utani,"A more important relationship between clans is that of ugongo (L.) or utani (S.), i.e. reciprocal or joking relationship. Not all clans possess a link in this manner, but where they do there is also a trend to preferential marriage between the two linked clans.",0.8,0.8,1,1,/Luguru_Young_1960_44_KS,810,ehraf_v2
811,within_group,EasternAfrica,Luo,jogam,sisters of Adhiambo,jogam,sisters of Adhiambo,group,kin_role,joking_relationship,symmetric,playmates / flirting,jogam,"The food was eaten slowly, with some flirting between the jogam and the sisters of Adhiambo and some jokes passed back and forth with the brothers.",0.6,0.6,1,1,/Luo_Cohen_1989_106_KS,811,ehraf_v2
812,within_group,EasternAfrica,Luo,sisters of Adhiambo,brothers,sisters of Adhiambo,brothers,kin_role,kin_role,joking_relationship,symmetric,,,"The food was eaten slowly, with some flirting between the jogam and the sisters of Adhiambo and some jokes passed back and forth with the brothers.",0.5,0.5,1,1,/Luo_Cohen_1989_106_KS,812,ehraf_v2
813,within_group,EasternAfrica,Luo,the jogam,Adhiambo's people,the jogam,Adhiambo's people,kin_role,group,joking_relationship,unclear,,jogam,"The record-player was brought back to the room and there was music and dancing, with a good deal of teasing and joking between the jogam and Adhiambo's people.",0.6,0.6,1,1,/Luo_Cohen_1989_108_KS,813,ehraf_v2
814,within_group,EasternAfrica,Luo,brothers of the bride,brothers of the groom,brothers of the bride,brothers of the groom,kin_role,kin_role,joking_relationship,symmetric,DIERO / JODIERO,DIERO; JODIERO; RWADH DIER,"35. The brothers of the bride have meanwhile been waiting patiently for the news that the bride has accepted the CHIENO, for now they gather their strongest and most skilled fighters from among their LIBAMBA and their neighbours to take the first head of cattle from the herd of the groom to their own village. This group is known as the JODIERO, the selectors, and they go to select a beast from the herd of the groom. The brothers of the groom naturally resist the selection and the two groups wrestle and fight mock battles with sticks until both parties agree on the beast to be taken.",0.9,0.9,1,1,/Luo_Wilson_1961_100_KS,814,ehraf_v2
815,within_group,EasternAfrica,Luo,JONDARIA,the young men of the groom's village,JONDARIA,the young men of the groom's village,group,age_set,joking_relationship,symmetric,JONDARIA,JONDARIA,During the rest of the day is a period of flirtation and joking between the JONDARIA and the young men of the groom's village.,0.9,0.9,1,1,/Luo_Wilson_1961_95_KS,815,ehraf_v2
816,within_group,EasternAfrica,Luo,JONDARIA,the village of the groom,JONDARIA,the village of the groom,group,village,insulting_license,non_symmetric,licensed liberties,JONDARIA,"On the other hand, some state that the JONDARIA have great licence in the village and enter the granaries and take anything edible they find which they cook and eat by themselves.",0.8,0.8,1,1,/Luo_Wilson_1961_95_KS,816,ehraf_v2
817,within_group,EasternAfrica,Luo,JONDARIA,the village (hosts),JONDARIA,the village (hosts),group,village,avoidance,non_symmetric,,JONDARIA,Most Luo tribes state that the JONDARIA are ignored in the village and are not given food but must wait until their return the next day to their own village before they eat.,0.8,0.8,1,1,/Luo_Wilson_1961_95_KS,817,ehraf_v2
820,within_group,EasternAfrica,Maasai,the assembled warriors,the parents of the boy,the assembled warriors,the parents of the boy,group,kin_role,insulting_license,non_symmetric,abusive words and blows / reviling,,"During the circumcision itself the parents of the boy remain in their hut, for if the latter moans or cries out from the pain, they are punished with abusive 83 63 cont. words and blows by the assembled warriors, because they did not rear their son to have the hardening and self-control necessary for a warrior, while the weakling is reviled for a long time afterwards as eb[unknown] iryo = coward, or t[unknown] or[unknown] on[unknown] o = the bad one.",0.6,0.6,1,1,/Maasai_Merker_1910_82_KS,820,ehraf_v2
821,within_group,EasternAfrica,Maasai,manyata moran,elders,manyata moran,elders,age_set,group,joking_relationship,non_symmetric,teased by elders / watched and teased on return,,"The elders can only demand that visiting moran should behave as guests with an outward respect, and the moran are aware that their comings and goings are being carefully watched from a discreet distance.
...If a manyata moran stays in the elders' village area for more than the occasional night without manyata permission, he must account for himself on his return. ... he can expect to be teased.",0.9,0.9,1,1,/Maasai_Spencer_1988_110_KS,821,ehraf_v2
822,within_group,EasternAfrica,Maasai,manyata women,manyata moran,manyata women,manyata moran,group,age_set,joking_relationship,non_symmetric,women teasing returning moran,,"When other manyata moran see him returning, they may call out: ‘The donkeys have come.’ The manyata women then take up the joke: ‘He's just a donkey, for he ran away to the elders' villages ... Let's grab him and drive him to get some water! Let's put a hide on his back and load him up!’",0.9,0.9,1,1,/Maasai_Spencer_1988_110_KS,822,ehraf_v2
823,within_group,EasternAfrica,Maasai,manyata moran,manyata moran (returning from elders' villages),manyata moran,manyata moran (returning from elders' villages),age_set,age_set,joking_relationship,symmetric,peer teasing / taunting,,"When other manyata moran see him returning, they may call out: ‘The donkeys have come.’",0.85,0.85,1,1,/Maasai_Spencer_1988_110_KS,823,ehraf_v2
824,within_group,EasternAfrica,Maasai,father,son,father,son,kin_role,kin_role,joking_relationship,non_symmetric,joke at the expense of the younger man,,"If a father quarrels with his son and starts to shiver, the son should run away whatever his age, as if the father has raised his stick. The incident then becomes a joke at the expense of the younger man.",0.9,0.9,1,1,/Maasai_Spencer_1988_121_KS,824,ehraf_v2
825,within_group,EasternAfrica,Maasai,firestick patrons,moran,firestick patrons,moran,group,age_set,joking_relationship,non_symmetric,authoritarian ritual of counter-rebellion / harangue,,"The response of the patrons throughout the morning was similar to that described for all such occasions when they assemble to harangue the moran. ... During the breaks in moments of pique, certain patrons occasionally cracked their long whips at unsubdued groups of moran as though they were frisky cattle. The moran would dutifully retire to a safer distance, ‘running away’ from the elders' anger, although still sometimes giggling.",0.9,0.9,1,1,/Maasai_Spencer_1988_147_KS,825,ehraf_v2
826,within_group,EasternAfrica,Maasai,age mates,age mates,age mates,age mates,age_set,age_set,banter,symmetric,supportive joking among age-mates,,"As the elders dispersed, he remained with a small group of age mates, entertaining them with a display of joking and good humour. They encouraged him, rather as moran closely support an age mate after a bout of shaking.",0.8,0.8,1,1,/Maasai_Spencer_1988_147_KS,826,ehraf_v2
827,within_group,EasternAfrica,Maasai,firestick patrons of Terito age-set,moran,firestick patrons of Terito age-set,moran,age_set,age_set,joking_relationship,non_symmetric,patron–moran mock aggression at disbanding ceremony,,"Their firestick patrons of Terito age-set systematically coerced them from this defiant stand. ... Then, striding away from the meeting, the patrons left the moran with little option other than to rush up with fistfuls of grass, forcing the patrons to recant, but at the same time submitting to the inevitable.",0.9,0.9,1,1,/Maasai_Spencer_1988_164_KS,827,ehraf_v2
828,within_group,EasternAfrica,Maasai,moran,manyata-mothers,moran,manyata-mothers,age_set,kin_role,joking_relationship,symmetric,moran–mother joking abuse,,"The abusive idiom of the patrons recalls the first forest feast when joking abuse between moran and their mothers was indirectly at the expense of their absent fathers, whom they were about to desert for the manyata.",0.9,0.9,1,1,/Maasai_Spencer_1988_164_KS,828,ehraf_v2
829,within_group,EasternAfrica,Maasai,firestick patrons of Terito age-set,manyata-mothers,firestick patrons of Terito age-set,manyata-mothers,age_set,kin_role,joking_relationship,non_symmetric,patrons' mock curses at manyata-mothers,enoonkureeta,"The patrons are expected to come with long whips and an assortment of warrior headgear in the spirit of a burlesque on moranhood. ... they crack their whips as they approach the manyata, and hurl mock curses and accusations of incest. Their aim is to frighten the manyata-mothers who are less certain that these mock curses are harmless play.",0.9,0.9,1,1,/Maasai_Spencer_1988_164_KS,829,ehraf_v2
830,within_group,EasternAfrica,Maasai,patrons,moran,patrons,moran,group,group,insulting_license,non_symmetric,disbanding ceremony abuses,enoonkureeta,"Forty-nine firestick patrons cowl their heads with sheepskin caps, inkureeta, whence the name of the ceremony, enoonkureeta. Their abuses against the moran incorporate such phrases as: ‘become bitter; be finished off; become lost for ever; you have fucked your mothers when they denied us [this right]; I have come and hear and see that your mother has nothing left to fuck’.",0.9,0.9,1,1,/Maasai_Spencer_1988_165_KS,830,ehraf_v2
831,within_group,EasternAfrica,Maasai,moran,mothers,moran,mothers,group,kin_role,joking_relationship,symmetric,joking at first forest ox,,"As with the joking between moran and their mothers at the first forest ox (of-the-earplugs), the Matapato acknowledged but did not stress the element of joking abuse.",0.9,0.9,1,1,/Maasai_Spencer_1988_165_KS,831,ehraf_v2
832,within_group,EasternAfrica,Maasai,courier (clan ‘sister’ or the wife of an age mate),the girl (prospective bride),courier (clan ‘sister’ or the wife of an age mate),the girl (prospective bride),kin_role,kin_role,joking_relationship,non_symmetric,anointment (esiret),esiret,"The suitor discreetly approaches one of the village wives to be his courier, perhaps a clan ‘sister’ or the wife of an age mate. In an unguarded moment, she calls over the girl and taking her by surprise, traces a smear of the butter from the bridge of her nose to her crown. Realising what has occurred, the girl is expected to rage. She snatches at leaves or grass or anything on hand to wipe off the butter, while the other women and even girls laugh at her.",0.9,0.9,1,1,/Maasai_Spencer_1988_26_KS,832,ehraf_v2
833,within_group,EasternAfrica,Maasai,bride (new wife),women closely related to her husband,bride (new wife),women closely related to her husband,kin_role,kin_role,joking_relationship,non_symmetric,taunting during reception,,"She is left by herself outside this village, and is then greeted by the women, who come out to taunt her persistently until she breaks down in tears. They may tease her for being her husband's current favourite who will in her turn be discarded.",0.9,0.9,1,1,/Maasai_Spencer_1988_31_KS,833,ehraf_v2
834,within_group,EasternAfrica,Maasai,bride (new wife),girls (younger women) of the husband's village,bride (new wife),girls (younger women) of the husband's village,kin_role,age_set,joking_relationship,non_symmetric,taunting by girls,,"She is no longer a girl and now even girls come out to taunt her. These are jokes that point up some of the sombre realities of wifehood, and mark the most radical transition in her life with a totally new role and surrounded by new faces.",0.8,0.8,1,1,/Maasai_Spencer_1988_31_KS,834,ehraf_v2
835,within_group,EasternAfrica,Maasai,those close to the initiate and others that have recently been circumcised,the initiate,those close to the initiate and others that have recently been circumcised,the initiate,group,kin_role,teasing,non_symmetric,provoking / scorning during circumcision,,"Those close to the initiate and others that have recently been circumcised may deliberately try to provoke his anger, scorning and threatening him, and distancing themselves from him if he does flinch, but also firming his resolve not to do so.",0.85,0.85,1,1,/Maasai_Spencer_1988_73_KS,835,ehraf_v2
836,within_group,EasternAfrica,Maasai,a band of about ten initiates,the youth (the initiate) led from his mother's hut,a band of about ten initiates,the youth (the initiate) led from his mother's hut,age_set,kin_role,teasing,non_symmetric,initiates' teasing of new initiate,,"a band of about ten initiates, who had recently recovered from the operation and wore their full regalia, led the youth from his mother's hut, singing and holding each arm... They paused at certain points, singing and making pointed references to the fact that none of them had flinched.",0.9,0.9,1,1,/Maasai_Spencer_1988_73_KS,836,ehraf_v2
837,within_group,EasternAfrica,Maasai,The elders,smaller boys,The elders,smaller boys,group,age_set,teasing,non_symmetric,teasing of younger boys,,"The elders then called over smaller boys to tease them, playfully dragging them towards the doorway and asking them if they would like to be circumcised.",0.9,0.9,1,1,/Maasai_Spencer_1988_73_KS,837,ehraf_v2
838,within_group,EasternAfrica,Maasai,some women,several young children,some women,several young children,group,age_set,teasing,non_symmetric,women's playful teasing of children,,"Outside, catching this jocular mood, some women seized several young children. One of them started to prise out their lower incisors as if to emphasise to them the ordeal that awaited them, hooting with laughter while the children howled.",0.85,0.85,1,1,/Maasai_Spencer_1988_73_KS,838,ehraf_v2
839,within_group,EasternAfrica,Maasai,novice moran,fathers (family heads),novice moran,fathers (family heads),kin_role,kin_role,joking_relationship,non_symmetric,butt of the joke,,"The various allusions are to the period when they will leave home and take their mothers to live in the manyata (their warrior village); and their fathers, who are conspicuously absent, are the indirect butt of the joke.",0.85,0.85,1,1,/Maasai_Spencer_1988_84_KS,839,ehraf_v2
840,within_group,EasternAfrica,Maasai,novice moran,mothers,novice moran,mothers,kin_role,kin_role,joking_relationship,non_symmetric,possessory teasing / control,manyata,"If mothers have sexual relations with their own fathers and with the moran friends of their daughters and come under the overbearing protection of their own sons and feed them, then their husbands - the fathers of the moran - are superfluous.",0.8,0.8,1,1,/Maasai_Spencer_1988_84_KS,840,ehraf_v2
900,within_group,EasternAfrica,Nuba,danndanna (male),danndanna (female),danndanna (male),danndanna (female),kin_role,kin_role,joking_relationship,symmetric,,danndanna,"Sexual joking with danndanna of the opposite sex is appropriate, as it is an appropriate marriage category.",0.9,0.9,1,1,/Nuba_Faris_1989_166_KS,900,ehraf_v2
901,within_group,EasternAfrica,Nuba,a man,his classificatory sister,a man,his classificatory sister,kin_role,kin_role,joking_relationship,symmetric,,,"If a man dreamed in this way about his classificatory sister, his cousin, or possibly his brother's wife, he would think nothing of it and might even joke about it with the heroine of his dream.",0.85,0.85,1,1,/Nuba_Nadel_1947_285_KS,901,ehraf_v2
902,within_group,EasternAfrica,Nuba,a man,his cousin,a man,his cousin,kin_role,kin_role,joking_relationship,symmetric,,narane,"If a man dreamed in this way about his classificatory sister, his cousin, or possibly his brother's wife, he would think nothing of it and might even joke about it with the heroine of his dream.",0.85,0.85,1,1,/Nuba_Nadel_1947_285_KS,902,ehraf_v2
903,within_group,EasternAfrica,Nuba,a man,his brother's wife,a man,his brother's wife,kin_role,kin_role,joking_relationship,symmetric,,,"If a man dreamed in this way about his classificatory sister, his cousin, or possibly his brother's wife, he would think nothing of it and might even joke about it with the heroine of his dream.",0.8,0.8,1,1,/Nuba_Nadel_1947_285_KS,903,ehraf_v2
915,within_group,EasternAfrica,Nuer,a man's wife,her husband's brothers,a man's wife,her husband's brothers,kin_role,kin_role,joking_relationship,symmetric,on joking terms,,"For a man's wife, avoidance is impracticable, but she treats her parents-in-law with great respect and, in the early days of marriage, keeps herself apart from them as much as possible. She is on joking terms with her husband's brothers since, among brothers, the wife of one is, in the social sense, the wife of all.",0.9,0.9,1,1,/Nuer_Colson_1952_152_KS,915,ehraf_v2
916,within_group,EasternAfrica,Nuer,ric (age-set members),ric (age-set members),ric (age-set members),ric (age-set members),age_set,age_set,joking_relationship,symmetric,,ric,Age-mates are on terms of complete equality. A man does not stand on ceremony with an age-mate but eats and plays and jokes with him as an equal.,0.9,0.9,1,1,/Nuer_EvansPritchard_1936_261_KS,916,ehraf_v2
917,within_group,EasternAfrica,Nuer,members of the same age-set,wife of a man of his own age-set,members of the same age-set,wife of a man of his own age-set,age_set,kin_role,joking_relationship,symmetric,take liberties / permitted to joke,,As we have seen at initiation feasts a man is permitted to joke and take liberties with the wife of a man of his own age-set.,0.9,0.9,1,1,/Nuer_EvansPritchard_1936_262_KS,917,ehraf_v2
918,within_group,EasternAfrica,Nuer,members of the same age-set,age-mates,members of the same age-set,age-mates,age_set,age_set,joking_relationship,symmetric,comradeship; joking and play among age-mates,,"Members of the same age-set are on terms of entire equality. A man does not stand on ceremony with his age-mates, but jokes, plays, and eats with them at his ease.",0.9,0.9,1,1,/Nuer_EvansPritchard_1940_257_KS,918,ehraf_v2
919,within_group,EasternAfrica,Nuer,mother-in-law,son-in-law,mother-in-law,son-in-law,kin_role,kin_role,joking_relationship,mixed,mother-in-law relationship,,"The mother-in-law relationship among the Nuer is a subject of mirth, and the foulest slips of the tongue are attributed to mothers-in-law when talking to their daughters' husbands.
A man may even joke with his mother-in-law when there are several children.",0.9,0.9,1,1,/Nuer_EvansPritchard_1951_100_KS,919,ehraf_v2
920,within_group,EasternAfrica,Nuer,a man,his wife's brother,a man,his wife's brother,kin_role,kin_role,joking_relationship,symmetric,jokingly curse one another,,"After the birth of children a man and his wife's brother can, if great friends, jokingly curse one another in obscene language.",0.9,0.9,1,1,/Nuer_EvansPritchard_1951_101_KS,920,ehraf_v2
921,within_group,EasternAfrica,Nuer,a man,his wife's sister,a man,his wife's sister,kin_role,kin_role,joking_relationship,symmetric,joke / exchange abusive language,,The only in-law whom a man need not at any time treat with reserve is his wife's sister. He can joke with her and even exchange abusive language with her.,0.9,0.9,1,1,/Nuer_EvansPritchard_1951_101_KS,921,ehraf_v2
922,within_group,EasternAfrica,Nuer,"gaatgwanlen, male ortho-cousins, the sons of brothers","gaatgwanlen, male ortho-cousins, the sons of brothers","gaatgwanlen, male ortho-cousins, the sons of brothers","gaatgwanlen, male ortho-cousins, the sons of brothers",kin_role,kin_role,joking_relationship,symmetric,joking or teasing relationship,gaatgwanlen,It is perhaps this contradiction between social bonds and personal feelings which gives rise to the joking or teasing relationship between ortho-cousins.,0.9,0.9,1,1,/Nuer_EvansPritchard_1951_159_KS,922,ehraf_v2
923,within_group,EasternAfrica,Nuer,nei ti gwagh,sons (young men),nei ti gwagh,sons (young men),kin_role,kin_role,joking_relationship,symmetric,licensed joking with unrelated people,nei ti gwagh,"The nei ti gwagh, the unrelated people, they can joke with and make love to without fear of censure or retribution, so long as they are not wives of other men, for fornication with an unrelated girl is not regarded with disapprobation.",0.8,0.8,1,1,/Nuer_EvansPritchard_1951_39_KS,923,ehraf_v2
924,within_group,EasternAfrica,Nuer,legal representatives of the bridegroom,bride's family,legal representatives of the bridegroom,bride's family,group,group,joking_relationship,symmetric,dwil koam joking,dwil koam,"After the dancing is over, those who are not closely related to either party go home, but the legal representatives of the bridegroom and the bride's family and some of their close kinsmen, both male and female, go into a but specially prepared for them which is known as the dwil koam for the occasion. There they sit all night joking and conversing with their hosts until dawn.",0.9,0.9,1,1,/Nuer_Howell_19xx_93_KS,924,ehraf_v2
925,within_group,EasternAfrica,Nuer,young people of the bridegroom's party,young people of the bride's party,young people of the bridegroom's party,young people of the bride's party,age_set,age_set,joking_relationship,symmetric,dwil twacni / dwil kwen courting badinage,dwil twacni; dwil kwen,"Another hut, known as the dwil twacni or dwil kwen, is set aside for the young people of both parties, and the bride and bridegroom, their gwan twac and ngi nyal, sit there with their friends and coevals singing and exchanging courting badinage all night through.",0.9,0.9,1,1,/Nuer_Howell_19xx_93_KS,925,ehraf_v2
941,within_group,EasternAfrica,Okiek,members of his own generation,members of his own generation,members of his own generation,members of his own generation,age_set,age_set,joking_relationship,symmetric,licensed liberties,"Kicupekei, kiurerencinkei, kiilencinkei","Between a man and the members of his own generation considerable latitude is allowed. As the Dorobo put it, Kicupekei, kiurerencinkei, kiilencinkei, ‘Kumin kon, ngut kum kamet’, amu ki lakok. (“We use bad language to one another, we play together, we say to each other, ‘May your father lie with you, or may you lie with your mother’, because we are children”, i. e. we are all of the same age.)",0.9,0.9,1,1,/Okiek_Huntingford_1951_35_KS,941,ehraf_v2
942,within_group,EasternAfrica,Okiek,brother,sister,brother,sister,kin_role,kin_role,joking_relationship,symmetric,,,"Between the sexes of the same generation there may be a perfectly innocuous intimacy, between brother and sister, between macokor, mama, and kesenda, which allows any kind of joking and language but stops short of actual sexual intercourse;",0.85,0.85,1,1,/Okiek_Huntingford_1951_35_KS,942,ehraf_v2
943,within_group,EasternAfrica,Okiek,macokor,mama,macokor,mama,kin_role,kin_role,joking_relationship,symmetric,,,"Between the sexes of the same generation there may be a perfectly innocuous intimacy, between brother and sister, between macokor, mama, and kesenda, which allows any kind of joking and language but stops short of actual sexual intercourse;",0.8,0.8,1,1,/Okiek_Huntingford_1951_35_KS,943,ehraf_v2
944,within_group,EasternAfrica,Okiek,macokor,kesenda,macokor,kesenda,kin_role,kin_role,joking_relationship,symmetric,,,"Between the sexes of the same generation there may be a perfectly innocuous intimacy, between brother and sister, between macokor, mama, and kesenda, which allows any kind of joking and language but stops short of actual sexual intercourse;",0.8,0.8,1,1,/Okiek_Huntingford_1951_35_KS,944,ehraf_v2
945,within_group,EasternAfrica,Okiek,mama,kesenda,mama,kesenda,kin_role,kin_role,joking_relationship,symmetric,,,"Between the sexes of the same generation there may be a perfectly innocuous intimacy, between brother and sister, between macokor, mama, and kesenda, which allows any kind of joking and language but stops short of actual sexual intercourse;",0.8,0.8,1,1,/Okiek_Huntingford_1951_35_KS,945,ehraf_v2
947,within_group,EasternAfrica,Okiek,men,women,men,women,group,group,joking_relationship,mixed,attempts to introduce male priority (joking),,"Faced with the challenge of women's own corresponding ritual community and ceremonial organization, men sometimes try to introduce an evaluative hierarchy and male priority into the trial and secrets of initiation as well. Some may claim that their pain is greater, or that shared themes in secret songs were taken from them by women. However, these attempts are usually joking or rather half-hearted, in partial recognition of their absurdity.",0.8,0.8,1,1,/Okiek_Kratz_1990_457_KS,947,ehraf_v2
948,within_group,EasternAfrica,Okiek,men,women's house of ritual,men,women's house of ritual,group,group,joking_relationship,non_symmetric,joking attacks,,"A certain ambivalence does emerge, however, as the situation highlights the contradiction and brings out the tension ordinarily defused by the dispersal of women. It emerges in the encouraging speeches made to girls, in side comments made during initiation ceremonies, and in joking attacks made by men on the women's house of ritual.",0.9,0.9,1,1,/Okiek_Kratz_1990_458_KS,948,ehraf_v2
949,within_group,EasternAfrica,Okiek,girls (initiates),audience (adults),girls (initiates),audience (adults),kin_role,group,joking_relationship,non_symmetric,pesenweek confessional teasing,pesenweek,"The confessions can be actuely embarrassing for initiates and uproariously funny for the audience. Girls are asked to describe times when they refused to help with work or to go on errands for adults, and to name those involved.",0.9,0.9,1,1,/Okiek_Kratz_1990_458_KS,949,ehraf_v2
950,within_group,EasternAfrica,Okiek,children,adults,children,adults,group,group,joking_relationship,mixed,pesenweek confessional teasing,pesenweek,"The child instigates a pesenta through disrespect and disobedience, but the actual threat originates in the adult's grudgeful anger. As pesenweek are told and then announced, blame shifts subtly from child to adult. ... it becomes a laughing matter. Adults are usually more than willing scapegoats, adding to the hilarity with other comments.",0.9,0.9,1,1,/Okiek_Kratz_1991_832_KS,950,ehraf_v2
962,within_group,EasternAfrica,Shilluk,drummers,dancers,drummers,dancers,group,group,joking_relationship,symmetric,mock terror signal-response,,"On each day, at the close of the ceremonies the drummers whisked the drums from their holes and rushed them out of the village. This was a signal to the dancers to disperse, and they did so with great speed and with mock terror. The spirit of the late reth was said to return on the drums being drawn, and hands were clapped by the onlookers as before.",0.6,0.6,1,1,/Shilluk_Howell_1946_26_KS,962,ehraf_v2
969,within_group,EasternAfrica,Somali,Garmagalä,Abg[unknown]al,Garmagalä,Abg[unknown]al,clan,clan,joking_relationship,unclear,jokes about the tradition of Salamo,,"The Garmagalä, ‘freed,’ jokes about the tradition of Sal[unknown]amo in order to call his brothers and Negroes, therefore, like him, the proud Abg[unknown]al pastoralists.",0.6,0.6,1,1,/Somali_Cerulli_1959_87_KS,969,ehraf_v2
970,within_group,EasternAfrica,Somali,Abgâl,‘Am[unknown]udi,Abgâl,‘Am[unknown]udi,clan,clan,joking_relationship,mixed,contrast/banter between clans,,"Ya[unknown]q[unknown]ub: I am Abgâl, I am one of the men who have been governing because of their ancestors... 

. The ‘Am[unknown]udi singer invites the Ya[unknown]q[unknown]ub to leave the city to the citizens; and in turn he jokes about the occupations of the Somalis of the woodland, cameleers or cultivators of the small clearings (g[unknown]of) or in the service of the Government with a badge of a red ribbon at the neck, which was worn at that time (cf. here above, p. 52).",0.8,0.8,1,1,/Somali_Cerulli_1959_92_KS,970,ehraf_v2
972,within_group,EasternAfrica,Somali,"Hawiyya tribes (Hawâdlä, B[unknown]adi ‘Addä, G[unknown]al-[unknown]gä‘el, M[unknown]obil[unknown]en, D[unknown]a[unknown]ud, Hilli[unknown]bi, Murúsada)",Gälädi (Digil),"Hawiyya tribes (Hawâdlä, B[unknown]adi ‘Addä, G[unknown]al-[unknown]gä‘el, M[unknown]obil[unknown]en, D[unknown]a[unknown]ud, Hilli[unknown]bi, Murúsada)",Gälädi (Digil),group,clan,joking_relationship,unclear,vaunt/poetic mockery,,"The middle stanzas are all devoted to Hawiyya tribes: [unknown] Haw[unknown]adlä, B[unknown]adi ‘Addä, G[unknown]al-[unknown]gä‘el, M[unknown]obil[unknown]en, D[unknown]a[unknown]ub, Hilli[unknown]bi, Murúsada. The last hemistich (minkäy ma koyto) imitates the dialect of the G[unknown]alädi.",0.75,0.75,1,1,/Somali_Cerulli_1959_93_KS,972,ehraf_v2
973,within_group,EasternAfrica,Somali,Hawiyya peoples,Murúsada,Hawiyya peoples,Murúsada,group,clan,teasing,non_symmetric,stereotyped as werewolves / mocked,,The verse refers to the widespread belief that the Murúsada were werewolves; and thus here they seem to have stolen the ferocity of the wild beasts.,0.6,0.6,1,1,/Somali_Cerulli_1959_96_KS,973,ehraf_v2
974,within_group,EasternAfrica,Somali,Hawiyya peoples,D[unknown]a[unknown]ud,Hawiyya peoples,D[unknown]a[unknown]ud,group,clan,banter,unclear,praised for hospitality,,"The D[unknown]a[unknown]ud are praised for the regard that they show toward guests. Cf. above, p. 95, note 6.",0.5,0.5,1,1,/Somali_Cerulli_1959_96_KS,974,ehraf_v2
975,within_group,EasternAfrica,Somali,Hawiyya peoples,Hilli[unknown]bi,Hawiyya peoples,Hilli[unknown]bi,group,clan,teasing,non_symmetric,mocked for frequent use of purgative,,And finally in this verse a joke is made about the frequency with which the Hilli[unknown]bi have recourse to a purgative beverage (digo[unknown]o) in their villages.,0.6,0.6,1,1,/Somali_Cerulli_1959_96_KS,975,ehraf_v2
976,within_group,EasternAfrica,Somali,Hawiyya peoples,D[unknown]ar[unknown]od,Hawiyya peoples,D[unknown]ar[unknown]od,group,clan,teasing,non_symmetric,mocked for impulsiveness,,"The D[unknown]ar[unknown]od, foreign to the Hawiyya peoples, to whom the singer belonged, are mocked for their impulsive reactions.",0.7,0.7,1,1,/Somali_Cerulli_1959_96_KS,976,ehraf_v2
978,within_group,EasternAfrica,Somali,nobles,commoners,nobles,commoners,group,group,insulting_license,non_symmetric,pejorative joking / degradation,"jareer, timo adag","The commoners are often talked about in contemptuous ways. Nearly all of the terms used for them are also pejoratives. ... Still, many of these terms, as well as their exegesis, are considered highly amusing by the nobles.",0.9,0.9,1,1,/Somali_Helander_1988_160_KS,978,ehraf_v2
494,within_group,NorthernAfrica,BerbersofMorocco,men,women,men,women,group,group,joking_relationship,symmetric,seasonal/carnival licensed joking,,"Grape picking is a season of carnival; the people sleep in the vineyards, and after and between intervals in weddings the men and women go up to the vineyards, where they joke, shout and shoot off guns, and play games; the men wrestle together, and the women and men form sides and throw stones at each other.",0.7,0.7,1,1,/BerbersofMorocco_Coon_1931_134_KS,494,ehraf_v2
752,within_group,NorthernAfrica,LibyanBedouin,women,husbands,women,husbands,kin_role,kin_role,joking_relationship,non_symmetric,,,Women make jokes to suggest detachment from and lack of interest in their husbands.,0.7,0.7,1,1,/LibyanBedouin_AbuLughod_1986_222_KS,752,ehraf_v2
753,within_group,NorthernAfrica,LibyanBedouin,co-wives,Safiyya,co-wives,Safiyya,kin_role,person,teasing,non_symmetric,joked,,"She had recited the other poem in the presence of a number of women, including her co-wives, who said nothing. When I asked her what the poem meant, one co-wife joked, “Go ask ‘the man’ when he comes home.”",0.7,0.7,1,1,/LibyanBedouin_AbuLughod_1986_227_KS,753,ehraf_v2
754,within_group,NorthernAfrica,LibyanBedouin,other women in the community,Safiyya,other women in the community,Safiyya,group,person,teasing,non_symmetric,nervous joking,,"The taped song elicited both the nervous joking of people embarrassed by a display of immodesty and the sympathetic noises of people who cared, understood her situation, and were moved by her recitation.",0.6,0.6,1,1,/LibyanBedouin_AbuLughod_1986_227_KS,754,ehraf_v2
756,within_group,NorthernAfrica,LibyanBedouin,aunt (Dhahab),niece (Kamla),aunt (Dhahab),niece (Kamla),kin_role,kin_role,banter,unclear,mocking / teasing,,"One evening, having recited some poetry and told some traditional tales for my benefit, Kamla’s aunt Dhahab turned to her niece and asked, “Hey Kamla, have you given Lila any songs?” ... Her aunt mocked her, “What’s this? You’ve become pious?” Everyone laughed as the old aunt continued, “God’s blessings! God’s blessings! So, you’re joining the ‘Beard Family’?”",0.4,0.4,1,1,/LibyanBedouin_AbuLughod_1993_235_KS,756,ehraf_v2
757,within_group,NorthernAfrica,LibyanBedouin,young men,father,young men,father,group,kin_role,joking_relationship,symmetric,joking relations,,"In their joking relations, young men usually refer to eachother’s father as being a dog or a theif or a cheat, but none could refer to the mother.",0.9,0.9,1,1,/LibyanBedouin_Mohsen_1974_130_KS,757,ehraf_v2
758,within_group,NorthernAfrica,LibyanBedouin,young men,mother,young men,mother,group,kin_role,avoidance,symmetric,taboo / prohibition,,"In their joking relations, young men usually refer to eachother’s father as being a dog or a theif or a cheat, but none could refer to the mother.",0.85,0.85,1,1,/LibyanBedouin_Mohsen_1974_130_KS,758,ehraf_v2
760,within_group,NorthernAfrica,LibyanBedouin,sister’s son,mother’s brother,sister’s son,mother’s brother,kin_role,kin_role,joking_relationship,symmetric,The sister’s son-mother’s brother relationship,,"With the mother’s brother a man enjoys all the freedoms he is denied in his relationships with his father and father’s brother. He is permitted to joke with him; they indulge in exchanges of obscenities. ... Small boys pursue their mother’s brother, feign to kick or strike him, and he takes it all in good part.",0.9,0.9,1,1,/LibyanBedouin_Peters_1990_201_KS,760,ehraf_v2
761,within_group,NorthernAfrica,LibyanBedouin,men,those linked through women (maternal relatives / affines),men,those linked through women (maternal relatives / affines),kin_role,kin_role,joking_relationship,unclear,,,"Women, the marriage links they create, the forms of relationships that derive from
marriage, the right of men to joke with others 72 by virtue of a link through
women, their rights to demand favours of men who are not their agnates, their
right to expect contributions to bridewealth or blood money from maternal
relatives — all these, and other forms of behaviour, have been dealt with as
patterns of behaviour which interfere with or disturb agnation, or that cut
across lineage affiliations.",0.7,0.7,1,1,/LibyanBedouin_Peters_1990_71_KS,761,ehraf_v2
762,within_group,NorthernAfrica,LibyanBedouin,mother's brother,sister's son,mother's brother,sister's son,kin_role,kin_role,joking_relationship,symmetric,characteristically easy relationship,,"Their reasoning, however, is that relationships with the mother’s brother are characteristically easy, that they are not demanding, that there is much joking in them, and that to kill within this range is, in terms of the general pattern of behaviour, stupid.",0.9,0.9,1,1,/LibyanBedouin_Peters_1990_72_KS,762,ehraf_v2
904,within_group,NorthernAfrica,Nubians,the groups of women,the groups of men,the groups of women,the groups of men,group,group,joking_relationship,symmetric,ṣabāhiyya / 'opening of the mouth' joking,ṣabāhiyya,"While the “opening of the mouth” ceremony was going on, much joking and loud laughter issued from both the groups of women and men. Sometimes, peepholes had been made into the bridal quarters so that watchers could report to the group how long the girl was able to bargain and thus delay consummation.",0.7,0.7,1,1,/Nubians_AlKatsha_1978_183_KS,904,ehraf_v2
905,within_group,NorthernAfrica,Nubians,fiancé,engaged girl,fiancé,engaged girl,kin_role,kin_role,joking_relationship,mixed,forbidden contact treated as a joke,,"Whatever the rationale underlying this prohibition, most men treated the custom as a joke and plotted to evade the rule. This often turned into a game, with some girls trying to help him while others warned his fiancée.",0.9,0.9,1,1,/Nubians_Callender_1971_50_KS,905,ehraf_v2
906,within_group,NorthernAfrica,Nubians,boys and young men,the groom,boys and young men,the groom,age_set,kin_role,joking_relationship,non_symmetric,,,"After the feast, boys and young men teased the groom by forcing him to stand. One of them walked up to him and offered a standard greeting, Salaama aleykam, ya arts. Greeted thus, he rose to his feet to respond properly, and could not sit again until the greeter told him to do so.",0.9,0.9,1,1,/Nubians_Callender_1971_61_KS,906,ehraf_v2
907,within_group,NorthernAfrica,Nubians,groom,bride,groom,bride,kin_role,kin_role,joking_relationship,mixed,agilbaygit (opening the mouth) contest,Agilbaygit,"Agilbaygit means literally “opening the mouth.” Most Kenuz seemed to view the transaction in these terms. Like the groom's opening his wife's shogga on their wedding night, it was regarded as a contest. A man might try to trick his wife into speaking by asking her how much money she wanted, and she had been warned to respond to any questions with gestures. A woman who spoke prematurely was teased.",0.9,0.9,1,1,/Nubians_Callender_1971_66_KS,907,ehraf_v2
908,within_group,NorthernAfrica,Nubians,women,women,women,women,group,group,joking_relationship,symmetric,standard jokes among women,,"This practice was also a common source of amusement and the subject of standard jokes among women, such as speculating about how much agilbaygit a man might give before he realized that he had married a woman who was dumb.",0.85,0.85,1,1,/Nubians_Callender_1971_66_KS,908,ehraf_v2
909,within_group,NorthernAfrica,Nubians,the women charged with bringing a bride to her husband,the groom,the women charged with bringing a bride to her husband,the groom,group,person,joking_relationship,non_symmetric,substitution prank / horseplay,,"Joking and horseplay were also prominent features of the days before the sebu. The women charged with bringing a bride to her husband on the night after their wedding sometimes substituted a boy, whom they had wrapped in a shogga.",0.9,0.9,1,1,/Nubians_Callender_1971_67_KS,909,ehraf_v2
910,within_group,NorthernAfrica,Nubians,young men,the groom,young men,the groom,group,person,joking_relationship,non_symmetric,slipper-theft ransom / spying,,"Young men used to climb up to push these aside and spy on the pair. They also tried to steal the couples' slippers, which were left outside the door at night—noiselessly slipping up to the door for this purpose, or standing outside the courtyard wall with a fishing rod and hook. If they succeeded, the groom had to give them pigeons as ransom before they would return the slippers.",0.95,0.95,1,1,/Nubians_Callender_1971_67_KS,910,ehraf_v2
911,within_group,NorthernAfrica,Nubians,women,newly-married couples,women,newly-married couples,group,group,joking_relationship,non_symmetric,eavesdropping / teasing,,"Women eavesdropped on newly-married couples, particularly on their first night, trying to learn how much time elapsed before the bride spoke, and what her first words were.",0.9,0.9,1,1,/Nubians_Callender_1971_67_KS,911,ehraf_v2
913,within_group,NorthernAfrica,Nubians,the two families,the two families,the two families,the two families,lineage,lineage,joking_relationship,symmetric,mock battle between the two families,,"Dancing recommenced near sunset, the two families involved in the wedding each slaughtered a sheep, and still another procession moved from the groom's to the bride's house amid great shouting, gunshot, and drumming. (In earlier times there was at this point a mock battle between the two families in which the groom and his escort were thrashed with whips.)",0.9,0.9,1,1,/Nubians_Kennedy_1977_40_KS,913,ehraf_v2
963,within_group,NorthernAfrica,Shluh,am[unknown]ar,men who 'want to be' am[unknown]ar (the am[unknown]ar manque9),am[unknown]ar,men who 'want to be' am[unknown]ar (the am[unknown]ar manque9),group,group,teasing,non_symmetric,"""but he wants to be one"" teasing",,"Invariably, my question was announced to the assembly and the comment made that “no, he isne isn't an am[unknown]ar , but he wants to be one”. This, needless to say, provoked great rounds of laughter, and most of all from the am[unknown]ar manqu",0.6,0.6,1,1,/Shluh_Hatt_1993_452_KS,963,ehraf_v2
1027,within_group,NorthernAfrica,Tuareg,male president,ahal attendees,male president,ahal attendees,group,group,insulting_license,non_symmetric,inflict forfeits as a joke,ahal,"When everyone has arrived, they elect a male president and a female president, whose job is to see that the usages and customs of the ahal are respected and, as a joke, to inflict forfeits on those who bring on themselves the recriminations of the others.",0.75,0.75,1,1,/Tuareg_Lhote_1944_148_KS,1027,ehraf_v2
1028,within_group,NorthernAfrica,Tuareg,cross-cousins,cross-cousins,cross-cousins,cross-cousins,kin_role,kin_role,joking_relationship,symmetric,joking relationship,,"The kinship system in Ahaggar is different from that in Air (fig. 8–9), but the rules of kinship behaviour are very much the same. Joking relationship between cross-cousins, and joking and avoidance between in-laws are practised also in Ahaggar.",0.9,0.9,1,1,/Tuareg_Nicolaisen_1959_106_KS,1028,ehraf_v2
1029,within_group,NorthernAfrica,Tuareg,in-laws,in-laws,in-laws,in-laws,kin_role,kin_role,joking_relationship,symmetric,joking and avoidance,,"The kinship system in Ahaggar is different from that in Air (fig. 8–9), but the rules of kinship behaviour are very much the same. Joking relationship between cross-cousins, and joking and avoidance between in-laws are practised also in Ahaggar.",0.85,0.85,1,1,/Tuareg_Nicolaisen_1959_106_KS,1029,ehraf_v2
1030,within_group,NorthernAfrica,Tuareg,Aġouh-en-Tehele,noble clans,Aġouh-en-Tehele,noble clans,clan,clan,joking_relationship,symmetric,joking with,,Other vassal clans and in particular the Aġouh-en-Tehele have joking with noble clans and also with clans of the Ise□emaren class.,0.9,0.9,1,1,/Tuareg_Nicolaisen_1959_106_KS,1030,ehraf_v2
1031,within_group,NorthernAfrica,Tuareg,Aġouh-en-Tehele,Ise□emaren,Aġouh-en-Tehele,Ise□emaren,clan,clan,joking_relationship,symmetric,joking with; fixed gift-exchange,,Other vassal clans and in particular the Aġouh-en-Tehele have joking with noble clans and also with clans of the Ise□emaren class. Between the Aġouh-en-Tehele and the Ise□emaren clans a fixed rule of gift-exchange is observed when they visit each other.,0.9,0.9,1,1,/Tuareg_Nicolaisen_1959_106_KS,1031,ehraf_v2
1032,within_group,NorthernAfrica,Tuareg,cross-cousins,cross-cousins,cross-cousins,cross-cousins,kin_role,kin_role,joking_relationship,symmetric,,,Finally cross-cousin marriage is considered the best type of marriage because institutional joking exists between cross-cousins.,0.95,0.95,1,1,/Tuareg_Nicolaisen_1959_89_KS,1032,ehraf_v2
1033,within_group,NorthernAfrica,Tuareg,brothers-in-law,sisters-in-law,brothers-in-law,sisters-in-law,kin_role,kin_role,joking_relationship,symmetric,,,"Among the Kel Ferouan joking between cross-cousins goes together with joking between brothers-in-law and sisters-in-law, and also with avoidance between children-in-law and parents-in-law.",0.9,0.9,1,1,/Tuareg_Nicolaisen_1959_89_KS,1033,ehraf_v2
1034,within_group,NorthernAfrica,Tuareg,man,mother's brother's wife,man,mother's brother's wife,kin_role,kin_role,joking_relationship,symmetric,,,It is also interesting that in most Kel Ferouan clans there is institutional joking between a man and his mother's brother's wife.,0.9,0.9,1,1,/Tuareg_Nicolaisen_1959_89_KS,1034,ehraf_v2
1035,within_group,NorthernAfrica,Tuareg,cross-cousins,cross-cousins,cross-cousins,cross-cousins,kin_role,kin_role,joking_relationship,symmetric,,,"A joking relationship similar to that of cross-cousins and of brothers and sisters-in-law, including sham-fights and minor “thefts”, existed between all noble Tuareg and all vassals of the Kel Ferouan group.",0.9,0.9,1,1,/Tuareg_Nicolaisen_1959_96_KS,1035,ehraf_v2
1036,within_group,NorthernAfrica,Tuareg,brothers and sisters-in-law,brothers and sisters-in-law,brothers and sisters-in-law,brothers and sisters-in-law,kin_role,kin_role,joking_relationship,symmetric,,,"A joking relationship similar to that of cross-cousins and of brothers and sisters-in-law, including sham-fights and minor “thefts”, existed between all noble Tuareg and all vassals of the Kel Ferouan group.",0.9,0.9,1,1,/Tuareg_Nicolaisen_1959_96_KS,1036,ehraf_v2
1037,within_group,NorthernAfrica,Tuareg,parents-in-law,children-in-law,parents-in-law,children-in-law,kin_role,kin_role,avoidance,symmetric,,,"These terms are always used reciprocally, and parents-in-law and children-in-law will avoid each other accordingly.",0.9,0.9,1,1,/Tuareg_Nicolaisen_1959_96_KS,1037,ehraf_v2
1038,within_group,NorthernAfrica,Tuareg,noble Tuareg,vassals of the Kel Ferouan group,noble Tuareg,vassals of the Kel Ferouan group,group,group,joking_relationship,mixed,,,"A joking relationship similar to that of cross-cousins and of brothers and sisters-in-law, including sham-fights and minor “thefts”, existed between all noble Tuareg and all vassals of the Kel Ferouan group.",0.95,0.95,1,1,/Tuareg_Nicolaisen_1959_96_KS,1038,ehraf_v2
1039,within_group,NorthernAfrica,Tuareg,drum-chief,vassals of the Kel Ferouan group,drum-chief,vassals of the Kel Ferouan group,person,group,joking_relationship,mixed,,,"Like other noble Tuareg he would not only associate with the vassals on intimate terms, but he would also joke with them. ... although joking was reciprocal it is said that the drum-chief could stop joking, in which case the vassals would “be afraid of him”.",0.9,0.9,1,1,/Tuareg_Nicolaisen_1959_96_KS,1039,ehraf_v2
1040,within_group,NorthernAfrica,Tuareg,vassals of the Kel Ferouan group,noble Tuareg of the Kel Fadei,vassals of the Kel Ferouan group,noble Tuareg of the Kel Fadei,group,group,avoidance,symmetric,,,Thus there would be no joking between vassals of the Kel Ferouan group and noble Tuareg of the Kel Fadei. In this latter case there would be avoidance or strict reserve.,0.9,0.9,1,1,/Tuareg_Nicolaisen_1959_96_KS,1040,ehraf_v2
1041,within_group,NorthernAfrica,Tuareg,Dag □ali,cross-cousins,Dag □ali,cross-cousins,clan,kin_role,joking_relationship,symmetric,,,"People of the Dag □ali to-day have no joking relationships with anyone beyond cross-cousins and brothers and sisters-in-law (cf. p. f., ff.).",0.9,0.9,1,1,/Tuareg_Nicolaisen_1963_402_KS,1041,ehraf_v2
1042,within_group,NorthernAfrica,Tuareg,Dag □ali,brothers and sisters-in-law,Dag □ali,brothers and sisters-in-law,clan,kin_role,joking_relationship,symmetric,,,"People of the Dag □ali to-day have no joking relationships with anyone beyond cross-cousins and brothers and sisters-in-law (cf. p. f., ff.).",0.9,0.9,1,1,/Tuareg_Nicolaisen_1963_402_KS,1042,ehraf_v2
1043,within_group,NorthernAfrica,Tuareg,Ise□emaren,noble Tuareg,Ise□emaren,noble Tuareg,group,group,joking_relationship,symmetric,,,"Most noble Tuareg and vassals will joke with the Ise□emaren, and there is a particular strong joking relationship between the vassal tribe Aġuh-en-tehlé and the Ise□emaren tribes.",0.9,0.9,1,1,/Tuareg_Nicolaisen_1963_402_KS,1043,ehraf_v2
1044,within_group,NorthernAfrica,Tuareg,Ise□emaren,vassals,Ise□emaren,vassals,group,group,joking_relationship,symmetric,,,"Most noble Tuareg and vassals will joke with the Ise□emaren, and there is a particular strong joking relationship between the vassal tribe Aġuh-en-tehlé and the Ise□emaren tribes.",0.9,0.9,1,1,/Tuareg_Nicolaisen_1963_402_KS,1044,ehraf_v2
1045,within_group,NorthernAfrica,Tuareg,Aġuh-en-tehlé,Ise□emaren,Aġuh-en-tehlé,Ise□emaren,clan,group,joking_relationship,symmetric,,,"Most noble Tuareg and vassals will joke with the Ise□emaren, and there is a particular strong joking relationship between the vassal tribe Aġuh-en-tehlé and the Ise□emaren tribes. Such joking relationships are functionally related to joking relationships between relatives and in-laws and a fixed gift-exchange is observed between Aġuh-en-tehlé Tuareg and Ise□emaren Tuareg when they visit each other.",0.95,0.95,1,1,/Tuareg_Nicolaisen_1963_402_KS,1045,ehraf_v2
1046,within_group,NorthernAfrica,Tuareg,Aġuh-en-tehlé,Kel □ela (noble Kel □ela Tuareg),Aġuh-en-tehlé,Kel □ela (noble Kel □ela Tuareg),clan,group,joking_relationship,symmetric,,tebbillant,The Aġuh-en-tehlé tribe has the most intense joking relationship to the noble Kel □ela Tuareg of all vassals. These vassals and the noble Kel □ela engage in shamfights (tebbillant) exactly in the same way as cross-cousins.,0.9,0.9,1,1,/Tuareg_Nicolaisen_1963_402_KS,1046,ehraf_v2
1047,within_group,NorthernAfrica,Tuareg,vassals,Kel □ela (noble Kel □ela Tuareg),vassals,Kel □ela (noble Kel □ela Tuareg),group,group,joking_relationship,symmetric,shamfights,tebbillant,These vassals and the noble Kel □ela engage in shamfights (tebbillant) exactly in the same way as cross-cousins.,0.9,0.9,1,1,/Tuareg_Nicolaisen_1963_402_KS,1047,ehraf_v2
1048,within_group,NorthernAfrica,Tuareg,noble Tuareg,vassals of the Kel Ferwan group,noble Tuareg,vassals of the Kel Ferwan group,caste,caste,joking_relationship,mixed,adélen,adélen; address as abubaz (ibubazen),"A joking-relationship (adélen) related to that of cross-cousins and brothers and sisters-in-law, including sham-fights and minor “thefts”, existed between all noble Tuareg and all vassals of the Kel Ferwan group.",0.95,0.95,1,1,/Tuareg_Nicolaisen_1963_429_KS,1048,ehraf_v2
1050,within_group,NorthernAfrica,Tuareg,all Tuareg,slaves,all Tuareg,slaves,ethnic group,caste,joking_relationship,symmetric,,abubaz (ibubazen),"This is true also of present day joking between noble Tuareg and vassals, and between all Tuareg and various black-skinned people such as the Imeggedezen and even slaves.",0.85,0.85,1,1,/Tuareg_Nicolaisen_1963_429_KS,1050,ehraf_v2
1051,within_group,NorthernAfrica,Tuareg,cross-cousins,brothers and sisters-in-law,cross-cousins,brothers and sisters-in-law,kin_role,kin_role,joking_relationship,symmetric,adélen,adélen; address as abubaz (ibubazen),"A joking-relationship (adélen) related to that of cross-cousins and brothers and sisters-in-law, including sham-fights and minor “thefts”, existed between all noble Tuareg and all vassals of the Kel Ferwan group.",0.85,0.85,1,1,/Tuareg_Nicolaisen_1963_429_KS,1051,ehraf_v2
1052,within_group,NorthernAfrica,Tuareg,certain vassal tribes,tribes of the Ise□emaren class,certain vassal tribes,tribes of the Ise□emaren class,clan,clan,joking_relationship,unclear,institutional joking,,"If on the other hand two tribes have institutional joking with one another, as is the case with certain vassal tribes in relation to tribes of the Ise□emaren class, there will also be joking between their slaves.",0.9,0.9,1,1,/Tuareg_Nicolaisen_1963_445_KS,1052,ehraf_v2
1053,within_group,NorthernAfrica,Tuareg,Tuareg,slaves,Tuareg,slaves,ethnic group,caste,joking_relationship,mixed,joking relationship,,"In spite of the kinship pattern on which the relationships of Tuareg slaves and slave-owners is based, it is most noteworthy that there is always latent joking between them, as there is between many different classes and castes in Tuareg society. On certain occasions a Tuareg slave owner will joke freely even with his young or older slaves, though he will never joke with his children who have to show their father the outmost respect.",0.95,0.95,1,1,/Tuareg_Nicolaisen_1963_445_KS,1053,ehraf_v2
1054,within_group,NorthernAfrica,Tuareg,noble Tuareg,slaves,noble Tuareg,slaves,patronym,caste,joking_relationship,unclear,,,The noble Tuareg may also joke with slaves but seem less inclined to do so than Tuareg of other classes.,0.85,0.85,1,1,/Tuareg_Nicolaisen_1963_445_KS,1054,ehraf_v2
1055,within_group,NorthernAfrica,Tuareg,true cross-cousins,classificatory cross-cousins,true cross-cousins,classificatory cross-cousins,kin_role,kin_role,joking_relationship,symmetric,tehan□e□it / adélen,tehan□e□it; adélen,"There is a joking relationship (tehan□e□it in Ahaggar, adélen in Ayr) between all true and classificatory cross-cousins. This joking relationship allows free talk about sexual matters, and when cros-cousins tease each other they frequently refer to matters of sexual life, e.g., “You sleep with old slave women!”",0.95,0.95,1,1,/Tuareg_Nicolaisen_1963_454_KS,1055,ehraf_v2
1056,within_group,NorthernAfrica,Tuareg,brothers-in-law,sisters-in-law,brothers-in-law,sisters-in-law,kin_role,kin_role,joking_relationship,symmetric,,tehan□e□it; adélen,The same type of joking exists between brothers-in-law and sisters-in-law in Ahaggar and in Ayr.,0.9,0.9,1,1,/Tuareg_Nicolaisen_1963_454_KS,1056,ehraf_v2
1057,within_group,NorthernAfrica,Tuareg,mother's brother's wife,husband's sisters' children,mother's brother's wife,husband's sisters' children,kin_role,kin_role,joking_relationship,mixed,adélen (institutional joking relationship),adélen,For in Ayr there is an institutional joking relationship (adélen) with the wives of mother's brothers including the spouses of the classificatory mother's brothers. This type of joking is similar to that of cross-cousins. The initiative for joking is taken by the mother's brother's wife who begins to tease her husband's sisters' children even when they are babies.,0.9,0.9,1,1,/Tuareg_Nicolaisen_1963_455_KS,1057,ehraf_v2
1058,within_group,NorthernAfrica,Tuareg,cross-cousins,cross-cousins,cross-cousins,cross-cousins,kin_role,kin_role,joking_relationship,symmetric,,,"This type of joking is similar to that of cross-cousins. ... In addition, cross-cousins, as mentioned above, can take each other's property.",0.8,0.8,1,1,/Tuareg_Nicolaisen_1963_455_KS,1058,ehraf_v2
1059,within_group,NorthernAfrica,Tuareg,a man inheriting his parents' kinship status,classificatory cross-cousins,a man inheriting his parents' kinship status,classificatory cross-cousins,kin_role,kin_role,joking_relationship,symmetric,joking relationships,,"it is normal for a man to inherit the kinship status of his parents on their death, in the way that he adopts their joking relationships with their classificatory cross-cousins, but he will never inherit a joking relationship with the true cross-cousins of his deceased father and mother.",0.9,0.9,1,1,/Tuareg_Nicolaisen_1963_456_KS,1059,ehraf_v2
1060,within_group,NorthernAfrica,Tuareg,male cross-cousin,female cross-cousin,male cross-cousin,female cross-cousin,kin_role,kin_role,joking_relationship,symmetric,institutional joking relationship,,"The institutionial joking relationship between cross-cousins is considered an important institution in preventing conflicts between married partners. ... There is no doubt at all that cross-cousins of both sexes are extremely good friends. They do not joke just to annoy each other, and when joking they laugh and feel very pleased.",0.9,0.9,1,1,/Tuareg_Nicolaisen_1963_459_KS,1060,ehraf_v2
1061,within_group,NorthernAfrica,Tuareg,cross-cousins,each other,cross-cousins,each other,kin_role,kin_role,joking_relationship,symmetric,,,"Parallel cousins are termed brothers and sisters, while there is a particular term for cross-cousins and between them an institutional joking relationship which facilitates contact and marriage.",0.95,0.95,1,1,/Tuareg_Nicolaisen_1963_465_KS,1061,ehraf_v2
1062,within_group,NorthernAfrica,Tuareg,people in terejjek,each other,people in terejjek,each other,group,group,joking_relationship,symmetric,terejjek (courtship) joking,terejjek,"The Tuareg seem to admit that one function of joking between cross-cousins is to promote marriages between them, and they say that in the period during which a man and a woman are in love with each other before marriage — a period which is known to the Kel Ferwan Tuareg as terejjek — there will always be joking between them even though the two persons are unrelated.",0.9,0.9,1,1,/Tuareg_Nicolaisen_1963_465_KS,1062,ehraf_v2
1063,within_group,NorthernAfrica,Tuareg,person,brothers and sisters-in-law,person,brothers and sisters-in-law,kin_role,kin_role,joking_relationship,symmetric,,,"When a man marries a cross-cousin, his cross-cousins will become brothers and sisters-in-law with whom joking continues, and there will always be joking with the brothers and sisters of a spouse unless a man marries a particular kinswoman (cf. p. ).",0.9,0.9,1,1,/Tuareg_Nicolaisen_1963_465_KS,1063,ehraf_v2
1064,within_group,NorthernAfrica,Tuareg,male cross-cousin,female cross-cousin,male cross-cousin,female cross-cousin,kin_role,kin_role,joking_relationship,symmetric,institutional joking between cross-cousins,,"In case of cross-cousins of different sex, the difference in age does not seem to diminish joking between them, and it is most interesting that the Kel Regulation Of Ferwan Tuareg have an institutional joking relationship in the case of a Marriage mother's brother's wife (cf. p. ).",0.9,0.9,1,1,/Tuareg_Nicolaisen_1963_466_KS,1064,ehraf_v2
1065,within_group,NorthernAfrica,Tuareg,man,mother's brother's wife,man,mother's brother's wife,kin_role,kin_role,joking_relationship,symmetric,institutional joking with mother's brother's wife,,it is most interesting that the Kel Regulation Of Ferwan Tuareg have an institutional joking relationship in the case of a Marriage mother's brother's wife ... it seems as if joking between a man and his mother's brother's wife serves the purpose of preventing conflicts and creating a bond of friendship between a man and his future mother-in-law.,0.95,0.95,1,1,/Tuareg_Nicolaisen_1963_466_KS,1065,ehraf_v2
1066,within_group,NorthernAfrica,Tuareg,man,brothers-in-law,man,brothers-in-law,kin_role,kin_role,joking_relationship,symmetric,joking with brothers-in-law,,"If a man marries a woman with whom he has no blood relationship he will practise joking with his brothers-in-law and sisters-in-law, and avoidance towards his parents-in-law.",0.9,0.9,1,1,/Tuareg_Nicolaisen_1963_466_KS,1066,ehraf_v2
1067,within_group,NorthernAfrica,Tuareg,man,sisters-in-law,man,sisters-in-law,kin_role,kin_role,joking_relationship,symmetric,joking with sisters-in-law,,"If a man marries a woman with whom he has no blood relationship he will practise joking with his brothers-in-law and sisters-in-law, and avoidance towards his parents-in-law.",0.9,0.9,1,1,/Tuareg_Nicolaisen_1963_466_KS,1067,ehraf_v2
1068,within_group,NorthernAfrica,Tuareg,parents-in-law,children-in-law,parents-in-law,children-in-law,kin_role,kin_role,joking_relationship,mixed,joking and avoidance between in-laws,,"Joking and avoidance between Tuareg in-laws no doubt constitute a fixed system of behaviour adapted to a particular marriage type ... he will practise joking with his brothers-in-law and sisters-in-law, and avoidance towards his parents-in-law.",0.9,0.9,1,1,/Tuareg_Nicolaisen_1963_466_KS,1068,ehraf_v2
1069,within_group,NorthernAfrica,Tuareg,husband's family,wife's family,husband's family,wife's family,kin_role,kin_role,joking_relationship,symmetric,,,"When two people divorce they continue to have each other's relations as in-laws with whom they have joking and avoidance exactly as if they were still married, and the children continue to have their full rights within both families.",0.8,0.8,1,1,/Tuareg_Nicolaisen_1963_468_KS,1069,ehraf_v2
1070,within_group,NorthernAfrica,Tuareg,the fathers of the groom,the fathers of the bride,the fathers of the groom,the fathers of the bride,kin_role,kin_role,joking_relationship,symmetric,institutional joking relationship,,"the fathers of the groom and the bride are cross-cousins and/or brothers-in-law, and consequently there is an institutional joking relationship between them.",0.9,0.9,1,1,/Tuareg_Nicolaisen_1963_470_KS,1070,ehraf_v2
1071,within_group,NorthernAfrica,Tuareg,male cross-cousin (groom),female cross-cousin (bride),male cross-cousin (groom),female cross-cousin (bride),kin_role,kin_role,joking_relationship,symmetric,joking relationship,,Until their marriage the groom and the bride had a joking relationship to one another.,0.95,0.95,1,1,/Tuareg_Nicolaisen_1963_474_KS,1071,ehraf_v2
1072,within_group,NorthernAfrica,Tuareg,husband,mother's brother's wife,husband,mother's brother's wife,kin_role,kin_role,joking_relationship,non_symmetric,,,In Ayr the husband changes his joking relations with mother's brother's wife into avoidance.,0.9,0.9,1,1,/Tuareg_Nicolaisen_1963_474_KS,1072,ehraf_v2
1073,within_group,NorthernAfrica,Tuareg,newly-married husband,brothers-in-law,newly-married husband,brothers-in-law,kin_role,kin_role,joking_relationship,symmetric,,,"To other brothers-in-law and sisters-in-law, joking is adopted only after marriage.",0.8,0.8,1,1,/Tuareg_Nicolaisen_1963_474_KS,1073,ehraf_v2
1074,within_group,NorthernAfrica,Tuareg,newly-married wife,sisters-in-law,newly-married wife,sisters-in-law,kin_role,kin_role,joking_relationship,symmetric,,,"To other brothers-in-law and sisters-in-law, joking is adopted only after marriage.",0.8,0.8,1,1,/Tuareg_Nicolaisen_1963_474_KS,1074,ehraf_v2
1075,within_group,NorthernAfrica,Tuareg,mother-in-law,wife,mother-in-law,wife,kin_role,kin_role,joking_relationship,unclear,joking (vs avoidance),,"There will then already be a relationship of respect between husband and wife, a respect relationship to brothers-in-law and sisters-in-law which continues unchanged, and in Ayr the relationship to the mother-in-law does not switch from joking into avoidance.",0.8,0.8,1,1,/Tuareg_Nicolaisen_1963_475_KS,1075,ehraf_v2
1076,within_group,NorthernAfrica,Tuareg,newly-married daughter,mother-in-law,newly-married daughter,mother-in-law,kin_role,kin_role,joking_relationship,non_symmetric,,,"So the verses encapsulate the contemporary conflict between economics and descent, and division between rich and poor nobility. A man loses his material wealth in the long run, and also his self-respect, if he doesn't please his mother-in-law through gifts. Yet official authority figures such as mothers-in-law and marabouts are also the butt of jokes and vengeful fantasies; they are put down indirectly in verbal art of folktales, possession songs, and riddles. The daughter is caught in the middle of the cross-fire between, first her suitor, the marabout, and her parents, and later, between her husband and her mother. She and her mother feed the husband, it is true, but the latter is nonetheless subjected to continual demands for millet and household implements from his mother-in-law, almost at whim. The newly-married daughter cannot please both her new husband and her mother.",0.85,0.85,1,1,/Tuareg_Rasmussen_1991_40_KS,1076,ehraf_v2
1077,within_group,NorthernAfrica,Tuareg,women,marabouts,women,marabouts,group,caste,joking_relationship,non_symmetric,,,"It also expresses a resentment toward authority figures (marabouts and noble men), who command official respect and yet do not always fulfill their obligations toward women. ... Yet official authority figures such as mothers-in-law and marabouts are also the butt of jokes and vengeful fantasies; they are put down indirectly in verbal art of folktales, possession songs, and riddles.",0.8,0.8,1,1,/Tuareg_Rasmussen_1991_40_KS,1077,ehraf_v2
1078,within_group,NorthernAfrica,Tuareg,women,imalayaden,women,imalayaden,group,group,joking_relationship,non_symmetric,,imalayaden,"It says, in effect, “Women, your problems are irritating, but nothing in comparison to the real problem: male outsiders in your tent.” The term used here for young men, imalayaden, is pejorative; it connotes those who deceive women and make false promises to marry, using misleading economic claims to do so.",0.8,0.8,1,1,/Tuareg_Rasmussen_1991_40_KS,1078,ehraf_v2
1079,within_group,NorthernAfrica,Tuareg,cross-cousins,potential marriage partners (cross-cousins),cross-cousins,potential marriage partners (cross-cousins),kin_role,kin_role,joking_relationship,symmetric,joking with,,"One is not supposed to express anger directly to anyone, but in particular, in respect toward affines and in joking with cross-cousins, potential marriage partners.",0.9,0.9,1,1,/Tuareg_Rasmussen_1991_41_KS,1079,ehraf_v2
1080,within_group,NorthernAfrica,Tuareg,future affines,groom,future affines,groom,kin_role,kin_role,joking_relationship,symmetric,,Tagenagen,"The groom asked his sister where the bride was in Tagenagen because he did not wish to be understood by everyone present; the spectators included many future affines, toward whom he would soon practice extreme respect, but with whom he now could joke.",0.9,0.9,1,1,/Tuareg_Rasmussen_1991_43_KS,1080,ehraf_v2
1081,within_group,NorthernAfrica,Tuareg,women,men,women,men,group,group,insulting_license,non_symmetric,ridicule,,"On the other hand, men dread women's ridicule because they hold power over men's personal esteem in public reputation as proclaimed in poetry and song, as well as the power to throw them out of the domestic tent.",0.7,0.7,1,1,/Tuareg_Rasmussen_1991_43_KS,1081,ehraf_v2
1082,within_group,NorthernAfrica,Tuareg,blacksmiths,other Tuareg (general community),blacksmiths,other Tuareg (general community),caste,group,banter,unclear,licensed liberties,,"All Tuareg, except blacksmiths who are free from constraint of reserve and dignity, attempt to measure words, and avoid commenting about everything happening around them.",0.5,0.5,1,1,/Tuareg_Rasmussen_1991_43_KS,1082,ehraf_v2
1083,within_group,NorthernAfrica,Tuareg,nobles,smiths,nobles,smiths,group,caste,joking_relationship,symmetric,,,"Next, men of diverse origins approach the circle of singing smiths, each offering money, tea, sugar, and millet, while smiths mock each social segment. The men perform dances identified with different social strata; for example, noble men do a dance called “Foot, do nothing,” as smiths lament, “feet without shoes,” and sing “I do not want jealousy of slaves or smiths.”",0.9,0.9,1,1,/Tuareg_Rasmussen_1992_353_KS,1083,ehraf_v2
1084,within_group,NorthernAfrica,Tuareg,nobles,former slaves,nobles,former slaves,group,group,joking_relationship,symmetric,,,"This ritual mutual and self-debasement evokes servitude yet simultaneously separates and brings together the different social segments... Joking and familiarity are practiced between nobles, smiths, and former slaves, who are not supposed to intermarry.",0.9,0.9,1,1,/Tuareg_Rasmussen_1992_353_KS,1084,ehraf_v2
1085,within_group,NorthernAfrica,Tuareg,smiths,former slaves,smiths,former slaves,caste,group,joking_relationship,symmetric,,,"The different social segments come together genially to exaggerate their affection... Joking and familiarity are practiced between nobles, smiths, and former slaves, who are not supposed to intermarry.",0.9,0.9,1,1,/Tuareg_Rasmussen_1992_353_KS,1085,ehraf_v2
1086,within_group,NorthernAfrica,Tuareg,cross-cousins,each other,cross-cousins,each other,kin_role,kin_role,joking_relationship,symmetric,,,"But joking is also practiced between cross-cousins, who are potential marriage partners, and in certain contexts smiths and former slaves are said to be “like cousins to nobles.”",0.95,0.95,1,1,/Tuareg_Rasmussen_1992_353_KS,1086,ehraf_v2
1087,within_group,NorthernAfrica,Tuareg,smiths,"nobles (""like cousins to nobles"")",smiths,"nobles (""like cousins to nobles"")",caste,group,joking_relationship,unclear,like cousins,,"But joking is also practiced between cross-cousins, who are potential marriage partners, and in certain contexts smiths and former slaves are said to be “like cousins to nobles.”",0.85,0.85,1,1,/Tuareg_Rasmussen_1992_353_KS,1087,ehraf_v2
1088,within_group,NorthernAfrica,Tuareg,nobles,smiths,nobles,smiths,caste,caste,joking_relationship,symmetric,protected people / joking relationship,,"Noble violence against smiths is traditionally rare because they are a protected people against whom it is not appropriate to express anger without denigrating oneself. In my early field research in the 1970s and 80s, many Tuareg described smiths as ‘like women … also like cousins (who practise a joking relationship and also may potentially marry) … you must not get angry at them, but (rather) joke with them’.",0.9,0.9,1,1,/Tuareg_Rasmussen_2004_328_KS,1088,ehraf_v2
1089,within_group,NorthernAfrica,Tuareg,cousins,cousins,cousins,cousins,kin_role,kin_role,joking_relationship,symmetric,,,"many Tuareg described smiths as ‘like women … also like cousins (who practise a joking relationship and also may potentially marry) … you must not get angry at them, but (rather) joke with them’.",0.8,0.8,1,1,/Tuareg_Rasmussen_2004_328_KS,1089,ehraf_v2
1090,within_group,NorthernAfrica,Tuareg,abobaz,abobaz,abobaz,abobaz,kin_role,kin_role,joking_relationship,symmetric,joking relationships with cousins,abobaz,"The most frequently heard kinship term is abobaz, denoting “cousin,” used in a classificatory sense. ... There are joking relationships with cousins; relationships with affines are characterized by extreme reserve.",0.9,0.9,1,1,/Tuareg_Rasmussen_2010_6_KS,1090,ehraf_v2
1091,within_group,NorthernAfrica,Tuareg,maternal uncles,small children,maternal uncles,small children,kin_role,kin_role,joking_relationship,non_symmetric,play and joke,,"Fathers are considered disciplinarians, yet other men, particularly maternal uncles, often play and joke with small children.",0.9,0.9,1,1,/Tuareg_Rasmussen_2010_7_KS,1091,ehraf_v2
1096,within_group,SouthernAfrica,bemba,a man,his wife's sisters,a man,his wife's sisters,kin_role,kin_role,joking_relationship,symmetric,,,There are no taboos between a man and his wife’s sisters. He laughs and jokes with them because he may one day marry them.,0.9,0.9,1,1,/bemba_richards_131_sv,1096,ehraf_v2
1097,within_group,SouthernAfrica,bemba,sons-in-law attached to one household,sons-in-law attached to one household (other co-husbands),sons-in-law attached to one household,sons-in-law attached to one household (other co-husbands),kin_role,kin_role,joking_relationship,symmetric,Ciufi munandi,Ciufi munandi,"Between the sons-in-law attached to one household there is a feeling of close friendship and familiarity. These young men eat and work together, and the term Ciufi munandi, ‘the man who married with me’, or into the same family, is one of affection and good fellowship.",0.9,0.9,1,1,/bemba_richards_131_sv,1097,ehraf_v2
1098,within_group,SouthernAfrica,bemba,Banungwe,opposite clans (Banungwe),Banungwe,opposite clans (Banungwe),clan,clan,joking_relationship,symmetric,opposite clans,Banungwe,"Opposite clans performing reciprocal ritual duties and standing in a joking relationship to each other have been reported among several of the Central Comparative Evidence Bantu tribes, 1 but the distribution of this type of clan organization in Central and East Africa is as yet unknown, and the whole phenomenon has never been fully described to my knowledge. I am therefore publishing the following notes on the Banungwe, 2 or opposite clans of the Bemba of N.E. Rhodesia in the hope of eliciting further comparative information on the subject.",0.8,0.8,1,1,/bemba_richards_188_sv,1098,ehraf_v2
1099,within_group,SouthernAfrica,bemba,crocodile clan,fish clan,crocodile clan,fish clan,clan,clan,joking_relationship,symmetric,banungwe / joking antagonism,Mwe mulwani mwe!,"Banungwe regularly address each other as ‘You, my enemy!’ ( Mwe mulwani mwe! ) and delight in laughter at the habits of the objects, whether animal or plant, of the opposite clan. A member of the crocodile clan will scoff at one of the fish people and deride him as, ‘You! You are just my food ration!’ ( poso, the word used for a government ration given to employees).",0.9,0.9,1,1,/bemba_richards_190_sv,1099,ehraf_v2
1100,within_group,SouthernAfrica,bemba,fish clan,Paramount Chief,fish clan,Paramount Chief,clan,person,joking_relationship,non_symmetric,formalized court joking / dramatized antagonism,mukabilo,"At the court of the Paramount Chief this type of joking relationship has been formalized, and the head of the fish clan, a mukabilo, or hereditary priest of the tribal ancestral spirits, must dramatize the joking antagonism between the two clans by appearing in special regalia each time he visits the chief, and threatening him with a broad-bladed fishing spear.",0.9,0.9,1,1,/bemba_richards_190_sv,1100,ehraf_v2
1101,within_group,SouthernAfrica,bemba,dog clan,Paramount Chief,dog clan,Paramount Chief,clan,person,joking_relationship,non_symmetric,protective joking performance,,"On such occasions the Paramount is protected by the head of the dog clan, who has to dance in front of him, pretending to bark in defence of his master.",0.9,0.9,1,1,/bemba_richards_190_sv,1101,ehraf_v2
1102,within_group,SouthernAfrica,bemba,mfula,"clans with plant names (the millet clans, the gourd, the mushroom clans, the grass, the tree, etc.)",mfula,"clans with plant names (the millet clans, the gourd, the mushroom clans, the grass, the tree, etc.)",clan,clan,joking_relationship,symmetric,banungwe,banungwe,"the rain clan ( mfula ) counts as its opposite numbers all the clans with plant names (the millet clans, the gourd, the mushroom clans, the grass, the tree, etc.) since plants cannot grow without rain.",0.9,0.9,1,1,/bemba_richards_190a_sv,1102,ehraf_v2
1103,within_group,SouthernAfrica,bemba,fish clan,rain people,fish clan,rain people,clan,clan,joking_relationship,symmetric,banungwe,banungwe,"The fish clan members are also banungwe to the rain people, since fish only spawn when the rain has begun to fall.",0.9,0.9,1,1,/bemba_richards_190a_sv,1103,ehraf_v2
1104,within_group,SouthernAfrica,bemba,iron people,"clans with the names of animals hunted or killed with iron spears or arrows (elephant, lion, leopard, etc.)",iron people,"clans with the names of animals hunted or killed with iron spears or arrows (elephant, lion, leopard, etc.)",clan,clan,joking_relationship,symmetric,banungwe,banungwe,"The iron people reckon themselves banungwe to members of all clans with the names of animals hunted or killed with iron spears or arrows, i.e., the elephant, lion, leopard, etc.",0.9,0.9,1,1,/bemba_richards_190a_sv,1104,ehraf_v2
1105,within_group,SouthernAfrica,bemba,animal clans,iron people,animal clans,iron people,clan,clan,joking_relationship,symmetric,reciprocal relations / banungwe,banungwe,"The animal clans also have reciprocal relations not only with the iron people, but with any mukoa named after an animal smaller than itself which forms its prey ( e.g., the lion and goat)...",0.9,0.9,1,1,/bemba_richards_190a_sv,1105,ehraf_v2
1106,within_group,SouthernAfrica,bemba,lion,goat,lion,goat,clan,clan,joking_relationship,symmetric,reciprocal relations / banungwe,banungwe,"The animal clans also have reciprocal relations ... with any mukoa named after an animal smaller than itself which forms its prey ( e.g., the lion and goat)...",0.9,0.9,1,1,/bemba_richards_190a_sv,1106,ehraf_v2
1107,within_group,SouthernAfrica,bemba,mourning clan,all the clans,mourning clan,all the clans,clan,group,joking_relationship,unclear,banungwe,banungwe,The members of the mourning clan laughingly assert they are banungwe of all the clans since they are experts in mortuary ritual! —one of the reciprocal functions performed by banungwe .,0.85,0.85,1,1,/bemba_richards_190a_sv,1107,ehraf_v2
1108,within_group,SouthernAfrica,bemba,banungwe (opposite clans),mourning family (mourners),banungwe (opposite clans),mourning family (mourners),group,group,joking_relationship,non_symmetric,banungwe duties / funeral taunting,banungwe,"The banungwe of a dead man’s family both help and harass him at the burial ceremony.... They also taunt them at the funeral, irritate them and make jokes.",0.9,0.9,1,1,/bemba_richards_190a_sv,1108,ehraf_v2
1109,within_group,SouthernAfrica,bemba,millet clan,royal crocodile clan,millet clan,royal crocodile clan,clan,clan,joking_relationship,symmetric,banungwe,banungwe,"A member of the millet clan is still appointed as the Shimwalule, or hereditary burier, of the principal chiefs of the Bemba to-day, and he is still responsible for the final and most powerful rain ceremony... the millet clan are never described simply as the banungwe of the royal crocodile clan,",0.9,0.9,1,1,/bemba_richards_192_sv,1109,ehraf_v2
1110,within_group,SouthernAfrica,bemba,Wild Pig clan (ngulube),royal clan (tree clan ngoma),Wild Pig clan (ngulube),royal clan (tree clan ngoma),clan,clan,joking_relationship,symmetric,banungwe,banungwe,"Thus Chief Matipa on Cilubi Island is buried by the head of the Wild Pig clan ( ngulube ) who are banungwe of the royal clan of that island, which is the tree clan ( ngoma ),",0.9,0.9,1,1,/bemba_richards_192_sv,1110,ehraf_v2
1111,within_group,SouthernAfrica,bemba,iron,elephant,iron,elephant,clan,clan,joking_relationship,symmetric,banungwe,banungwe,"Then he stops to think and adds more names, and then proceeds to argue with himself, for instance, that if iron is [p. (b)] hostile to the elephant, it must be the enemy of the leopard, the wild pig or the lion too.",0.8,0.8,1,1,/bemba_richards_193_sv,1111,ehraf_v2
1112,within_group,SouthernAfrica,bemba,iron,leopard,iron,leopard,clan,clan,joking_relationship,symmetric,banungwe,banungwe,"Then he stops to think and adds more names, and then proceeds to argue with himself, for instance, that if iron is [p. (b)] hostile to the elephant, it must be the enemy of the leopard, the wild pig or the lion too.",0.8,0.8,1,1,/bemba_richards_193_sv,1112,ehraf_v2
1113,within_group,SouthernAfrica,bemba,iron,the wild pig,iron,the wild pig,clan,clan,joking_relationship,symmetric,banungwe,banungwe,"Then he stops to think and adds more names, and then proceeds to argue with himself, for instance, that if iron is [p. (b)] hostile to the elephant, it must be the enemy of the leopard, the wild pig or the lion too.",0.75,0.75,1,1,/bemba_richards_193_sv,1113,ehraf_v2
1114,within_group,SouthernAfrica,bemba,iron,lion,iron,lion,clan,clan,joking_relationship,symmetric,banungwe,banungwe,"Then he stops to think and adds more names, and then proceeds to argue with himself, for instance, that if iron is [p. (b)] hostile to the elephant, it must be the enemy of the leopard, the wild pig or the lion too.",0.75,0.75,1,1,/bemba_richards_193_sv,1114,ehraf_v2
1115,within_group,SouthernAfrica,bemba,men of the Crocodile,Mpende clan,men of the Crocodile,Mpende clan,clan,clan,joking_relationship,symmetric,rag with / joke with,ukucena,"This, he said, was to please the imipashi ( ukusekeshye mipashi ). When the first fish were caught three were put in the ulufuba for the imipashi . 'Nowadays,' he added, 'we are Christians. We do not build nfuba . We tie knots in the grass instead to imitate ( kupashyana ) an ulufuba . That is our sacred place ( E pa musumba! ) where we put the fish. A native of Shiwa Dandu confirmed this form of the rite. He said it was good to joke with the imipashi as men do with members of the opposite clan (Banungwe) and say to them after calling on them, 'You are the Mpende clan ( mpende is a big fish that eats little ones, mpepe ). You eat mpepe! Muli bene mpende! ) Mulya ne mpepe! This is the way men of the Crocodile rag with the fish clan, pretending they are going to eat them, and it is good to joke ( ukucena ) with the imipashi in this way.'",0.8,0.8,1,1,/bemba_richards_337_sv,1115,ehraf_v2
1116,within_group,SouthernAfrica,bemba,Banungwe,imipashi,Banungwe,imipashi,clan,group,joking_relationship,symmetric,joke with,ukucena,"He said it was good to joke with the imipashi as men do with members of the opposite clan (Banungwe) and say to them after calling on them, 'You are the Mpende clan ( mpende is a big fish that eats little ones, mpepe ). ... and it is good to joke ( ukucena ) with the imipashi in this way.'",0.75,0.75,1,1,/bemba_richards_337_sv,1116,ehraf_v2
1117,within_group,SouthernAfrica,bemba,paired clans,opposite clans,paired clans,opposite clans,clan,clan,joking_relationship,symmetric,joking relationships,,"The Bemba are organized in matrilineal clans distinguished by totemic observances, stereotyped forms of greeting between clan members, joking relationships with paired and opposite clans,",0.7,0.7,1,1,/bemba_richards_34_sv,1117,ehraf_v2
1118,within_group,SouthernAfrica,ila,members of a misela (musela) age-set,other members of the same misela (musela) age-set,members of a misela (musela) age-set,other members of the same misela (musela) age-set,age_set,age_set,joking_relationship,symmetric,,misela (musela),Such sets of people are called misela (sing. musela). Membership is expressed in a joking relationship and by the obligation of mutual aid.,0.6,0.6,1,1,/ila_jaspan_35_sv,1118,ehraf_v2
1119,within_group,SouthernAfrica,ila,"bazhike / mushike (acquired persons, slaves)",owner (called mother's brother) and owner's relatives,"bazhike / mushike (acquired persons, slaves)",owner (called mother's brother) and owner's relatives,caste,kin_role,joking_relationship,non_symmetric,joking name / kinship term,mushike; bazhike; nabutema; Bantu bulyo,"A joking name, kinship term, or spirit name—the customary method of referring to a free person—was the accepted procedure of addressing the individual who had been purchased. The slave's owner was called mother's brother; this genealogical fiction was adopted and extended72 to the other relatives.",0.9,0.9,1,1,/ila_tuden_71_sv,1119,ehraf_v2
1120,within_group,SouthernAfrica,khoi,mother's brother (//naob),sister's son,mother's brother (//naob),sister's son,kin_role,kin_role,joking_relationship,non_symmetric,//nuri//as or //nuri//ab ('//nuri exchange'),//nuri//as or //nuri//ab,"The Nama mother's brother (//naob) was the object of intense joking behaviour, including obligatory cattle-snatching and the threat of wife-snatching on the part of a sister's son towards his mother's brother. Among the Nama, this relationship is known as //nuri//as or //nuri//ab (literally ‘//nuri exchange’).",0.95,0.95,1,1,/khoi_barnard_186_sv,1120,ehraf_v2
1121,within_group,SouthernAfrica,khoi,mother's brother,nephew/niece,mother's brother,nephew/niece,kin_role,kin_role,joking_relationship,unclear,,//Náob,"Mother's brother, on the other hand, was often addressed as //Náob, a joking term, but also the usual term for grandfather (Hoernlé 1925: 19–22).",0.9,0.9,1,1,/khoi_carstens_63_sv,1121,ehraf_v2
1122,within_group,SouthernAfrica,lozi,husband,sister-in-law,husband,sister-in-law,kin_role,kin_role,joking_relationship,symmetric,joking relationship,,You cannot even do that with a sister-in-law [with whom there is a joking relationship].,0.8,0.8,1,1,/lozi_gluckman_149_sv,1122,ehraf_v2
1123,within_group,SouthernAfrica,lozi,mother's brother,sister's son,mother's brother,sister's son,kin_role,kin_role,joking_relationship,symmetric,fellow-husband,mufubalume,"A mother's brother also calls his sister's daughter ‘my wife’ and his sister's son ‘my fellow-husband’ ( mufubalume ), ... the nephew can sleep in his uncle's hut, fondle his uncle's wife's breasts, and marry her if she wants to when his uncle dies.",0.95,0.95,1,1,/lozi_gluckman_176_sv,1123,ehraf_v2
1124,within_group,SouthernAfrica,lozi,father's sister,brother's son,father's sister,brother's son,kin_role,kin_role,joking_relationship,symmetric,my husband / my co-wife,muhalizo,"father's sister also calls her brother's son ‘my husband’ and her brother's daughter ‘my co-wife’ ( muhalizo ), as well as ‘my child’.",0.95,0.95,1,1,/lozi_gluckman_176_sv,1124,ehraf_v2
1125,within_group,SouthernAfrica,lozi,grandparents,grandchildren of opposite sex,grandparents,grandchildren of opposite sex,kin_role,kin_role,joking_relationship,symmetric,,,"Grandparents and grandchildren of opposite sex can address each other similarly. Between persons of opposite sex this form of teasing ceases when the youngsters, who find it embarrassing, grow up: they use the terms grandparent, father, mother, and child, out of respect.",0.9,0.9,1,1,/lozi_gluckman_176_sv,1125,ehraf_v2
1126,within_group,SouthernAfrica,lozi,brothers-in-law,sisters-in-law,brothers-in-law,sisters-in-law,kin_role,kin_role,joking_relationship,symmetric,‘man and wife’ / mulamu,mulamu,"Directly related brothers- and sisters-in-law behave freely to each other. They are ‘man and wife’, even when of the same sex, though they more often call each other mulamu than ‘wife’ and ‘husband’. But they should not marry. They joke and tease each other.",0.9,0.9,1,1,/lozi_gluckman_177_sv,1126,ehraf_v2
1127,within_group,SouthernAfrica,lozi,Mbunda,cross-cousins,Mbunda,cross-cousins,ethnic group,kin_role,joking_relationship,symmetric,joking relations,,Mbunda have joking relations with cross-cousins.,0.9,0.9,1,1,/lozi_gluckman_277_sv,1127,ehraf_v2
1128,within_group,SouthernAfrica,ovambo,two cross-cousins of opposite sexes,each other (cross-cousins of opposite sexes),two cross-cousins of opposite sexes,each other (cross-cousins of opposite sexes),kin_role,kin_role,joking_relationship,symmetric,call each other “bull”,ohmedi,"Although the Kuanyama do not now approve of cross-cousin marriages, traces of the custom remain in speech and action. For instance, customs, proverbs, and relationship terms appear to indicate that paternal cross-cousin marriage was preferred to maternal cross-cousin marriage; the Kuanyama proverb, “Ka xe kedule kaujoko” (Your father is more than your mother) may have been originally an expression of this preference. It is common practice, moreover, for two cross-cousins of opposite sexes to joke with each other and call each other “bull” (ohmedi).",0.9,0.9,1,1,/ovambo_loeb_107_sv,1128,ehraf_v2
1129,within_group,SouthernAfrica,ovambo,a youth,his father's sister's daughter,a youth,his father's sister's daughter,kin_role,kin_role,joking_relationship,unclear,,omuedi,"The relationship between a youth and his father's sister's daughter is intimately connected with the moon. The moon commonly is called ohani, but it (and moonlight) may be called omuedi (bull-person).",0.8,0.8,1,1,/ovambo_loeb_107_sv,1129,ehraf_v2
1130,within_group,SouthernAfrica,ovambo,cross-cousins of opposite sexes,cross-cousins of opposite sexes,cross-cousins of opposite sexes,cross-cousins of opposite sexes,kin_role,kin_role,joking_relationship,symmetric,ometzi jangi (my bull),ometzi jangi,The reciprocal term ometzi jangi (my bull) is used for cross-cousins of opposite sexes. Cross-cousins married to one another do not have to avoid their parents-in-law.,0.9,0.9,1,1,/ovambo_loeb_269_sv,1130,ehraf_v2
1131,within_group,SouthernAfrica,ovambo,a man,any girl of his own age in his father's clan,a man,any girl of his own age in his father's clan,kin_role,kin_role,joking_relationship,non_symmetric,my bull (joking address),,In this tribe a man may joke with any girl of his own age in his father's clan and call her “my bull.”,0.85,0.85,1,1,/ovambo_loeb_269_sv,1131,ehraf_v2
1132,within_group,SouthernAfrica,ovambo,father's sister's daughter,mother's brother's daughter,father's sister's daughter,mother's brother's daughter,kin_role,kin_role,joking_relationship,symmetric,joking and bundling relationship,,"Cross-cousins who call each other “bull” stand in a joking and bundling relationship. My informant, an educated school teacher, explained that a man is supposed to take his father's sister's daughter as his first wife, because through her he can inherit from his father. Then as a second wife or as one of his later wives he may marry his mother's brother's daughter.",0.9,0.9,1,1,/ovambo_loeb_284_sv,1132,ehraf_v2
1133,within_group,SouthernAfrica,ovimbundu,a man,his wife's brother,a man,his wife's brother,kin_role,kin_role,joking_relationship,mixed,forbidden to eat together or joke,,"Traditionally the relationship between a man and his wife's brother was distant and reserved, the two men being forbidden to eat together or joke. Nowadays the relations between a man and his wife's full or half brother are often very friendly;",0.8,0.8,1,1,/ovimbundu_edwards_103_sv,1133,ehraf_v2
1134,within_group,SouthernAfrica,ovimbundu,cross-cousins,cross-cousins,cross-cousins,cross-cousins,kin_role,kin_role,joking_relationship,symmetric,,,"The relation between cross-cousins is one of equality and solidarity, expressed in joking and in burial services.",0.95,0.95,1,1,/ovimbundu_edwards_62_sv,1134,ehraf_v2
1135,within_group,SouthernAfrica,ovimbundu,The Ovimbundu of Elende,the people of Bailundu,The Ovimbundu of Elende,the people of Bailundu,regional group,regional group,joking_relationship,non_symmetric,have a joke against,,"The Ovimbundu of Elende have a joke against the people of Bailundu, because the latter on first seeing a cow offered the animal some food on a wooden platter. This story suggests that the Bailundu people, who are of the Ovimbundu confederacy, did not know the animal and its habits as early as did the Ovimbundu themselves.",0.9,0.9,1,1,/ovimbundu_handly_154_sv,1135,ehraf_v2
1137,within_group,SouthernAfrica,san,tssxõ,basic kin relations,tssxõ,basic kin relations,kin_role,kin_role,joking_relationship,symmetric,"relation of closeness, affection and mutual help (tssxõ)",tssxõ,"In addition, there are three broad relationships that cut across or modify the 11 specific relations. These are an avoidance relationship (dau'i); a relation of closeness, affection and mutual help (tssxõ)—as well as of obscene joking and teasing—",0.9,0.9,1,1,/san_guenther_80_sv,1137,ehraf_v2
1138,within_group,SouthernAfrica,san,name relationship (k'õi),tssxõ,name relationship (k'õi),tssxõ,kin_role,kin_role,joking_relationship,symmetric,name relationship follows tssxõ pattern,k'õi,"The interaction with ones name relation follows the tssxõ pattern. While the name relations expand the network of kin relations, the joking and avoidance principles stabilize the interrelations of kinsmen.",0.9,0.9,1,1,/san_guenther_80_sv,1138,ehraf_v2
1139,within_group,SouthernAfrica,san,joking partners,couples,joking partners,couples,group,group,joking_relationship,non_symmetric,joking partners,,"Couples who are obviously having coitus in the village can expect to be teased about it later by their “joking” partners, but since some of the members of the village are likely to be “respect” relatives, in whose presence no sexual jokes should be made, it is not easy to integrate coitus into village life.",0.9,0.9,1,1,/san_howell_231_sv,1139,ehraf_v2
1140,within_group,SouthernAfrica,san,the couples' own parents,couples,the couples' own parents,couples,kin_role,group,avoidance,symmetric,respect (no-joking) relations,respect,"but since some of the members of the village are likely to be “respect” relatives, in whose presence no sexual jokes should be made, it is not easy to integrate coitus into village life. The most important “respect” relations are the couples' own parents and own children,",0.85,0.85,1,1,/san_howell_231_sv,1140,ehraf_v2
1141,within_group,SouthernAfrica,san,the couples' own children,couples,the couples' own children,couples,kin_role,group,avoidance,symmetric,respect (no-joking) relations,respect,"The most important “respect” relations are the couples' own parents and own children, who are precisely the people who are likely to be closest to them in the sleeping arrangements of the village (Shostak 1976).",0.85,0.85,1,1,/san_howell_231_sv,1141,ehraf_v2
1142,within_group,SouthernAfrica,san,the party,a young man who kills much meat,the party,a young man who kills much meat,group,person,joking_relationship,non_symmetric,heavy joking and derision to level arrogance,,"The party, of course, has no intention of abandoning the kill. The heavy joking and derision are directed toward one goal: the leveling of potentially arrogant behavior in a successful hunter. ... ""When a young man kills much meat, he comes to think of himself as a chief or a big man, and he thinks of the rest of us as his servants or inferiors. We can't accept this. We refuse one who boasts, for someday his pride will make him kill somebody. So we always speak of his meat as worthless.""",0.9,0.9,1,1,/san_lee_246_1979_sv,1142,ehraf_v2
1143,within_group,SouthernAfrica,san,≠oma (bearers of the name),≠oma (bearers of the name),≠oma (bearers of the name),≠oma (bearers of the name),group,group,joking_relationship,symmetric,the name relation / joking relation,the name relation,"The basic principle is that bearers of the same name have a special affectionate relation with one another, and they use the kin terms “old name—young name” regardless of the actual biological connection. It obtains even in cases where there is no traceable connection at all. In the Dobe area, 22 of the men are named ≠oma, and whenever ≠omas meet they enjoy the familiarity of the joking relation.",0.9,0.9,1,1,/san_lee_356_1972_sv,1143,ehraf_v2
1144,within_group,SouthernAfrica,san,/i!ay (bearers of the name),/i!ay (bearers of the name),/i!ay (bearers of the name),/i!ay (bearers of the name),group,group,joking_relationship,symmetric,the name relation / joking familiarity,the name relation,"The bonds are particularly strong among men who actually share a common ancestral namesake. For instance, nine of the twelve men named /i!ay in the Dobe area are descended from a single prolific /i!ay. Of him it can truly be said that his name is legion.",0.85,0.85,1,1,/san_lee_356_1972_sv,1144,ehraf_v2
1145,within_group,SouthernAfrica,san,bearers of ego's father's name,ego,bearers of ego's father's name,ego,kin_role,kin_role,joking_relationship,non_symmetric,like father,,"This principle is extended widely, so that a person with ego's father's name is treated “like father,” bearers of ego's mother's name are “like mother,” and bearers of ego's siblings' names are “like brother and sister.”",0.85,0.85,1,1,/san_lee_357_1972_sv,1145,ehraf_v2
1146,within_group,SouthernAfrica,san,bearers of ego's mother's name,ego,bearers of ego's mother's name,ego,kin_role,kin_role,joking_relationship,non_symmetric,like mother,,"This principle is extended widely, so that a person with ego's father's name is treated “like father,” bearers of ego's mother's name are “like mother,” and bearers of ego's siblings' names are “like brother and sister.”",0.85,0.85,1,1,/san_lee_357_1972_sv,1146,ehraf_v2
1147,within_group,SouthernAfrica,san,bearers of ego's siblings' names,ego,bearers of ego's siblings' names,ego,kin_role,kin_role,joking_relationship,non_symmetric,like brother and sister,,"This principle is extended widely, so that a person with ego's father's name is treated “like father,” bearers of ego's mother's name are “like mother,” and bearers of ego's siblings' names are “like brother and sister.”",0.85,0.85,1,1,/san_lee_357_1972_sv,1147,ehraf_v2
1148,within_group,SouthernAfrica,san,ego,tun (older),ego,tun (older),kin_role,kin_role,joking_relationship,symmetric,relaxed joking relation,tun,"The tuns and tumas are the girls with whom ego has a relaxed joking relation, the female equivalent of the cordial “old name—young name” relation.",0.95,0.95,1,1,/san_lee_358_1972_sv,1148,ehraf_v2
1149,within_group,SouthernAfrica,san,ego,tuma (younger than ego),ego,tuma (younger than ego),kin_role,kin_role,joking_relationship,symmetric,relaxed joking relation,tuma,"The tuns and tumas are the girls with whom ego has a relaxed joking relation, the female equivalent of the cordial “old name—young name” relation.",0.95,0.95,1,1,/san_lee_358_1972_sv,1149,ehraf_v2
1150,within_group,SouthernAfrica,san,ego,tun (older than ego),ego,tun (older than ego),kin_role,kin_role,joking_relationship,symmetric,joking relation,tun,tun (older than ego) and tuma (younger than ego): kin terms for females; these are females with whom ego has a joking relation,0.9,0.9,1,1,/san_lee_367_sv,1150,ehraf_v2
1151,within_group,SouthernAfrica,san,ego,tuma (younger than ego),ego,tuma (younger than ego),kin_role,kin_role,joking_relationship,symmetric,joking relation,tuma,tun (older than ego) and tuma (younger than ego): kin terms for females; these are females with whom ego has a joking relation,0.9,0.9,1,1,/san_lee_367_sv,1151,ehraf_v2
1152,within_group,SouthernAfrica,san,appropriate kin,appropriate kin,appropriate kin,appropriate kin,kin_role,kin_role,joking_relationship,symmetric,joking relationship,za,"The third and final phase of conflict on the verbal level is za (“sexual insulting”). The za mode occupies the ambiguous position of being both the highest form of affectionate joking between appropriate kin in the

“joking relationship” and the deadliest affront leading directly to fighting.",0.7,0.7,1,1,/san_lee_372_1972_sv,1152,ehraf_v2
1153,within_group,SouthernAfrica,san,ego,persons termed !gu!na (or tun!ga w.s.),ego,persons termed !gu!na (or tun!ga w.s.),kin_role,kin_role,joking_relationship,unclear,,!gu!na; tun!ga w.s.,The preferred marriage among !Kung is with a non-consanguineous name-relative whom ego terms !gu!na (or tun!ga w.s.) or tũn m.s.,0.7,0.7,1,1,/san_marshall_19_1957_sv,1153,ehraf_v2
1154,within_group,SouthernAfrica,san,ego,persons termed tũn m.s.,ego,persons termed tũn m.s.,kin_role,kin_role,joking_relationship,unclear,,tũn m.s.,The preferred marriage among !Kung is with a non-consanguineous name-relative whom ego terms !gu!na (or tun!ga w.s.) or tũn m.s.,0.7,0.7,1,1,/san_marshall_19_1957_sv,1154,ehraf_v2
1155,within_group,SouthernAfrica,san,ego,persons termed tsu,ego,persons termed tsu,kin_role,kin_role,joking_relationship,unclear,,tsu,"Sometimes an informant would not know whether, for instance, a relative he termed tsu was his FaBr, his MoBr or who, but would say that his parents taught him to use that term for the relative and that he must not joke with him.",0.9,0.9,1,1,/san_marshall_19_1957_sv,1155,ehraf_v2
1156,within_group,SouthernAfrica,san,ego,persons termed //ga,ego,persons termed //ga,kin_role,kin_role,joking_relationship,unclear,,//ga,Persons who use the terms tsu and //ga for each other may marry unless one has the name of the other's parent.,0.6,0.6,1,1,/san_marshall_19_1957_sv,1156,ehraf_v2
1157,within_group,SouthernAfrica,san,ego,persons termed sibling terms,ego,persons termed sibling terms,kin_role,kin_role,joking_relationship,unclear,,,"Persons who use the sibling terms may marry. These marriages, though not forbidden, are not preferred.",0.5,0.5,1,1,/san_marshall_19_1957_sv,1157,ehraf_v2
1158,within_group,SouthernAfrica,san,FaBr,ego/any other !Kung,FaBr,ego/any other !Kung,kin_role,kin_role,joking_relationship,unclear,joking status carried by kin terms,,"The !Kung were apparently not always assiduous in teaching their children the exact biological position of their kinsmen (whether a given man was FaBr or MoBr, for instance), and a person would not always know why he applied a certain term to someone, but he would know that the term he used was proper, and he would know the proper joking status to observe;",0.8,0.8,1,1,/san_marshall_204_sv,1158,ehraf_v2
1159,within_group,SouthernAfrica,san,MoBr,ego/any other !Kung,MoBr,ego/any other !Kung,kin_role,kin_role,joking_relationship,unclear,joking status carried by kin terms,,"The !Kung were apparently not always assiduous in teaching their children the exact biological position of their kinsmen (whether a given man was FaBr or MoBr, for instance), and a person would not always know why he applied a certain term to someone, but he would know that the term he used was proper, and he would know the proper joking status to observe;",0.8,0.8,1,1,/san_marshall_204_sv,1159,ehraf_v2
1160,within_group,SouthernAfrica,san,!Kung,!Kung,!Kung,!Kung,ethnic group,ethnic group,joking_relationship,unclear,permitted or forbidden joking between individuals,,"The application of kin terms is so extensive that it comes to involve the whole population of the Nyae Nyae region, with the result that a !Kung, by the rules of the system, is specifically permitted or forbidden to joke with every other !Kung he knows.",0.9,0.9,1,1,/san_marshall_204_sv,1160,ehraf_v2
1161,within_group,SouthernAfrica,san,Grandparents,Grandchildren,Grandparents,Grandchildren,kin_role,kin_role,joking_relationship,symmetric,,,"To make blatantly insulting jokes with old people is not proper. The deference due to aged persons is expressed in the joking relationship by a moderate tone, and the joking relationship between an old person and a considerably younger one, especially between grandparents and grandchildren, becomes a cozy, friendly intimacy without the sexual emphasis.",0.95,0.95,1,1,/san_marshall_205_sv,1161,ehraf_v2
1162,within_group,SouthernAfrica,san,Men,Men,Men,Men,group,group,joking_relationship,symmetric,,,"Men accuse each other of having genital organs of excessive size or abnormal condition (castration or circumcision), or of being excessively preoccupied with sexual intercourse, unable to leave their wives long enough to go hunting.",0.9,0.9,1,1,/san_marshall_205_sv,1162,ehraf_v2
1163,within_group,SouthernAfrica,san,Men,Women,Men,Women,group,group,joking_relationship,symmetric,,,"Men accuse women with whom they may joke of being lazy, useless, slovenly, wanton, or ugly ... The women retaliate, perhaps accusing the men of being worthy only of castration or of unfaithful wives. Frequently a man joking with a woman calls her “my wife.”",0.9,0.9,1,1,/san_marshall_205_sv,1163,ehraf_v2
1164,within_group,SouthernAfrica,san,Boys,Girls,Boys,Girls,age_set,age_set,joking_relationship,unclear,,,"A boy might say “my wife” or “I am going to marry you” to a girl with whom he could joke, implying that they had had or would have sexual relations; but it would be considered neither proper nor funny to say such a thing to a very young girl, regardless of whether the boy and girl had the joking relationship.",0.85,0.85,1,1,/san_marshall_205_sv,1164,ehraf_v2
1165,within_group,SouthernAfrica,san,ego,parents,ego,parents,kin_role,kin_role,avoidance,unclear,,_koa,"In the nuclear family, ego avoids joking with his parents and his offspring.",0.95,0.95,1,1,/san_marshall_206_sv,1165,ehraf_v2
1166,within_group,SouthernAfrica,san,ego,offspring,ego,offspring,kin_role,kin_role,avoidance,unclear,,_koa,"In the nuclear family, ego avoids joking with his parents and his offspring.",0.95,0.95,1,1,/san_marshall_206_sv,1166,ehraf_v2
1167,within_group,SouthernAfrica,san,male,brother,male,brother,kin_role,kin_role,joking_relationship,symmetric,,,"Among siblings, according to a cross and parallel pattern in which a sex differentiation is made, a male jokes with his brother, but not with his sister;",0.9,0.9,1,1,/san_marshall_206_sv,1167,ehraf_v2
1168,within_group,SouthernAfrica,san,male,sister,male,sister,kin_role,kin_role,avoidance,unclear,,,"Among siblings, according to a cross and parallel pattern in which a sex differentiation is made, a male jokes with his brother, but not with his sister;",0.9,0.9,1,1,/san_marshall_206_sv,1168,ehraf_v2
1169,within_group,SouthernAfrica,san,female,sister,female,sister,kin_role,kin_role,joking_relationship,symmetric,,,"Among siblings, according to a cross and parallel pattern in which a sex differentiation is made, a ... female jokes with her sister, but not with her brother.",0.9,0.9,1,1,/san_marshall_206_sv,1169,ehraf_v2
1170,within_group,SouthernAfrica,san,female,brother,female,brother,kin_role,kin_role,avoidance,unclear,,,"Among siblings, according to a cross and parallel pattern in which a sex differentiation is made, a ... female jokes with her sister, but not with her brother.",0.9,0.9,1,1,/san_marshall_206_sv,1170,ehraf_v2
1171,within_group,SouthernAfrica,san,ego,uncles,ego,uncles,kin_role,kin_role,avoidance,unclear,,,"Ego avoids joking with his uncles, aunts, nephews, and nieces, who are, respectively, of his parents' and his offspring's generations.",0.9,0.9,1,1,/san_marshall_206_sv,1171,ehraf_v2
1172,within_group,SouthernAfrica,san,ego,aunts,ego,aunts,kin_role,kin_role,avoidance,unclear,,,"Ego avoids joking with his uncles, aunts, nephews, and nieces, who are, respectively, of his parents' and his offspring's generations.",0.9,0.9,1,1,/san_marshall_206_sv,1172,ehraf_v2
1173,within_group,SouthernAfrica,san,ego,nephews,ego,nephews,kin_role,kin_role,avoidance,unclear,,,"Ego avoids joking with his uncles, aunts, nephews, and nieces, who are, respectively, of his parents' and his offspring's generations.",0.9,0.9,1,1,/san_marshall_206_sv,1173,ehraf_v2
1174,within_group,SouthernAfrica,san,ego,nieces,ego,nieces,kin_role,kin_role,avoidance,unclear,,,"Ego avoids joking with his uncles, aunts, nephews, and nieces, who are, respectively, of his parents' and his offspring's generations.",0.9,0.9,1,1,/san_marshall_206_sv,1174,ehraf_v2
1175,within_group,SouthernAfrica,san,ego,cousins,ego,cousins,kin_role,kin_role,joking_relationship,symmetric,,,"He jokes with his cousins, who are of his generation.",0.95,0.95,1,1,/san_marshall_206_sv,1175,ehraf_v2
1176,within_group,SouthernAfrica,san,ego,grandparents,ego,grandparents,kin_role,kin_role,joking_relationship,unclear,,,"He jokes with his grandparents and his grandchildren, who are in generations alternate to the generation of his parents and offspring.",0.9,0.9,1,1,/san_marshall_206_sv,1176,ehraf_v2
1177,within_group,SouthernAfrica,san,ego,grandchildren,ego,grandchildren,kin_role,kin_role,joking_relationship,unclear,,,"He jokes with his grandparents and his grandchildren, who are in generations alternate to the generation of his parents and offspring.",0.9,0.9,1,1,/san_marshall_206_sv,1177,ehraf_v2
1178,within_group,SouthernAfrica,san,ego,spouse's parents,ego,spouse's parents,kin_role,kin_role,avoidance,unclear,,_koa,Affines fall into a similar pattern. Ego's spouse's parents are like his parents; ego avoids joking with them.,0.9,0.9,1,1,/san_marshall_206_sv,1178,ehraf_v2
1179,within_group,SouthernAfrica,san,ego,offspring's spouse's parents,ego,offspring's spouse's parents,kin_role,kin_role,joking_relationship,unclear,,,His offspring's spouse's parents are like himself; he jokes with them.,0.9,0.9,1,1,/san_marshall_206_sv,1179,ehraf_v2
1180,within_group,SouthernAfrica,san,ego,offspring's spouses,ego,offspring's spouses,kin_role,kin_role,avoidance,unclear,,,His offspring's spouses are like his offspring; he avoids joking.,0.9,0.9,1,1,/san_marshall_206_sv,1180,ehraf_v2
1181,within_group,SouthernAfrica,san,man,wife's sister,man,wife's sister,kin_role,kin_role,joking_relationship,unclear,,,"A man jokes with his wife's sister and avoids joking with her brother, as his wife does.",0.9,0.9,1,1,/san_marshall_206_sv,1181,ehraf_v2
1182,within_group,SouthernAfrica,san,man,wife's brother,man,wife's brother,kin_role,kin_role,avoidance,unclear,,,"A man jokes with his wife's sister and avoids joking with her brother, as his wife does.",0.9,0.9,1,1,/san_marshall_206_sv,1182,ehraf_v2
1183,within_group,SouthernAfrica,san,woman,husband's brother,woman,husband's brother,kin_role,kin_role,joking_relationship,unclear,,,"A woman jokes with her husband's brother and avoids joking with his sister, as her husband does.",0.9,0.9,1,1,/san_marshall_206_sv,1183,ehraf_v2
1184,within_group,SouthernAfrica,san,woman,husband's sister,woman,husband's sister,kin_role,kin_role,avoidance,unclear,,,"A woman jokes with her husband's brother and avoids joking with his sister, as her husband does.",0.9,0.9,1,1,/san_marshall_206_sv,1184,ehraf_v2
1185,within_group,SouthernAfrica,san,a man,his brother,a man,his brother,kin_role,kin_role,joking_relationship,symmetric,,,A man jokes with his brother and with his brother's wife.,0.9,0.9,1,1,/san_marshall_207_sv,1185,ehraf_v2
1186,within_group,SouthernAfrica,san,a man,his brother's wife,a man,his brother's wife,kin_role,kin_role,joking_relationship,symmetric,,,A man jokes with his brother and with his brother's wife.,0.85,0.85,1,1,/san_marshall_207_sv,1186,ehraf_v2
1187,within_group,SouthernAfrica,san,a man,his sister,a man,his sister,kin_role,kin_role,avoidance,symmetric,,,"He refrains from joking with his sister and his sister's husband, and so forth.",0.9,0.9,1,1,/san_marshall_207_sv,1187,ehraf_v2
1188,within_group,SouthernAfrica,san,a man,his sister's husband,a man,his sister's husband,kin_role,kin_role,avoidance,symmetric,,,"He refrains from joking with his sister and his sister's husband, and so forth.",0.85,0.85,1,1,/san_marshall_207_sv,1188,ehraf_v2
1189,within_group,SouthernAfrica,san,ego,his own parents,ego,his own parents,kin_role,kin_role,avoidance,symmetric,,,"They said that just as they must not joke with their own parents or offspring, they must not joke with both a person and that person's offspring.",0.9,0.9,1,1,/san_marshall_207_sv,1189,ehraf_v2
1190,within_group,SouthernAfrica,san,ego,his own offspring,ego,his own offspring,kin_role,kin_role,avoidance,symmetric,,,"They said that just as they must not joke with their own parents or offspring, they must not joke with both a person and that person's offspring.",0.9,0.9,1,1,/san_marshall_207_sv,1190,ehraf_v2
1191,within_group,SouthernAfrica,san,an uncle,the uncle's wife,an uncle,the uncle's wife,kin_role,kin_role,joking_relationship,unclear,,,"In other words, if ego refrains from joking with an uncle, he also refrains from joking with the uncle's wife.",0.8,0.8,1,1,/san_marshall_207_sv,1191,ehraf_v2
1192,within_group,SouthernAfrica,san,ego,A,ego,A,kin_role,person,joking_relationship,symmetric,,,"Joking is reciprocal; if ego jokes with A, A jokes with ego.",0.9,0.9,1,1,/san_marshall_208_sv,1192,ehraf_v2
1193,within_group,SouthernAfrica,san,ego,parents' siblings,ego,parents' siblings,kin_role,kin_role,joking_relationship,symmetric,,,"What a !Kung says, when he associates his relatives with each other in the pattern I have called generational, is that they are “like” each other. He considers his parents' siblings to be “like” his parents, ... Instead it was the joking relationship they spoke of, and they pointed out the parallel position of their kin in its terms.",0.9,0.9,1,1,/san_marshall_208_sv,1193,ehraf_v2
1194,within_group,SouthernAfrica,san,ego,sibling's offspring,ego,sibling's offspring,kin_role,kin_role,joking_relationship,symmetric,,,"He considers his parents' siblings to be “like” his parents, his sibling's offspring to be “like” his offspring, his cousins to be “like” himself.",0.9,0.9,1,1,/san_marshall_208_sv,1194,ehraf_v2
1195,within_group,SouthernAfrica,san,ego,cousins,ego,cousins,kin_role,kin_role,joking_relationship,symmetric,,,He considers ... his cousins to be “like” himself.,0.9,0.9,1,1,/san_marshall_208_sv,1195,ehraf_v2
1196,within_group,SouthernAfrica,san,ego,great-grandparents,ego,great-grandparents,kin_role,kin_role,joking_relationship,symmetric,,,"Only among ego's lineal kin in the generation of great-grandparents, grandparents, grandchildren, great-grandchildren is the joking relation established by the generational method.",0.85,0.85,1,1,/san_marshall_208_sv,1196,ehraf_v2
1197,within_group,SouthernAfrica,san,ego,grandparents,ego,grandparents,kin_role,kin_role,joking_relationship,symmetric,,,"Only among ego's lineal kin in the generation of great-grandparents, grandparents, grandchildren, great-grandchildren is the joking relation established by the generational method.",0.85,0.85,1,1,/san_marshall_208_sv,1197,ehraf_v2
1198,within_group,SouthernAfrica,san,ego,grandchildren,ego,grandchildren,kin_role,kin_role,joking_relationship,symmetric,,,"Only among ego's lineal kin in the generation of great-grandparents, grandparents, grandchildren, great-grandchildren is the joking relation established by the generational method.",0.85,0.85,1,1,/san_marshall_208_sv,1198,ehraf_v2
1199,within_group,SouthernAfrica,san,ego,great-grandchildren,ego,great-grandchildren,kin_role,kin_role,joking_relationship,symmetric,,,"Only among ego's lineal kin in the generation of great-grandparents, grandparents, grandchildren, great-grandchildren is the joking relation established by the generational method.",0.85,0.85,1,1,/san_marshall_208_sv,1199,ehraf_v2
1200,within_group,SouthernAfrica,san,Ego,sibling of same sex,Ego,sibling of same sex,kin_role,kin_role,joking_relationship,symmetric,,,The sibling category is divided on the basis of sex. Ego jokes with a sibling of the same sex as his own and is prohibited from joking with a sibling of opposite sex.,0.95,0.95,1,1,/san_marshall_20_1957_sv,1200,ehraf_v2
1201,within_group,SouthernAfrica,san,Ego,cousins (consanguineous kin classified by generation),Ego,cousins (consanguineous kin classified by generation),kin_role,kin_role,joking_relationship,symmetric,,,"Consanguineous kin may be so classified by generation (i.e. cousins) as shown in Diagram 1, or by the factor of the name, i.e. the person for whom ego is named or persons named for ego.",0.9,0.9,1,1,/san_marshall_20_1957_sv,1201,ehraf_v2
1202,within_group,SouthernAfrica,san,Ego,name-relatives (persons named for ego or for whom ego is named),Ego,name-relatives (persons named for ego or for whom ego is named),kin_role,kin_role,joking_relationship,symmetric,,,"Ego has the joking relationship with anyone of either sex who is classified with himself or herself, to whom ego applies the term !gu!na (or tun!ga w.s.) or tũn. ... or by the factor of the name, i.e. the person for whom ego is named or persons named for ego.",0.9,0.9,1,1,/san_marshall_20_1957_sv,1202,ehraf_v2
1203,within_group,SouthernAfrica,san,Ego,grandparents,Ego,grandparents,kin_role,kin_role,joking_relationship,symmetric,,,"Ego has the joking relationship with grandparents and grandchildren unless the factor of the name places ego terminologically in the other, non-joking, division.",0.9,0.9,1,1,/san_marshall_20_1957_sv,1203,ehraf_v2
1204,within_group,SouthernAfrica,san,Ego,grandchildren,Ego,grandchildren,kin_role,kin_role,joking_relationship,symmetric,,,"Ego has the joking relationship with grandparents and grandchildren unless the factor of the name places ego terminologically in the other, non-joking, division.",0.9,0.9,1,1,/san_marshall_20_1957_sv,1204,ehraf_v2
1205,within_group,SouthernAfrica,san,Ego,spouse,Ego,spouse,kin_role,kin_role,joking_relationship,symmetric,,,"Among affines, ego has the joking relationship with his or her spouse, and also with BrWi and WiSi, tũn m.s., and SiHu and HuBr, tun!ga w.s., who are all considered suitable persons to marry.",0.95,0.95,1,1,/san_marshall_20_1957_sv,1205,ehraf_v2
1206,within_group,SouthernAfrica,san,Ego,BrWi,Ego,BrWi,kin_role,kin_role,joking_relationship,symmetric,,,"Among affines, ego has the joking relationship with his or her spouse, and also with BrWi and WiSi, tũn m.s., and SiHu and HuBr, tun!ga w.s., who are all considered suitable persons to marry.",0.9,0.9,1,1,/san_marshall_20_1957_sv,1206,ehraf_v2
1207,within_group,SouthernAfrica,san,Ego,WiSi,Ego,WiSi,kin_role,kin_role,joking_relationship,symmetric,,,"Among affines, ego has the joking relationship with his or her spouse, and also with BrWi and WiSi, tũn m.s., and SiHu and HuBr, tun!ga w.s., who are all considered suitable persons to marry.",0.9,0.9,1,1,/san_marshall_20_1957_sv,1207,ehraf_v2
1208,within_group,SouthernAfrica,san,Ego,SiHu,Ego,SiHu,kin_role,kin_role,joking_relationship,symmetric,,tun!ga w.s.,"Among affines, ego has the joking relationship with his or her spouse, and also with BrWi and WiSi, tũn m.s., and SiHu and HuBr, tun!ga w.s., who are all considered suitable persons to marry.",0.9,0.9,1,1,/san_marshall_20_1957_sv,1208,ehraf_v2
1209,within_group,SouthernAfrica,san,Ego,HuBr,Ego,HuBr,kin_role,kin_role,joking_relationship,symmetric,,tun!ga w.s.,"Among affines, ego has the joking relationship with his or her spouse, and also with BrWi and WiSi, tũn m.s., and SiHu and HuBr, tun!ga w.s., who are all considered suitable persons to marry.",0.9,0.9,1,1,/san_marshall_20_1957_sv,1209,ehraf_v2
1210,within_group,SouthernAfrica,san,Ego,!umba (affines in ego's generation: offspring's spouses' parents),Ego,!umba (affines in ego's generation: offspring's spouses' parents),kin_role,kin_role,joking_relationship,symmetric,,!umba,"Ego may joke with affines termed !umba and !undai, who are in ego's generation terminologically as they are his offspring's spouses' parents.",0.9,0.9,1,1,/san_marshall_20_1957_sv,1210,ehraf_v2
1211,within_group,SouthernAfrica,san,Ego,!undai (affines in ego's generation: offspring's spouses' parents),Ego,!undai (affines in ego's generation: offspring's spouses' parents),kin_role,kin_role,joking_relationship,symmetric,,!undai,"Ego may joke with affines termed !umba and !undai, who are in ego's generation terminologically as they are his offspring's spouses' parents.",0.9,0.9,1,1,/san_marshall_20_1957_sv,1211,ehraf_v2
1212,within_group,SouthernAfrica,san,Ego,persons termed !gu!na or tun!ga w.s. or tũn,Ego,persons termed !gu!na or tun!ga w.s. or tũn,kin_role,kin_role,joking_relationship,symmetric,,!gu!na; tun!ga w.s.; tũn,"Ego has the joking relationship with anyone of either sex who is classified with himself or herself, to whom ego applies the term !gu!na (or tun!ga w.s.) or tũn.",0.95,0.95,1,1,/san_marshall_20_1957_sv,1212,ehraf_v2
1213,within_group,SouthernAfrica,san,ego,!gun!a (or tũn!ga w.s.) and tũn,ego,!gun!a (or tũn!ga w.s.) and tũn,kin_role,kin_role,joking_relationship,symmetric,,"!gun!a, tũn, tũn!ga",Ego applies the terms !gun!a (or tũn!ga w.s.) and tũn to persons in his own generation and in generations alternate to his own; he has the joking relationship with anyone to whom he applies these terms.,0.9,0.9,1,1,/san_marshall_213_sv,1213,ehraf_v2
1214,within_group,SouthernAfrica,san,ego,affines,ego,affines,kin_role,kin_role,joking_relationship,symmetric,joking status with affines,mi twisi,"A !Kung calls his affines mi twisi.

Once established, an affinal relationship is considered to be indissoluble even though the person through whom the relationship with ego was brought about be dead or divorced. For example, should ego's brother die, his brother's wife remains in affinal relationship with ego, and the application of a kin term and the joking status with her continue to be the same as if ego's brother were alive.",0.9,0.9,1,1,/san_marshall_214_sv,1214,ehraf_v2
1215,within_group,SouthernAfrica,san,ego,brother's wife,ego,brother's wife,kin_role,kin_role,joking_relationship,symmetric,joking status with brother's wife,,"For example, should ego's brother die, his brother's wife remains in affinal relationship with ego, and the application of a kin term and the joking status with her continue to be the same as if ego's brother were alive.",0.95,0.95,1,1,/san_marshall_214_sv,1215,ehraf_v2
1216,within_group,SouthernAfrica,san,SiHu,ego,SiHu,ego,kin_role,kin_role,joking_relationship,symmetric,reciprocal affinal terms / joking consistency,tũn!ga,"For example, a man terms his SiHu tũn!ga; to that man ego is WiBr, who is also termed tũn!ga.",0.9,0.9,1,1,/san_marshall_216_sv,1216,ehraf_v2
1217,within_group,SouthernAfrica,san,WiBr,ego,WiBr,ego,kin_role,kin_role,joking_relationship,symmetric,reciprocal affinal terms / joking consistency,tũn!ga,"For example, a man terms his SiHu tũn!ga; to that man ego is WiBr, who is also termed tũn!ga.",0.85,0.85,1,1,/san_marshall_216_sv,1217,ehraf_v2
1218,within_group,SouthernAfrica,san,WiSiHu,ego,WiSiHu,ego,kin_role,kin_role,joking_relationship,symmetric,,!go; tsĩ,"Ego and WiSiHu are !go and tsĩ to each other, and so forth.",0.9,0.9,1,1,/san_marshall_216_sv,1218,ehraf_v2
1219,within_group,SouthernAfrica,san,WiFa,DaHu,WiFa,DaHu,kin_role,kin_role,joking_relationship,symmetric,,≠tum,"A man terms his WiFa ≠tum; he is DaHu to that man, also termed ≠tum.",0.9,0.9,1,1,/san_marshall_216_sv,1219,ehraf_v2
1220,within_group,SouthernAfrica,san,HuFa,SoWi,HuFa,SoWi,kin_role,kin_role,joking_relationship,mixed,,≠tum; /utsu,"A woman HuFa is ≠tum; she is SoWi to him, termed /utsu.",0.85,0.85,1,1,/san_marshall_216_sv,1220,ehraf_v2
1221,within_group,SouthernAfrica,san,!hoa,tsau,!hoa,tsau,kin_role,kin_role,joking_relationship,symmetric,allows joking,,"!Hoa and tsau are the two affinal terms (mentioned earlier) which, along with !gun!a (“big [old] name”) and !guma (“small [young] name”), are the only !Kung Kinship Terminology terms that are words rather than terms specific to kinship. !Hoa is the !Kung word for “man,” and tsau the !Kung word for “woman.” As kin terms they are used only between husband and wife.",0.9,0.9,1,1,/san_marshall_217_sv,1221,ehraf_v2
1222,within_group,SouthernAfrica,san,ego,n!unba,ego,n!unba,kin_role,kin_role,joking_relationship,unclear,allows joking,n!unba,"As to the joking relationship: !hoa, tsau, n!unba, and n!untai allow joking; ≠tum and /utsu do not.",0.9,0.9,1,1,/san_marshall_217_sv,1222,ehraf_v2
1223,within_group,SouthernAfrica,san,ego,n!untai,ego,n!untai,kin_role,kin_role,joking_relationship,unclear,allows joking,n!untai,"As to the joking relationship: !hoa, tsau, n!unba, and n!untai allow joking; ≠tum and /utsu do not.",0.9,0.9,1,1,/san_marshall_217_sv,1223,ehraf_v2
1224,within_group,SouthernAfrica,san,ego,Tũn!ga w.s.,ego,Tũn!ga w.s.,kin_role,kin_role,joking_relationship,unclear,allows joking,Tũn!ga w.s.,Tũn!ga w.s. allows joking; tũn!ga m.s. does not.,0.9,0.9,1,1,/san_marshall_217_sv,1224,ehraf_v2
1225,within_group,SouthernAfrica,san,ego,sibling of the same sex,ego,sibling of the same sex,kin_role,kin_role,joking_relationship,symmetric,jokes with,,Ego jokes with a sibling of the same sex and with the spouse of that sibling.,0.9,0.9,1,1,/san_marshall_217_sv,1225,ehraf_v2
1226,within_group,SouthernAfrica,san,ego,spouse of that sibling,ego,spouse of that sibling,kin_role,kin_role,joking_relationship,symmetric,jokes with,,Ego jokes with a sibling of the same sex and with the spouse of that sibling.,0.9,0.9,1,1,/san_marshall_217_sv,1226,ehraf_v2
1227,within_group,SouthernAfrica,san,male ego,WiSi,male ego,WiSi,kin_role,kin_role,joking_relationship,symmetric,jokes with,WiSi,"Husbands and wives are paired: thus, a male ego jokes with his WiSi and WiSiHu but not with his WiBr or WiBrWi;",0.9,0.9,1,1,/san_marshall_217_sv,1227,ehraf_v2
1228,within_group,SouthernAfrica,san,male ego,WiSiHu,male ego,WiSiHu,kin_role,kin_role,joking_relationship,symmetric,jokes with,WiSiHu,"Husbands and wives are paired: thus, a male ego jokes with his WiSi and WiSiHu but not with his WiBr or WiBrWi;",0.9,0.9,1,1,/san_marshall_217_sv,1228,ehraf_v2
1229,within_group,SouthernAfrica,san,female ego,HuBr,female ego,HuBr,kin_role,kin_role,joking_relationship,symmetric,jokes with,HuBr,a female ego jokes with her HuBr and HuBrWi but not with her HuSi or HuSiHu.,0.9,0.9,1,1,/san_marshall_217_sv,1229,ehraf_v2
1230,within_group,SouthernAfrica,san,female ego,HuBrWi,female ego,HuBrWi,kin_role,kin_role,joking_relationship,symmetric,jokes with,HuBrWi,a female ego jokes with her HuBr and HuBrWi but not with her HuSi or HuSiHu.,0.9,0.9,1,1,/san_marshall_217_sv,1230,ehraf_v2
1231,within_group,SouthernAfrica,san,Men,Men,Men,Men,group,group,joking_relationship,symmetric,Kin Relationships,,Men accuse each other of excessive preoccupation with sexual intercourse or of having genital organs of excessive size or abnormal condition (castration or circumcision).,0.6,0.6,1,1,/san_marshall_21_1957_sv,1231,ehraf_v2
1232,within_group,SouthernAfrica,san,Men,Women,Men,Women,group,group,joking_relationship,mixed,Kin Relationships,,"Men accuse women with whom they may joke of being22 ugly, slovenly, or wanton. The women retaliate, perhaps accusing the men of being worthy only of castration or of unfaithful wives.",0.6,0.6,1,1,/san_marshall_21_1957_sv,1232,ehraf_v2
1233,within_group,SouthernAfrica,san,ego,!gun!a,ego,!gun!a,kin_role,kin_role,joking_relationship,unclear,!gun!a (joking),!gun!a,"The terms !gun!a and tũn are applied to the persons with whom ego may joke, tsu and //ga to persons with whom he avoids joking.",0.8,0.8,1,1,/san_marshall_221_sv,1233,ehraf_v2
1234,within_group,SouthernAfrica,san,ego,tũn,ego,tũn,kin_role,kin_role,joking_relationship,unclear,tũn (joking),tũn,"The terms !gun!a and tũn are applied to the persons with whom ego may joke, tsu and //ga to persons with whom he avoids joking.",0.8,0.8,1,1,/san_marshall_221_sv,1234,ehraf_v2
1235,within_group,SouthernAfrica,san,ego,tsu,ego,tsu,kin_role,kin_role,avoidance,unclear,tsu (avoidance),tsu,"The terms !gun!a and tũn are applied to the persons with whom ego may joke, tsu and //ga to persons with whom he avoids joking.",0.8,0.8,1,1,/san_marshall_221_sv,1235,ehraf_v2
1236,within_group,SouthernAfrica,san,ego,//ga,ego,//ga,kin_role,kin_role,avoidance,unclear,//ga (avoidance),//ga,"The terms !gun!a and tũn are applied to the persons with whom ego may joke, tsu and //ga to persons with whom he avoids joking.",0.8,0.8,1,1,/san_marshall_221_sv,1236,ehraf_v2
1237,within_group,SouthernAfrica,san,male ego,BrWiSi,male ego,BrWiSi,kin_role,kin_role,joking_relationship,unclear,joking with BrWiSi,,"Thus, for example, a male ego would joke with his BrWiSi since he jokes with his BrWi, and he would refrain from joking with his BrWiBr.",0.8,0.8,1,1,/san_marshall_221_sv,1237,ehraf_v2
1238,within_group,SouthernAfrica,san,male ego,BrWiBr,male ego,BrWiBr,kin_role,kin_role,avoidance,unclear,avoidance with BrWiBr,,"Thus, for example, a male ego would joke with his BrWiSi since he jokes with his BrWi, and he would refrain from joking with his BrWiBr.",0.8,0.8,1,1,/san_marshall_221_sv,1238,ehraf_v2
1239,within_group,SouthernAfrica,san,female ego,BrWiSi,female ego,BrWiSi,kin_role,kin_role,avoidance,unclear,avoidance with BrWiSi,//ga-n!untai,"A female ego would avoid joking with BrWiSi since she does not joke with BrWi, and to her BrWiSi she would apply the term //ga-n!untai; she would take the opposite position with BrWiBr, whom she would term !gun!a- (or tũn!ga-) n!unba.",0.85,0.85,1,1,/san_marshall_221_sv,1239,ehraf_v2
1240,within_group,SouthernAfrica,san,female ego,BrWiBr,female ego,BrWiBr,kin_role,kin_role,joking_relationship,unclear,joking with BrWiBr,!gun!a / tũn!ga,"A female ego would avoid joking with BrWiSi since she does not joke with BrWi, and to her BrWiSi she would apply the term //ga-n!untai; she would take the opposite position with BrWiBr, whom she would term !gun!a- (or tũn!ga-) n!unba.",0.85,0.85,1,1,/san_marshall_221_sv,1240,ehraf_v2
1241,within_group,SouthernAfrica,san,Ego,Spouses of Relatives,Ego,Spouses of Relatives,kin_role,kin_role,joking_relationship,symmetric,joking relationship,,"Spouses of Relatives. When a person marries one of ego's kin or affines, ego drops whatever term he may have previously used for that person and adopts the term appropriate to the spouse of his kin or affine. Ego applies a term that gives him the same joking relationship with both members of the married couple.",0.9,0.9,1,1,/san_marshall_222_sv,1241,ehraf_v2
1242,within_group,SouthernAfrica,san,!gu!na,!guma,!gu!na,!guma,kin_role,kin_role,joking_relationship,symmetric,joking relationship,!gu!na—!guma,Behaviour between a !gu!na and a !guma is as open and free from formal restrictions as any in !Kung society. They have the joking relationship.,0.95,0.95,1,1,/san_marshall_225_1962_sv,1242,ehraf_v2
1243,within_group,SouthernAfrica,san,ego,nephews and nieces named for ego's parents,ego,nephews and nieces named for ego's parents,person,kin_role,joking_relationship,unclear,,"tsu, //ga","Some of ego's nephews and nieces would be named for ego's parents. ... The generational terms which have the same generational association and joking status as the terms for parents and offspring are tsu and //ga, and these are the terms ego uses for relatives named for his parents and offspring.",0.9,0.9,1,1,/san_marshall_228_sv,1243,ehraf_v2
1244,within_group,SouthernAfrica,san,ego,relatives named for ego's sibling,ego,relatives named for ego's sibling,person,kin_role,joking_relationship,symmetric,,,"If a relative is named for ego's sibling, ego applies sibling terms to the relative, and ego has the same joking position with him that he would have with his sibling.",0.95,0.95,1,1,/san_marshall_228_sv,1244,ehraf_v2
1245,within_group,SouthernAfrica,san,ego,male named for ego,ego,male named for ego,person,kin_role,joking_relationship,symmetric,,"!Gun!a, !guma","!Gun!a is the term used for a male named for himself; but the term would be in its diminutive form, !guma. A male named for ego would be younger than ego. That male would reciprocate by calling ego !gun!a.",0.9,0.9,1,1,/san_marshall_228_sv,1245,ehraf_v2
1246,within_group,SouthernAfrica,san,ego,cousins named for ego's parents,ego,cousins named for ego's parents,person,kin_role,joking_relationship,unclear,,"tsu, //ga","Cousins would be termed !gun!a or tũn by the generational method; however, if they are named for ego's parents, the terms applied must be tsu or //ga.",0.8,0.8,1,1,/san_marshall_228_sv,1246,ehraf_v2
1247,within_group,SouthernAfrica,san,ego,persons named for ego's spouse,ego,persons named for ego's spouse,kin_role,kin_role,joking_relationship,symmetric,joking relationship,"!gun!a, tũn!ga, tũn","The terms applied to persons named for ego's spouse are also !gun!a (or tũn!ga w.s.) or tũn. The affinal terms !hoa and tsau for husband and wife are used only for ego's actual spouse. Persons named for the spouse, who is terminologically of ego's generation, have the generational terms applied to them that classify them with ego's generation and give them the joking relationship.",0.9,0.9,1,1,/san_marshall_229_sv,1247,ehraf_v2
1248,within_group,SouthernAfrica,san,ego,person for whom he is named,ego,person for whom he is named,kin_role,kin_role,joking_relationship,symmetric,!gun!a usage,!gun!a,"The term !gun!a has other applications. Ego applied it to the person for whom he is named, and also to anyone, related or not, who happens to have the same name as his, and to relatives named for him—with two exceptions:",0.9,0.9,1,1,/san_marshall_229_sv,1248,ehraf_v2
1249,within_group,SouthernAfrica,san,ego,relatives named for him,ego,relatives named for him,kin_role,kin_role,joking_relationship,symmetric,joking relationship,!gun!a,"Ego applied it to the person for whom he is named, and also to anyone, related or not, who happens to have the same name as his, and to relatives named for him—with two exceptions:",0.85,0.85,1,1,/san_marshall_229_sv,1249,ehraf_v2
1250,within_group,SouthernAfrica,san,ego,relatives named for another of ego's kin,ego,relatives named for another of ego's kin,kin_role,kin_role,joking_relationship,symmetric,,,"When some relative is named for another of ego's kin, ego applies the same term to him that he applied to the kinsman.",0.8,0.8,1,1,/san_marshall_229_sv,1250,ehraf_v2
1251,within_group,SouthernAfrica,san,grandparents,grandchildren,grandparents,grandchildren,kin_role,kin_role,joking_relationship,symmetric,joking relationship,,"It is not thought proper to make blatant or insulting sexual jokes with old persons. The deference which is shown to aged persons is expressed by Kin Relationships moderation, and the joking relationship between an old person and a considerably younger person, especially between grandparents and grandchildren, becomes a cosy friendly intimacy without the sexual emphasis.",0.9,0.9,1,1,/san_marshall_22_1957_sv,1251,ehraf_v2
1252,within_group,SouthernAfrica,san,parents,children,parents,children,kin_role,kin_role,avoidance,symmetric,restriction on joking / non-joking,,"It seems that respect in general is not required between siblings; only sexual restraint is required and this is Kinship Regulation Of symbolized by the restriction in joking imposed on siblings of opposite sex, Sex whereas ego may joke with a sibling of the same sex.",0.85,0.85,1,1,/san_marshall_22_1957_sv,1252,ehraf_v2
1253,within_group,SouthernAfrica,san,sibling (male),sibling (female),sibling (male),sibling (female),kin_role,kin_role,avoidance,symmetric,restriction on joking / non-joking,,"It seems that respect in general is not required between siblings; only sexual restraint is required and this is Kinship Regulation Of symbolized by the restriction in joking imposed on siblings of opposite sex, Sex whereas ego may joke with a sibling of the same sex.",0.9,0.9,1,1,/san_marshall_22_1957_sv,1253,ehraf_v2
1254,within_group,SouthernAfrica,san,strangers,local people (hosts/contacts),strangers,local people (hosts/contacts),group,group,avoidance,unclear,,koa,When they meet strangers they do not dare to joke until they find out whether or not it is proper for them to do so. They gave us !Kung names. This placed us in the scheme of things and people could know what their status was with us.,0.7,0.7,1,1,/san_marshall_22_1957_sv,1254,ehraf_v2
1255,within_group,SouthernAfrica,san,name-relatives,grandparents/grandchildren (when classified by name),name-relatives,grandparents/grandchildren (when classified by name),kin_role,kin_role,avoidance,unclear,name-relationship exception (non-joking),,It is possible that the culture allows joking between grandparents and grandchildren (with the rather few exceptions when the factor of the name intervenes to classify them in the non-joking category) because joking is associated with a welcome ease and intimacy of relationship...,0.8,0.8,1,1,/san_marshall_22_1957_sv,1255,ehraf_v2
1256,within_group,SouthernAfrica,san,secondary affines,person for whom they were named,secondary affines,person for whom they were named,kin_role,kin_role,joking_relationship,symmetric,homonymous joking status correspondence,,"Some of ego's secondary affines would be named for his primary affines and some, possibly, for his offspring. These children would be ego's secondary Naming affines, and ego would apply generational terms to them which correspond in joking status to the term he applies to the person for whom they were named.",0.9,0.9,1,1,/san_marshall_230_sv,1256,ehraf_v2
1257,within_group,SouthernAfrica,san,FaFa,ego,FaFa,ego,kin_role,kin_role,joking_relationship,mixed,,!guma ↔ !gun!a,"In Figure 5, ego is named for his FaFa, C. His FaFa and FaMo term ego !guma. He reciprocates calling them !gun!a and tũn.",0.85,0.85,1,1,/san_marshall_230_sv,1257,ehraf_v2
1258,within_group,SouthernAfrica,san,FaMo,ego,FaMo,ego,kin_role,kin_role,joking_relationship,non_symmetric,,!guma,"In Figure 5, ego is named for his FaFa, C. His FaFa and FaMo term ego !guma.",0.8,0.8,1,1,/san_marshall_230_sv,1258,ehraf_v2
1259,within_group,SouthernAfrica,san,A and B,ego,A and B,ego,kin_role,kin_role,joking_relationship,mixed,,tsĩ,"A and B, siblings of C, term ego tsĩ, younger sibling, because he is named for their sibling; ego reciprocates giving them the sibling terms.",0.8,0.8,1,1,/san_marshall_230_sv,1259,ehraf_v2
1260,within_group,SouthernAfrica,san,E and F,ego,E and F,ego,kin_role,kin_role,joking_relationship,mixed,,tsuma ↔ tsu and // ga,E and F term ego tsuma because he is named for their father; ego calls them tsu and // ga.,0.85,0.85,1,1,/san_marshall_230_sv,1260,ehraf_v2
1261,within_group,SouthernAfrica,san,Men,Women,Men,Women,group,group,joking_relationship,symmetric,joking relationship,,Men and women must not speak openly together of sexual matters except as they make jokes in the joking relationship.,0.9,0.9,1,1,/san_marshall_233_1961_sv,1261,ehraf_v2
1262,within_group,SouthernAfrica,san,men,women,men,women,group,group,joking_relationship,symmetric,joking relationship,,"In view of this, the joking relationship has its interesting side. Men and women who have the joking relationship insult each other in a facetious way and also point out actual faults or remark on actual episodes which embarrass a person.",0.8,0.8,1,1,/san_marshall_235_1961_sv,1262,ehraf_v2
1263,within_group,SouthernAfrica,san,persons who have the same name,each other,persons who have the same name,each other,group,group,joking_relationship,symmetric,name-relationship,!gu!na,"Whatever may be the answer to these questions, the !Kung have put to good use the belief that persons who have the same name partake of each other's entities. This belief has given them the name-relationship.",0.9,0.9,1,1,/san_marshall_23_1957_sv,1263,ehraf_v2
1264,within_group,SouthernAfrica,san,tun!ga (woman-speaking),consanguineous kin,tun!ga (woman-speaking),consanguineous kin,kin_role,kin_role,joking_relationship,symmetric,tun!ga (woman-speaking),tun!ga,"Tun!ga is applied to consanguineous kin and affines and allows joking, woman-speaking.",0.85,0.85,1,1,/san_marshall_23_1957_sv,1264,ehraf_v2
1265,within_group,SouthernAfrica,san,tun!ga (woman-speaking),affines,tun!ga (woman-speaking),affines,kin_role,kin_role,joking_relationship,symmetric,tun!ga (woman-speaking),tun!ga,"Tun!ga is applied to consanguineous kin and affines and allows joking, woman-speaking.",0.85,0.85,1,1,/san_marshall_23_1957_sv,1265,ehraf_v2
1266,within_group,SouthernAfrica,san,Gao,/Qui,Gao,/Qui,person,person,joking_relationship,symmetric,!go,!go,We know two men who used the term !go for each other because each of them had a brother named Dam.,0.8,0.8,1,1,/san_marshall_23_1957_sv,1266,ehraf_v2
1267,within_group,SouthernAfrica,san,brother,sister,brother,sister,kin_role,kin_role,joking_relationship,symmetric,,,"The familiar pronoun, a, is used in addressing any child, and is used between persons who have the joking relationship, regardless of disparities in age. It is also used between brother and sister until they grow up, when they change to the respectful pronoun.",0.9,0.9,1,1,/san_marshall_246_sv,1267,ehraf_v2
1268,within_group,SouthernAfrica,san,Parents-In-Law,Children-In-Law,Parents-In-Law,Children-In-Law,kin_role,kin_role,avoidance,symmetric,speaking avoidance / avoidance of joking,,The speaking avoidance under these circumstances does not impose excessive inconvenience. ... The interactions of people who accord each other reserved behavior are not constrained in any way except in the avoidance of joking and the practice of the other avoidances just described.,0.95,0.95,1,1,/san_marshall_251_sv,1268,ehraf_v2
1269,within_group,SouthernAfrica,san,ego,WiSiDa,ego,WiSiDa,kin_role,kin_role,avoidance,symmetric,,,"Why, we had asked, is marriage with WiSiDa and HuBrSo specifically prohibited? ≠Toma explained that a man often marries his WiSi if his wife should die, or as a second wife. His being her potential husband makes him “feel like” her husband even though he is not married to her.",0.9,0.9,1,1,/san_marshall_256_sv,1269,ehraf_v2
1270,within_group,SouthernAfrica,san,ego,HuBrSo,ego,HuBrSo,kin_role,kin_role,avoidance,symmetric,,,"Why, we had asked, is marriage with WiSiDa and HuBrSo specifically prohibited? ≠Toma explained that a man often marries his WiSi if his wife should die, or as a second wife.",0.9,0.9,1,1,/san_marshall_256_sv,1270,ehraf_v2
1271,within_group,SouthernAfrica,san,ego,SiHuFa,ego,SiHuFa,kin_role,kin_role,avoidance,symmetric,,,"Marriage with a SiHu (as second wife or if her SiHu is a widower) or a man's with a BrWi (if the death or divorce of the brother makes the marriage with BrWi possible) is highly appropriate, and the parents of these affines, therefore, seem to ego “like” his spouse's parents.",0.85,0.85,1,1,/san_marshall_256_sv,1271,ehraf_v2
1272,within_group,SouthernAfrica,san,ego,BrWiMo,ego,BrWiMo,kin_role,kin_role,avoidance,symmetric,,,"Marriage with a SiHu (as second wife or if her SiHu is a widower) or a man's with a BrWi (if the death or divorce of the brother makes the marriage with BrWi possible) is highly appropriate, and the parents of these affines, therefore, seem to ego “like” his spouse's parents.",0.8,0.8,1,1,/san_marshall_256_sv,1272,ehraf_v2
1273,within_group,SouthernAfrica,san,ego,SoWiFa,ego,SoWiFa,kin_role,kin_role,avoidance,symmetric,,,"Among the affines ego must not marry are SoWiFa, DaHuFa, SoWiMo, DaHuMo. Marriage with one of these would turn ego's So and SoWi, Da and DaHu into stepbrothers and stepsisters, which would be most awkward.",0.9,0.9,1,1,/san_marshall_256_sv,1273,ehraf_v2
1274,within_group,SouthernAfrica,san,ego,DaHuFa,ego,DaHuFa,kin_role,kin_role,avoidance,symmetric,,,"Among the affines ego must not marry are SoWiFa, DaHuFa, SoWiMo, DaHuMo. Marriage with one of these would turn ego's So and SoWi, Da and DaHu into stepbrothers and stepsisters, which would be most awkward.",0.9,0.9,1,1,/san_marshall_256_sv,1274,ehraf_v2
1275,within_group,SouthernAfrica,san,ego,SoWiMo,ego,SoWiMo,kin_role,kin_role,avoidance,symmetric,,,"Among the affines ego must not marry are SoWiFa, DaHuFa, SoWiMo, DaHuMo. Marriage with one of these would turn ego's So and SoWi, Da and DaHu into stepbrothers and stepsisters, which would be most awkward.",0.9,0.9,1,1,/san_marshall_256_sv,1275,ehraf_v2
1276,within_group,SouthernAfrica,san,ego,DaHuMo,ego,DaHuMo,kin_role,kin_role,avoidance,symmetric,,,"Among the affines ego must not marry are SoWiFa, DaHuFa, SoWiMo, DaHuMo. Marriage with one of these would turn ego's So and SoWi, Da and DaHu into stepbrothers and stepsisters, which would be most awkward.",0.9,0.9,1,1,/san_marshall_256_sv,1276,ehraf_v2
1277,within_group,SouthernAfrica,san,ego,HuSiHu,ego,HuSiHu,kin_role,kin_role,avoidance,symmetric,,≠tum,"Marriage is prohibited with HuSiHu and WiBrWi, termed respectively ≠tum and / utsu; ego avoids joking with them as he avoids joking with HuSi and WiBr.",0.95,0.95,1,1,/san_marshall_256_sv,1277,ehraf_v2
1278,within_group,SouthernAfrica,san,ego,WiBrWi,ego,WiBrWi,kin_role,kin_role,avoidance,symmetric,,/ utsu,"Marriage is prohibited with HuSiHu and WiBrWi, termed respectively ≠tum and / utsu; ego avoids joking with them as he avoids joking with HuSi and WiBr.",0.95,0.95,1,1,/san_marshall_256_sv,1278,ehraf_v2
1279,within_group,SouthernAfrica,san,ego,HuSi,ego,HuSi,kin_role,kin_role,avoidance,symmetric,,,"Marriage is prohibited with HuSiHu and WiBrWi, termed respectively ≠tum and / utsu; ego avoids joking with them as he avoids joking with HuSi and WiBr.",0.9,0.9,1,1,/san_marshall_256_sv,1279,ehraf_v2
1280,within_group,SouthernAfrica,san,ego,WiBr,ego,WiBr,kin_role,kin_role,avoidance,symmetric,,,"Marriage is prohibited with HuSiHu and WiBrWi, termed respectively ≠tum and / utsu; ego avoids joking with them as he avoids joking with HuSi and WiBr.",0.9,0.9,1,1,/san_marshall_256_sv,1280,ehraf_v2
1281,within_group,SouthernAfrica,san,cousins,each other,cousins,each other,kin_role,kin_role,joking_relationship,symmetric,,,"In no category is marriage allowed when joking is prohibited, but in two categories marriage is prohibited while joking is allowed, namely, among cousins and among the parents of offspring's spouse.",0.9,0.9,1,1,/san_marshall_258_sv,1281,ehraf_v2
1282,within_group,SouthernAfrica,san,parents of offspring's spouse,each other,parents of offspring's spouse,each other,kin_role,kin_role,joking_relationship,symmetric,,,"In no category is marriage allowed when joking is prohibited, but in two categories marriage is prohibited while joking is allowed, namely, among cousins and among the parents of offspring's spouse.",0.9,0.9,1,1,/san_marshall_258_sv,1282,ehraf_v2
1283,within_group,SouthernAfrica,san,man,woman who has the same name as his mother,man,woman who has the same name as his mother,kin_role,kin_role,joking_relationship,non_symmetric,name relationship / joking relationship,name relationship,"From the !Kung point of view the custom has two values. It regulates the incest taboo in its furthermost extension, especially the joking relationship that symbolizes the taboo. (For example, a man should not marry or make sexual jokes with a woman who has the same name as his mother.)",0.9,0.9,1,1,/san_marshall_259_1965_sv,1283,ehraf_v2
1284,within_group,SouthernAfrica,san,ego,anyone who has the name of his parents or offspring,ego,anyone who has the name of his parents or offspring,kin_role,kin_role,joking_relationship,symmetric,name-relative (parent/offspring name),,The fourth category comprises certain name-relatives. Ego should not marry (1) anyone who has the name of his parents or offspring;,0.8,0.8,1,1,/san_marshall_259_sv,1284,ehraf_v2
1285,within_group,SouthernAfrica,san,ego,"the parent, offspring, or sibling of opposite sex of anyone who has the same name as ego",ego,"the parent, offspring, or sibling of opposite sex of anyone who has the same name as ego",kin_role,kin_role,joking_relationship,symmetric,name-relative (relatives of same-name person),,"Ego should not marry (2) the parent, offspring, or sibling of opposite sex of anyone who has the same name as ego;",0.75,0.75,1,1,/san_marshall_259_sv,1285,ehraf_v2
1286,within_group,SouthernAfrica,san,ego,anyone who has the same name as ego's spouse's parent or ego's son's or daughter's spouse,ego,anyone who has the same name as ego's spouse's parent or ego's son's or daughter's spouse,kin_role,kin_role,joking_relationship,symmetric,name-relative (spouse's parent/child's spouse name),,Ego should not marry (3) anyone who has the same name as ego's spouse's parent or ego's son's or daughter's spouse.,0.75,0.75,1,1,/san_marshall_259_sv,1286,ehraf_v2
1287,within_group,SouthernAfrica,san,cousins,cousins,cousins,cousins,kin_role,kin_role,joking_relationship,symmetric,joking allowed with cousins,,"I believe that the system's allowing joking with cousins, although it prohibits marriage with them, may mitigate the force of the incest taboo and accounts to some extent for the tolerance toward the breakers of this rule.",0.8,0.8,1,1,/san_marshall_260_sv,1287,ehraf_v2
1288,within_group,SouthernAfrica,san,men who are name-relatives (pre-marriage),women who are name-relatives (pre-marriage),men who are name-relatives (pre-marriage),women who are name-relatives (pre-marriage),kin_role,kin_role,joking_relationship,symmetric,!gun!a and tũn,!gun!a; tũn,In preferred marriages the man and women are name-relatives who have had the joking relationship before marriage and have applied to each other the terms !gun!a and tũn.,0.95,0.95,1,1,/san_marshall_261_sv,1288,ehraf_v2
1289,within_group,SouthernAfrica,san,husband,wife,husband,wife,kin_role,kin_role,joking_relationship,symmetric,joking relationship,,and adjusts the joking status by giving to husband and wife the joking relationship as soon as marriage takes place.,0.9,0.9,1,1,/san_marshall_262_sv,1289,ehraf_v2
1290,within_group,SouthernAfrica,san,Ego,BrWi,Ego,BrWi,kin_role,kin_role,joking_relationship,symmetric,joking relationship,,Marriage with a WiSi or HuBr is also highly approved. Ego has had the joking relationship with these affines.,0.85,0.85,1,1,/san_marshall_262_sv,1290,ehraf_v2
1291,within_group,SouthernAfrica,san,Ego,WiSi,Ego,WiSi,kin_role,kin_role,joking_relationship,symmetric,joking relationship,,Marriage with a WiSi or HuBr is also highly approved. Ego has had the joking relationship with these affines.,0.85,0.85,1,1,/san_marshall_262_sv,1291,ehraf_v2
1292,within_group,SouthernAfrica,san,Ego,HuBr,Ego,HuBr,kin_role,kin_role,joking_relationship,symmetric,joking relationship,,Marriage with a WiSi or HuBr is also highly approved. Ego has had the joking relationship with these affines.,0.85,0.85,1,1,/san_marshall_262_sv,1292,ehraf_v2
1293,within_group,SouthernAfrica,san,co-wives,co-wives,co-wives,co-wives,kin_role,kin_role,joking_relationship,symmetric,joking relationship,!kwi; tsĩ; !gun!a; !guma; !gwa di,"Marriage to the same man gives co-wives the joking relationship, and they do not observe the sitting or the name avoidance, though they may have observed those avoidances and may have avoided joking before marriage. Co-wives apply the kin terms !kwi or tsĩ (sister) to each other, or, if they have the same name, they apply the terms !gun!a and !guma.",0.9,0.9,1,1,/san_marshall_263_sv,1293,ehraf_v2
1294,within_group,SouthernAfrica,san,old men,the girl,old men,the girl,kin_role,kin_role,joking_relationship,symmetric,joking relationship,,"The two old men should be free from even the most attenuated, symbolic extension of the incest taboo with respect to the girl, and it follows that they should have what is called the joking relationship with her.",0.95,0.95,1,1,/san_marshall_265_1965_sv,1294,ehraf_v2
1295,within_group,SouthernAfrica,san,wife's brother's wife,husband's sister's husband,wife's brother's wife,husband's sister's husband,kin_role,kin_role,joking_relationship,unclear,,,Marriage with the wife's brother's wife or the husband's sister's husband is also forbidden; the reason for this lies in a complexity of the joking relationship.,0.6,0.6,1,1,/san_marshall_275_1965_sv,1295,ehraf_v2
1296,within_group,SouthernAfrica,san,kinswoman,bride,kinswoman,bride,kin_role,kin_role,joking_relationship,unclear,joking relationship,,"Any kinswoman (preferably a young one) who is tall enough and strong enough, whether she herself is married or not, and whether or not she has the joking relationship with the bride, may carry the bride and any may attend her.",0.8,0.8,1,1,/san_marshall_278_sv,1296,ehraf_v2
1297,within_group,SouthernAfrica,san,guest of mature years,bride,guest of mature years,bride,group,kin_role,joking_relationship,unclear,joking relationship,,Guests of mature years might go and sit by the wedding fire only if they have the joking relationship with both the bride and the groom.,0.8,0.8,1,1,/san_marshall_278_sv,1297,ehraf_v2
1298,within_group,SouthernAfrica,san,guest of mature years,groom,guest of mature years,groom,group,kin_role,joking_relationship,unclear,joking relationship,,Guests of mature years might go and sit by the wedding fire only if they have the joking relationship with both the bride and the groom.,0.8,0.8,1,1,/san_marshall_278_sv,1298,ehraf_v2
1299,within_group,SouthernAfrica,san,Men,women,Men,women,group,group,joking_relationship,symmetric,joking relationships,,"As far as we know, only two general subjects are avoided in conversation. Men and women do not discuss sexual matters openly together except as they make jokes in the joking relationships.",0.9,0.9,1,1,/san_marshall_290_sv,1299,ehraf_v2
1300,within_group,SouthernAfrica,san,Men,Women,Men,Women,group,group,joking_relationship,symmetric,joking relationship,,"In view of this, the joking relationship has its interesting side. Men and women who have the joking relationship insult each other in a facetious way and also point out actual faults or remark on actual episodes which embarrass a person.",0.8,0.8,1,1,/san_marshall_294_sv,1300,ehraf_v2
1301,within_group,SouthernAfrica,san,Parents,Offspring,Parents,Offspring,kin_role,kin_role,avoidance,symmetric,,,"About 18 inches is a minimum but is sufficient. The taboo is applied without sex differentiation: men must not sit near men or women, or women near women or men if they do not have the joking relationship. (3) With the exception of siblings of any age, the same persons who avoid joking avoid using each other's names in direct address. They use a kin term instead or the men may use a respect term for each other—!nau, ‘old man’. (4) Brothers and sisters do not sit near each other when they reach adolescence and, after marriage, when they have dwelling-places of their own, do not enter each other's scherms (shelters). (5) Parents and SoWi and DaHu, in addition to observing the joking, sitting, and name avoidances, do not enter each other's scherms and do not speak to each other in the first few years of their affinal relationship.",0.9,0.9,1,1,/san_marshall_339_1959_sv,1301,ehraf_v2
1302,within_group,SouthernAfrica,san,Parents and SoWi and DaHu,Children-in-Law,Parents and SoWi and DaHu,Children-in-Law,kin_role,kin_role,avoidance,symmetric,,SoWi and DaHu,"Parents-In-Law And Children-In-Law

...
(5) Parents and SoWi and DaHu, in addition to observing the joking, sitting, and name avoidances, do not enter each other's scherms and do not speak to each other in the first few years of their affinal relationship. They are the only persons in !Kung society who must avoid speaking together.",0.95,0.95,1,1,/san_marshall_339_1959_sv,1302,ehraf_v2
1303,within_group,SouthernAfrica,san,Brothers,Sisters,Brothers,Sisters,kin_role,kin_role,avoidance,symmetric,,,"(4) Brothers and sisters do not sit near each other when they reach adolescence and, after marriage, when they have dwelling-places of their own, do not enter each other's scherms (shelters).",0.9,0.9,1,1,/san_marshall_339_1959_sv,1303,ehraf_v2
1304,within_group,SouthernAfrica,san,ego,members of the nuclear family and certain consanguineous relatives,ego,members of the nuclear family and certain consanguineous relatives,person,kin_role,joking_relationship,symmetric,,,"And, although they must not direct sexual jokes or insults to each other, they may laugh as heartily when they overhear the jokes as relatives do who have the joking relationship together.
The !Kung use the expression ‘We are one people’ when they refer to certain consanguineous relatives—e.g. any lineal kin and the close collaterals listed in Fig. 2",0.8,0.8,1,1,/san_marshall_340_1959_sv,1304,ehraf_v2
1305,within_group,SouthernAfrica,san,ego,siblings of parents (kin likened to parents' generation),ego,siblings of parents (kin likened to parents' generation),kin_role,kin_role,joking_relationship,unclear,joking allowed with kin likened to parents' generation,,"The kin who are likened, by being of the same generation, to his parents, to his offspring, and to his siblings, are those to whom a !Kung feels the marriage Regulation Of Marriage regulations are particularly directed. ... Joking is allowed or not as it is with ego's kin in these generations.",0.85,0.85,1,1,/san_marshall_341_1959_sv,1305,ehraf_v2
1306,within_group,SouthernAfrica,san,ego,nephews and nieces (kin likened to offspring generation),ego,nephews and nieces (kin likened to offspring generation),kin_role,kin_role,joking_relationship,unclear,joking allowed with kin likened to offspring generation,,"Siblings of parents are ‘like’ parents, cousins are ‘like’ siblings, nephews and nieces are ‘like’ offspring. ... Joking is allowed or not as it is with ego's kin in these generations.",0.8,0.8,1,1,/san_marshall_341_1959_sv,1306,ehraf_v2
1307,within_group,SouthernAfrica,san,ego,parents of ego's SoWi and DaHu,ego,parents of ego's SoWi and DaHu,kin_role,kin_role,joking_relationship,unclear,may joke with (affines),,"Parents of ego's SoWi and DaHu are terminologically of ego's generation and he may joke with them but he must not marry them, for that would make his Regulation Of Marriage So and SoWi or Da and DaHu stepbrother and stepsister to each other, which would be most awkward.",0.9,0.9,1,1,/san_marshall_341_1959_sv,1307,ehraf_v2
1308,within_group,SouthernAfrica,san,ego,WiSi,ego,WiSi,person,kin_role,joking_relationship,symmetric,joking relationship,,"Throughout the whole system (except among remote name relatives), ego maintains the same joking status with both members of a married couple, for example, with FaBr and FaBrWi, WiSi and WiSiHu, &c.",0.95,0.95,1,1,/san_marshall_342_1959_sv,1308,ehraf_v2
1309,within_group,SouthernAfrica,san,ego,HuBr,ego,HuBr,person,kin_role,joking_relationship,symmetric,joking relationship,,"Marriages with HuBr or WiSi are highly preferred marriages. This makes ≠Toma ‘feel like’ his WiSiHu, he said, even though he is not married to her, and, as a result, his WiSiDa seems to him like his own daughter.",0.9,0.9,1,1,/san_marshall_342_1959_sv,1309,ehraf_v2
1310,within_group,SouthernAfrica,san,ego,FaBr,ego,FaBr,person,kin_role,joking_relationship,symmetric,joking relationship,,"Throughout the whole system (except among remote name relatives), ego maintains the same joking status with both members of a married couple, for example, with FaBr and FaBrWi, WiSi and WiSiHu, &c.",0.95,0.95,1,1,/san_marshall_342_1959_sv,1310,ehraf_v2
1311,within_group,SouthernAfrica,san,ego,FaBrWi,ego,FaBrWi,person,kin_role,joking_relationship,symmetric,joking relationship,,"Throughout the whole system (except among remote name relatives), ego maintains the same joking status with both members of a married couple, for example, with FaBr and FaBrWi, WiSi and WiSiHu, &c.",0.95,0.95,1,1,/san_marshall_342_1959_sv,1311,ehraf_v2
1312,within_group,SouthernAfrica,san,ego,WiSiHu,ego,WiSiHu,person,kin_role,joking_relationship,symmetric,joking relationship,,"Throughout the whole system (except among remote name relatives), ego maintains the same joking status with both members of a married couple, for example, with FaBr and FaBrWi, WiSi and WiSiHu, &c.",0.95,0.95,1,1,/san_marshall_342_1959_sv,1312,ehraf_v2
1313,within_group,SouthernAfrica,san,ego,WiBrWi,ego,WiBrWi,person,kin_role,avoidance,symmetric,avoidance / constrained from joking,,"In the sibling category among affines ego is prohibited from marrying only WiBrWi or HuSiHu. ... As we list ego's siblings and affines in Fig. 4 we see that WiBrWi and HuSiHu are the only ones whose sex is opposite to ego's, making marriage possible, but with whom ego is constrained from joking because he does not joke with his WiBr or HuSi, according the same joking status to both members of a married couple.",0.9,0.9,1,1,/san_marshall_342_1959_sv,1313,ehraf_v2
1314,within_group,SouthernAfrica,san,ego,HuSiHu,ego,HuSiHu,person,kin_role,avoidance,symmetric,avoidance / constrained from joking,,"In the sibling category among affines ego is prohibited from marrying only WiBrWi or HuSiHu. ... As we list ego's siblings and affines in Fig. 4 we see that WiBrWi and HuSiHu are the only ones whose sex is opposite to ego's, making marriage possible, but with whom ego is constrained from joking because he does not joke with his WiBr or HuSi, according the same joking status to both members of a married couple.",0.9,0.9,1,1,/san_marshall_342_1959_sv,1314,ehraf_v2
1315,within_group,SouthernAfrica,san,ego,name relatives classified as grandparents,ego,name relatives classified as grandparents,kin_role,kin_role,joking_relationship,symmetric,may joke,name relationship,"They may joke with name relatives whose names classify them with grandparents, a sibling of the same sex, or the spouse.",0.9,0.9,1,1,/san_marshall_343_1959_sv,1315,ehraf_v2
1316,within_group,SouthernAfrica,san,ego,name relatives classified as a sibling of the same sex,ego,name relatives classified as a sibling of the same sex,kin_role,kin_role,joking_relationship,symmetric,may joke,name relationship,"They may joke with name relatives whose names classify them with grandparents, a sibling of the same sex, or the spouse.",0.9,0.9,1,1,/san_marshall_343_1959_sv,1316,ehraf_v2
1317,within_group,SouthernAfrica,san,ego,name relatives classified as the spouse,ego,name relatives classified as the spouse,kin_role,kin_role,joking_relationship,symmetric,may joke,name relationship,"They may joke with name relatives whose names classify them with grandparents, a sibling of the same sex, or the spouse.",0.9,0.9,1,1,/san_marshall_343_1959_sv,1317,ehraf_v2
1318,within_group,SouthernAfrica,san,name relatives (man),name relatives (woman),name relatives (man),name relatives (woman),kin_role,kin_role,joking_relationship,symmetric,!gu!na and tũn,!gu!na; tũn,In preferred marriages the man and woman are name relatives who have had the joking relationship before marriage and have applied to each other the terms !gu!na and tũn.,0.9,0.9,1,1,/san_marshall_345_1959_sv,1318,ehraf_v2
1319,within_group,SouthernAfrica,san,Ego,BrWi,Ego,BrWi,person,kin_role,joking_relationship,symmetric,,,"A man is expected to take care of his BrWi should she need his care, even though he is not required to marry her. ... Ego has had the joking relationship with these affines.",0.85,0.85,1,1,/san_marshall_345_1959_sv,1319,ehraf_v2
1320,within_group,SouthernAfrica,san,Ego,WiSi,Ego,WiSi,person,kin_role,joking_relationship,symmetric,,,Marriage with a WiSi or HuBr is also highly approved. Ego has had the joking relationship with these affines.,0.85,0.85,1,1,/san_marshall_345_1959_sv,1320,ehraf_v2
1321,within_group,SouthernAfrica,san,Ego,HuBr,Ego,HuBr,person,kin_role,joking_relationship,symmetric,,,Marriage with a WiSi or HuBr is also highly approved. Ego has had the joking relationship with these affines.,0.85,0.85,1,1,/san_marshall_345_1959_sv,1321,ehraf_v2
1322,within_group,SouthernAfrica,san,co-wives,each other (co-wives of the same man),co-wives,each other (co-wives of the same man),kin_role,kin_role,joking_relationship,symmetric,joking relationship,!Kwi,"Marriage to the same man gives co-wives the joking relationship, and they do not observe the sitting or the name avoidance, though they may have avoided each other before marriage.",0.9,0.9,1,1,/san_marshall_346_1959_sv,1322,ehraf_v2
1323,within_group,SouthernAfrica,san,men who have the joking relationship,other men who have the joking relationship,men who have the joking relationship,other men who have the joking relationship,group,group,joking_relationship,symmetric,joking relationship,,"Too frequent indulgence in sexual intercourse with one's wife, even when no hunt is in progress, is believed to diminish a man's hunting power. Some men believed that once in five nights was best; others thought once in three nights was all right. Men who have the joking relationship constantly play upon the theme of excess, taunting each other: ‘You do not know hunting, you know women’, ‘You cannot leave your wife long enough to hunt.’",0.6,0.6,1,1,/san_marshall_354_1959_sv,1323,ehraf_v2
1324,within_group,SouthernAfrica,san,kinswoman,bride,kinswoman,bride,kin_role,kin_role,joking_relationship,symmetric,joking relation,,"Any (preferably young) kinswoman who is tall enough and strong enough, whether she herself is married or not, and whether or not she has the joking relation with the bride, may carry the bride; and any may attend her.",0.9,0.9,1,1,/san_marshall_356_1959_sv,1324,ehraf_v2
1325,within_group,SouthernAfrica,san,guest,bride,guest,bride,group,kin_role,joking_relationship,symmetric,joking relationship,,Guests of mature years might go and sit by the wedding fire only if they have the joking relationship with both the bride and the groom.,0.85,0.85,1,1,/san_marshall_356_1959_sv,1325,ehraf_v2
1326,within_group,SouthernAfrica,san,guest,groom,guest,groom,group,kin_role,joking_relationship,symmetric,joking relationship,,Guests of mature years might go and sit by the wedding fire only if they have the joking relationship with both the bride and the groom.,0.85,0.85,1,1,/san_marshall_356_1959_sv,1326,ehraf_v2
1327,within_group,SouthernAfrica,san,the men of the village,girls approaching puberty,the men of the village,girls approaching puberty,group,age_set,joking_relationship,symmetric,,,"As a girl begins to mature, the men of the village offer running commentaries on the changes in her body—obvious in a culture where the breasts are not covered—and joke about wanting to marry her or to run away with her.",0.7,0.7,1,1,/san_shostak_269_sv,1327,ehraf_v2
1328,within_group,SouthernAfrica,san,a young woman,an older woman,a young woman,an older woman,age_set,age_set,joking_relationship,symmetric,joking relationship,,"Between two people who have a joking relationship, the following scene might transpire. A young woman walks into the village with a bright strand of beads around her neck. An older woman sees them and jokes, “Oh, those beads are already mine! Your past stinginess is going to be turned around today!”",0.7,0.7,1,1,/san_shostak_306_sv,1328,ehraf_v2
1329,within_group,SouthernAfrica,san,in-laws,respect relationship (older woman and her target),in-laws,respect relationship (older woman and her target),kin_role,kin_role,joking_relationship,unclear,respect relationship,,"If the two women are in-laws and have a respect relationship, the situation will be somewhat different. The older woman might sit in her hut and talk loudly to herself: “Does youth need anything to make it beautiful? How is it no one helps this old woman's heart feel young again?”",0.8,0.8,1,1,/san_shostak_306_sv,1329,ehraf_v2
1330,within_group,SouthernAfrica,san,cross-cousins of the same sex and approximate age,ego (reciprocal dyadic partner),cross-cousins of the same sex and approximate age,ego (reciprocal dyadic partner),kin_role,kin_role,joking_relationship,symmetric,joking relationship,,There is a gradation of decreasing reserve in joking relationships. Behavior toward one's grandparents lacks many of the restraints of relationships with one's parents but is less free than that between cross-cousins of the same sex and approximate age. The last is ideally close and friendly.,0.9,0.9,1,1,/san_silberbauer_143_1981_sv,1330,ehraf_v2
1331,within_group,SouthernAfrica,san,grandparents,grandchildren,grandparents,grandchildren,kin_role,kin_role,joking_relationship,symmetric,joking relationship (less restrained),,There is a gradation of decreasing reserve in joking relationships. Behavior toward one's grandparents lacks many of the restraints of relationships with one's parents but is less free than that between cross-cousins of the same sex and approximate age.,0.9,0.9,1,1,/san_silberbauer_143_1981_sv,1331,ehraf_v2
1332,within_group,SouthernAfrica,san,same-sex siblings,each other (sibling dyad),same-sex siblings,each other (sibling dyad),kin_role,kin_role,joking_relationship,symmetric,joking relationship,,"In general, all kin are in a joking relationship except one's parents and opposite-sex siblings and their classificatory and fictional equivalents, who are in the avoidance/respect category.",0.85,0.85,1,1,/san_silberbauer_143_1981_sv,1332,ehraf_v2
1333,within_group,SouthernAfrica,san,Ego,babama (grandfather),Ego,babama (grandfather),kin_role,kin_role,joking_relationship,symmetric,joking relationship,babama,"The terms in a joking relationship are:

babama (grandfather)",0.9,0.9,1,1,/san_silberbauer_144_1981_sv,1333,ehraf_v2
1334,within_group,SouthernAfrica,san,Ego,mamasa (grandmother),Ego,mamasa (grandmother),kin_role,kin_role,joking_relationship,symmetric,joking relationship,mamasa,"The terms in a joking relationship are:

mamasa (grandmother)",0.9,0.9,1,1,/san_silberbauer_144_1981_sv,1334,ehraf_v2
1335,within_group,SouthernAfrica,san,Ego,"n//odima (grandson, male cross-cousin)",Ego,"n//odima (grandson, male cross-cousin)",kin_role,kin_role,joking_relationship,symmetric,joking relationship,n//odima,"The terms in a joking relationship are:

n//odima (grandson, male cross-cousin)",0.9,0.9,1,1,/san_silberbauer_144_1981_sv,1335,ehraf_v2
1336,within_group,SouthernAfrica,san,Ego,"n//odisa (granddaughter, female cross-cousin)",Ego,"n//odisa (granddaughter, female cross-cousin)",kin_role,kin_role,joking_relationship,symmetric,joking relationship,n//odisa,"The terms in a joking relationship are:

n//odisa (granddaughter, female cross-cousin)",0.9,0.9,1,1,/san_silberbauer_144_1981_sv,1336,ehraf_v2
1337,within_group,SouthernAfrica,san,Ego,"g≠wa'usa (sister-in-law, potential wife)",Ego,"g≠wa'usa (sister-in-law, potential wife)",kin_role,kin_role,joking_relationship,symmetric,joking relationship,g≠wa'usa,"The terms in a joking relationship are:

g≠wa'usa (sister-in-law, potential wife)",0.9,0.9,1,1,/san_silberbauer_144_1981_sv,1337,ehraf_v2
1338,within_group,SouthernAfrica,san,Ego,gjiba:xuma (younger brother),Ego,gjiba:xuma (younger brother),kin_role,kin_role,joking_relationship,symmetric,joking relationship,gjiba:xuma,"The terms in a joking relationship are:

gjiba:xuma (younger brother)",0.9,0.9,1,1,/san_silberbauer_144_1981_sv,1338,ehraf_v2
1339,within_group,SouthernAfrica,san,Ego,gija:xuma (elder brother),Ego,gija:xuma (elder brother),kin_role,kin_role,joking_relationship,symmetric,joking relationship,gija:xuma,"The terms in a joking relationship are:

gija:xuma (elder brother)",0.9,0.9,1,1,/san_silberbauer_144_1981_sv,1339,ehraf_v2
1340,within_group,SouthernAfrica,san,Ego,ancestors and descendants,Ego,ancestors and descendants,kin_role,kin_role,joking_relationship,unclear,,,"Figure 9. Joking (+) and avoidance/respect (−) relationships between Ego and Kin Relationships
Ego's ancestors and descendants. (∫ = s.)",0.6,0.6,1,1,/san_silberbauer_145_1981_sv,1340,ehraf_v2
1341,within_group,SouthernAfrica,san,Ego,siblings and offspring,Ego,siblings and offspring,kin_role,kin_role,joking_relationship,unclear,,,"Figure 10. Joking (+) and avoidance/respect (−) relationships between and
Ego's siblings and offspring. (∫ = s; (ɔ) = o.)",0.6,0.6,1,1,/san_silberbauer_145_1981_sv,1341,ehraf_v2
1342,within_group,SouthernAfrica,san,Ego,patrilineal kin,Ego,patrilineal kin,kin_role,kin_role,joking_relationship,unclear,,,"Figure 11. Joking (+) and avoidance/respect (−) relationships between and
Ego's patrilineal kin. Gijaxu- denotes older sibling; gjibaxu- den younger
sibling. (∫ = s; (ɔ) = o.)",0.6,0.6,1,1,/san_silberbauer_145_1981_sv,1342,ehraf_v2
1343,within_group,SouthernAfrica,san,Ego,matrilineal kin,Ego,matrilineal kin,kin_role,kin_role,joking_relationship,unclear,,,"Figure 12. Joking (+) and avoidance/respect (−) relationships between and
Ego's matrilineal kin. Gijaxu- denotes older sibling; gjibaxu- der younger
sibling. (∫ = s; (ɔ) = o.)",0.6,0.6,1,1,/san_silberbauer_145_1981_sv,1343,ehraf_v2
1344,within_group,SouthernAfrica,san,kinsman (quasi-kin),kinsman (term-tied status within triad),kinsman (quasi-kin),kinsman (term-tied status within triad),kin_role,kin_role,joking_relationship,mixed,,,"An individual may assume a quasi- kinship relationship with a hitherto unrelated person who is kin
... The joking/respect roles in the triad are determined by the respective kinship links, in keeping with term-tied statuses, and work out as congruent triangles.",0.6,0.6,1,1,/san_silberbauer_145_1981_sv,1344,ehraf_v2
1345,within_group,SouthernAfrica,san,Ego,his cross-cousins,Ego,his cross-cousins,kin_role,kin_role,joking_relationship,symmetric,joking relationships,,The principles of congruency and of alternating generations are both conditionally negated by the fact that Ego has joking relationships both with his cross-cousins and with their parents.,0.9,0.9,1,1,/san_silberbauer_147_1981_sv,1345,ehraf_v2
1346,within_group,SouthernAfrica,san,Ego,their parents,Ego,their parents,kin_role,kin_role,joking_relationship,symmetric,babama and mamasa (joking relatives),"babama, mamasa",The principles of congruency and of alternating generations are both conditionally negated by the fact that Ego has joking relationships both with his cross-cousins and with their parents.,0.9,0.9,1,1,/san_silberbauer_147_1981_sv,1346,ehraf_v2
1347,within_group,SouthernAfrica,san,n//odima,n//odisa,n//odima,n//odisa,kin_role,kin_role,joking_relationship,symmetric,joking relationship,n//odima-n//odisa,"What did emerge was that all first marriages (as distinct from subsequent marriages of widowed or divorced persons) had been between boys and girls in a n//odima-n//odisa relationship, which is the terminological equivalent of cross-cousinship and, hence, placed the two in a joking relationship.",0.9,0.9,1,1,/san_silberbauer_149_sv,1347,ehraf_v2
1348,within_group,SouthernAfrica,san,a boy,"babama (MB, FZH)",a boy,"babama (MB, FZH)",kin_role,kin_role,joking_relationship,symmetric,joking kin,,"According to my informants, a boy would treat his babama (MB, FZH) and his ma:sa (fz, mbw) as avoidance kin as soon as he began to court their daughter, anticipating their conversion from joking kin to avoidance affines by the fact of his marrying their daughter.",0.9,0.9,1,1,/san_silberbauer_151_1981_sv,1348,ehraf_v2
1349,within_group,SouthernAfrica,san,a boy,"ma:sa (fz, mbw)",a boy,"ma:sa (fz, mbw)",kin_role,kin_role,joking_relationship,symmetric,joking kin,,"According to my informants, a boy would treat his babama (MB, FZH) and his ma:sa (fz, mbw) as avoidance kin as soon as he began to court their daughter, anticipating their conversion from joking kin to avoidance affines by the fact of his marrying their daughter.",0.9,0.9,1,1,/san_silberbauer_151_1981_sv,1349,ehraf_v2
1350,within_group,SouthernAfrica,san,the offending husband or wife,his or her joking partners,the offending husband or wife,his or her joking partners,person,group,joking_relationship,unclear,joking partners,,"An adulterous spouse is quietly told by friends to mend his or her ways, or if it can be done without precipitating marital disaster, the offending husband or wife is publicly teased by his or her joking partners.",0.8,0.8,1,1,/san_silberbauer_156_1981_sv,1350,ehraf_v2
1351,within_group,SouthernAfrica,san,husband,his wife's kin group,husband,his wife's kin group,kin_role,kin_role,joking_relationship,symmetric,joking/respect status,,"The husband comes under the tutelage of his wife's father in a dependent role, which approximates that of a child in the family. The joking/respect status of the husband within his wife's kin group is the same as hers and vice versa.",0.9,0.9,1,1,/san_silberbauer_161_1981_sv,1351,ehraf_v2
1352,within_group,SouthernAfrica,san,elder brother,younger brother,elder brother,younger brother,kin_role,kin_role,joking_relationship,symmetric,,,"Consistent with this vicarious authority, the relationship between same-sex siblings before the younger attains independent status is a mixture of joking and respect.",0.9,0.9,1,1,/san_silberbauer_165_sv,1352,ehraf_v2
1353,within_group,SouthernAfrica,san,elder sister,younger sister,elder sister,younger sister,kin_role,kin_role,joking_relationship,symmetric,,,"Consistent with this vicarious authority, the relationship between same-sex siblings before the younger attains independent status is a mixture of joking and respect.",0.9,0.9,1,1,/san_silberbauer_165_sv,1353,ehraf_v2
1354,within_group,SouthernAfrica,san,junior sister,young spouses,junior sister,young spouses,kin_role,group,joking_relationship,symmetric,,,"A junior sister, by contrast, is a joking partner of both the young spouses and spends a good deal of time with them, reinforcing the bond of same-sex siblinghood.",0.95,0.95,1,1,/san_silberbauer_165_sv,1354,ehraf_v2
1355,within_group,SouthernAfrica,san,≠ xwa:,N/udukhwe,≠ xwa:,N/udukhwe,person,person,joking_relationship,symmetric,joking relationship,,“There are men so mean as to deny meat to a gjiba:xuma [younger brother] who has helped all day with work.” ... (≠ xwa: and N/udukhwe were classificatory brothers).,0.9,0.9,1,1,/san_silberbauer_172_1981_sv,1355,ehraf_v2
1356,within_group,SouthernAfrica,san,joking partners,migrants,joking partners,migrants,group,group,joking_relationship,non_symmetric,joking partners,,"His joking partners sniped away at him without result, but matters came to a head over some arrows he had borrowed without returning and his refusal to make any gifts of meat to the owner, contrary to custom.",0.9,0.9,1,1,/san_silberbauer_173_1981_sv,1356,ehraf_v2
1357,within_group,SouthernAfrica,san,N/udukhwe,classificatory elder brother,N/udukhwe,classificatory elder brother,person,kin_role,joking_relationship,non_symmetric,,,N/udukhwe had shown restraint toward his classificatory elder brother by addressing his complaint to a third party and avoiding direct confrontation.,0.6,0.6,1,1,/san_silberbauer_173_1981_sv,1357,ehraf_v2
1358,within_group,SouthernAfrica,san,visiting band,home band,visiting band,home band,group,group,joking_relationship,mixed,,,"Having numerical superiority and also a generally “pushing” manner, they dominated the home band after a few weeks. The remarks of joking partners across band boundaries became more and more pointed, cooperative ventures virtually ceased, and games, dances, and discussion increasingly became one-band occasions.",0.9,0.9,1,1,/san_silberbauer_180_1981_sv,1358,ehraf_v2
1359,within_group,SouthernAfrica,san,joking relative,avoidance relatives,joking relative,avoidance relatives,kin_role,kin_role,joking_relationship,unclear,licensed liberties / borrowing without formality,,"Avoidance relatives may borrow “general use” artifacts after asking permission, but a joking relative may borrow without the formality of a request.",0.9,0.9,1,1,/san_silberbauer_236_1981_sv,1359,ehraf_v2
1360,within_group,SouthernAfrica,san,joking relatives,joking relatives,joking relatives,joking relatives,kin_role,kin_role,joking_relationship,symmetric,joking relatives,,"Joking relatives are obliged to grant each others' requests for goods and services and to give these priority over normal (i.e., other) exchange obligations.",0.9,0.9,1,1,/san_silberbauer_238_1981_sv,1360,ehraf_v2
1361,within_group,SouthernAfrica,san,initiation mates,joking partners,initiation mates,joking partners,age_set,group,joking_relationship,symmetric,"circle of initiation mates, joking partners",,"This, then, is comparable with the generalized-balanced reciprocity that occurs in the circle of initiation mates, joking partners, and others.",0.8,0.8,1,1,/san_silberbauer_254_1981_sv,1361,ehraf_v2
1362,within_group,SouthernAfrica,san,joking relatives,joking partners,joking relatives,joking partners,kin_role,kin_role,joking_relationship,symmetric,joking partners / joking relatives,,"In this context joking relatives function as feedback loops that provide an individual with information about others' reactions to his behavior, reducing randomness both in his behavior and his anticipation of its social consequences. The exchanges of joking partners include opportunity for making amends and for extending forgiveness, which, because it is a public performance, gives emotional comfort not only to the partners but to the whole band as well.",0.6,0.6,1,1,/san_silberbauer_296_1981_sv,1362,ehraf_v2
1363,within_group,SouthernAfrica,san,one woman,the husband of another,one woman,the husband of another,kin_role,kin_role,joking_relationship,non_symmetric,,,"Although I must be circumspect in my communicative behavior toward another man's wife, I am allowed considerable freedom when talking to her husband.",0.6,0.6,1,1,/san_silberbauer_302_1981_sv,1363,ehraf_v2
1364,within_group,SouthernAfrica,san,kin,kin (permitted playmates),kin,kin (permitted playmates),kin_role,kin_role,joking_relationship,unclear,joking (ho:khwudi),ho:khwudi,"Relationships between kin are categorized as either joking (ho:khwudi) or avoidance (gjiukxekxu), and an individual distinguishes between those of his kin whom he should !ao (fear, respect) and those with whom he may “play.”",0.8,0.8,1,1,/san_silberbauer_310_1972_sv,1364,ehraf_v2
1365,within_group,SouthernAfrica,san,ego,cross-cousins,ego,cross-cousins,person,kin_role,joking_relationship,symmetric,joking category,,"There are some situations in which it does not operate, for example, both cross-cousins and their parents are in the joking category, but this is changed if ego marries his cross-cousin, in which case the latter's parents are transferred to the avoidance category.",0.95,0.95,1,1,/san_silberbauer_311_1972_sv,1365,ehraf_v2
1366,within_group,SouthernAfrica,san,cross-cousins,their parents,cross-cousins,their parents,kin_role,kin_role,joking_relationship,symmetric,joking category,,"There are some situations in which it does not operate, for example, both cross-cousins and their parents are in the joking category, but this is changed if ego marries his cross-cousin, in which case the latter's parents are transferred to the avoidance category.",0.9,0.9,1,1,/san_silberbauer_311_1972_sv,1366,ehraf_v2
1367,within_group,SouthernAfrica,san,ba:bama,ego,ba:bama,ego,kin_role,kin_role,joking_relationship,symmetric,joking category,ba:bama,"The following kin are in the joking category: 
ba:bama (patri- or matrilateral grandfather, spouse's grandfathers, FSiH, MBr)",0.9,0.9,1,1,/san_silberbauer_312_1972_sv,1367,ehraf_v2
1368,within_group,SouthernAfrica,san,ma:masa or ma:sa,ego,ma:masa or ma:sa,ego,kin_role,kin_role,joking_relationship,symmetric,joking category,ma:masa or ma:sa,"The following kin are in the joking category: 
ma:masa or ma:sa (female counterpart of ba:bama, including FSi, MBrW)",0.9,0.9,1,1,/san_silberbauer_312_1972_sv,1368,ehraf_v2
1369,within_group,SouthernAfrica,san,n//odima or n//odisa,ego,n//odima or n//odisa,ego,kin_role,kin_role,joking_relationship,symmetric,joking category,n//odima or n//odisa,"The following kin are in the joking category: 
n//odima or n//odisa (grandchildren, the generation after g/wâ)",0.9,0.9,1,1,/san_silberbauer_312_1972_sv,1369,ehraf_v2
1370,within_group,SouthernAfrica,san,g/wauma,ego,g/wauma,ego,kin_role,kin_role,joking_relationship,symmetric,joking category,g/wauma,"The following kin are in the joking category: 
g/wauma (WsiH)",0.9,0.9,1,1,/san_silberbauer_312_1972_sv,1370,ehraf_v2
1371,within_group,SouthernAfrica,san,g/wausa,ego,g/wausa,ego,kin_role,kin_role,joking_relationship,symmetric,joking category,g/wausa,"The following kin are in the joking category: 
g/wausa (WSi, BrW)",0.9,0.9,1,1,/san_silberbauer_312_1972_sv,1371,ehraf_v2
1372,within_group,SouthernAfrica,san,siblings (same sex),siblings (same sex),siblings (same sex),siblings (same sex),kin_role,kin_role,joking_relationship,symmetric,joking partners,,"Siblings, whether own or classificatory, are avoidance kin if of opposite sex and joking partners if of same sex.",0.95,0.95,1,1,/san_silberbauer_312_1972_sv,1372,ehraf_v2
1373,within_group,SouthernAfrica,san,band members,his joking partners,band members,his joking partners,group,group,joking_relationship,non_symmetric,joking partners,,"If the expression of a band's decision against him does not mend an offender's ways and he is impenitent in the face of the barbed comments of his joking partners, he will eventually be eased out of the band by means of a public conspiracy to keep him on the wrong foot.",0.8,0.8,1,1,/san_silberbauer_318_1972_sv,1373,ehraf_v2
1374,within_group,SouthernAfrica,san,ho:khwudi,kin,ho:khwudi,kin,kin_role,kin_role,joking_relationship,unclear,joking relation,ho:khwudi,ho:khwudi:joking relation between kin,0.6,0.6,1,1,/san_silberbauer_326_1972_sv,1374,ehraf_v2
1375,within_group,SouthernAfrica,san,a young man,a girl,a young man,a girl,kin_role,kin_role,joking_relationship,symmetric,joking partners,,A young man and a girl who are joking partners and of the appropriate ages are considered potential marriage partners.,0.9,0.9,1,1,/san_silberbauer_65_sv,1375,ehraf_v2
1376,within_group,SouthernAfrica,san,A's parents,B,A's parents,B,kin_role,kin_role,avoidance,symmetric,avoidance category,,"if A is B's joking partner, than A's children and parents (i.e. his two proximate generations) will be in the avoidance category vis-a-vis B, while the grandparents and grandchildren will be in the joking category.",0.95,0.95,1,1,/san_silberbauer_65_sv,1376,ehraf_v2
1377,within_group,SouthernAfrica,san,A's children,B,A's children,B,kin_role,kin_role,avoidance,symmetric,avoidance category,,"if A is B's joking partner, than A's children and parents (i.e. his two proximate generations) will be in the avoidance category vis-a-vis B, while the grandparents and grandchildren will be in the joking category.",0.95,0.95,1,1,/san_silberbauer_65_sv,1377,ehraf_v2
1378,within_group,SouthernAfrica,san,A's grandparents,B,A's grandparents,B,kin_role,kin_role,joking_relationship,symmetric,joking category,,"if A is B's joking partner, than A's children and parents (i.e. his two proximate generations) will be in the avoidance category vis-a-vis B, while the grandparents and grandchildren will be in the joking category.",0.95,0.95,1,1,/san_silberbauer_65_sv,1378,ehraf_v2
1379,within_group,SouthernAfrica,san,A's grandchildren,B,A's grandchildren,B,kin_role,kin_role,joking_relationship,symmetric,joking category,,"if A is B's joking partner, than A's children and parents (i.e. his two proximate generations) will be in the avoidance category vis-a-vis B, while the grandparents and grandchildren will be in the joking category.",0.95,0.95,1,1,/san_silberbauer_65_sv,1379,ehraf_v2
1380,within_group,SouthernAfrica,san,all kin,joking or avoidance categories,all kin,joking or avoidance categories,group,group,joking_relationship,symmetric,joking vs avoidance classification,,"All kin are in either the joking or the avoidance categories and the behaviour is reciprocal, i.e. if I am in a cousin's joking category, he is also in mine.",0.85,0.85,1,1,/san_silberbauer_65_sv,1380,ehraf_v2
1381,within_group,SouthernAfrica,san,joking partners,opposite sexes (potential marriageable),joking partners,opposite sexes (potential marriageable),kin_role,kin_role,joking_relationship,symmetric,joking partners,,"It has been mentioned that joking partners of opposite sexes, if of appropriate ages, are considered to be potentially marriageable. The intimate relationships permitted between them give them a good opportunity68 to get to know each other, and for others to judge their suitability to each other, before marrying.",0.6,0.6,1,1,/san_silberbauer_67_sv,1381,ehraf_v2
1382,within_group,SouthernAfrica,san,Grandparents,Grandchildren,Grandparents,Grandchildren,kin_role,kin_role,joking_relationship,symmetric,joking partners,,"It is a feature of many cultures that a specially friendly or affectionate relationship exists between alternate generations. Among the G/wi, where Regulation Of Marriage these are joking partners, this serves the useful purpose of allowing the grandparents to act as a counterweight to the perhaps somewhat austere authority of the parents and also to explain the parents' point of view to the children on a more friendly basis.",0.9,0.9,1,1,/san_silberbauer_68_sv,1382,ehraf_v2
1383,within_group,SouthernAfrica,san,siblings-in-law of the opposite sex,siblings-in-law of the opposite sex,siblings-in-law of the opposite sex,siblings-in-law of the opposite sex,kin_role,kin_role,joking_relationship,symmetric,joking relationship,giba-ku,"The typical pattern of giba-ku is frequently observed between the residents of the same sex in very affinitive relationships with each other. In the context of visiting, the most interesting is the giba-ku interaction between siblings-in-law of the opposite sex.",0.9,0.9,1,1,/san_sugawara_187_1988_sv,1383,ehraf_v2
1384,within_group,SouthernAfrica,san,adolescent or pubescent boys (residents),adolescent or pubescent boys (visitors),adolescent or pubescent boys (residents),adolescent or pubescent boys (visitors),age_set,age_set,joking_relationship,symmetric,play fighting / joking relation,//gaikari-ku,"The third type of bodily contact occurs in a distinctive pattern of interaction called //gaikari-ku. Typically, //gaikari-ku means the play fighting between adolescent or pubescent boys which is performed in a way similar to a boxing match, but the verbal exchange of jokes or quasi abuse is also referred to by the same term.",0.9,0.9,1,1,/san_sugawara_187_1988_sv,1384,ehraf_v2
1385,within_group,SouthernAfrica,san,adolescent boy,adult man,adolescent boy,adult man,age_set,age_set,joking_relationship,symmetric,banter,,"Then an adolescent boy (Tabu:ka) who was lying near the open-air fire called jokingly to Hxara:, “≠Kai, Hxara:be”. Immediately, Hxara: approached and shook Tabu:ka roughly and even attempting to step on his head. Tabu:ka rolled about on the sand. crying “Stop it! Hxara:!” ... In spite of the violent way in which Hxara: treated Tabu:ka, both of them remained smiling.",0.85,0.85,1,1,/san_sugawara_200_1988_sv,1385,ehraf_v2
1386,within_group,SouthernAfrica,san,newcomer woman,attendant visitor,newcomer woman,attendant visitor,group,group,joking_relationship,symmetric,mock blows / banter,,"After she sat down at a distance of 1 m from one of the resident women, she exchanged greeting with 3 older residents, one after another. And then, she called to !kaoba, “≠Kai”. Immediately, !kaoba stood up and approached kju:, sitting in face-to-face proximity to her. These two women exchanged mock blows with each other, laughing cheerfully.",0.8,0.8,1,1,/san_sugawara_200_1988_sv,1386,ehraf_v2
1387,within_group,SouthernAfrica,san,ego,adjacent generation,ego,adjacent generation,kin_role,kin_role,avoidance,symmetric,,,"1) Avoidance relationship is applied to the adjacent generation, except for mother's brother, father's sister, and their spouses.",0.95,0.95,1,1,/san_sugawara_25_1984_sv,1387,ehraf_v2
1388,within_group,SouthernAfrica,san,ego,mother's brother,ego,mother's brother,kin_role,kin_role,joking_relationship,symmetric,,,"1) Avoidance relationship is applied to the adjacent generation, except for mother's brother, father's sister, and their spouses.",0.85,0.85,1,1,/san_sugawara_25_1984_sv,1388,ehraf_v2
1389,within_group,SouthernAfrica,san,ego,father's sister,ego,father's sister,kin_role,kin_role,joking_relationship,symmetric,,,"1) Avoidance relationship is applied to the adjacent generation, except for mother's brother, father's sister, and their spouses.",0.85,0.85,1,1,/san_sugawara_25_1984_sv,1389,ehraf_v2
1390,within_group,SouthernAfrica,san,ego,their spouses,ego,their spouses,kin_role,kin_role,joking_relationship,symmetric,,,"1) Avoidance relationship is applied to the adjacent generation, except for mother's brother, father's sister, and their spouses.",0.8,0.8,1,1,/san_sugawara_25_1984_sv,1390,ehraf_v2
1391,within_group,SouthernAfrica,san,ego,same generation,ego,same generation,kin_role,kin_role,joking_relationship,symmetric,,,"2) Joking relationship is applied to the same generation, except siblings of the opposite sex, parallel cousin of the opposite sex, and their spouses.",0.95,0.95,1,1,/san_sugawara_25_1984_sv,1391,ehraf_v2
1392,within_group,SouthernAfrica,san,ego,siblings of the opposite sex,ego,siblings of the opposite sex,kin_role,kin_role,avoidance,symmetric,,,"2) Joking relationship is applied to the same generation, except siblings of the opposite sex, parallel cousin of the opposite sex, and their spouses.",0.9,0.9,1,1,/san_sugawara_25_1984_sv,1392,ehraf_v2
1393,within_group,SouthernAfrica,san,ego,parallel cousin of the opposite sex,ego,parallel cousin of the opposite sex,kin_role,kin_role,avoidance,symmetric,,,"2) Joking relationship is applied to the same generation, except siblings of the opposite sex, parallel cousin of the opposite sex, and their spouses.",0.9,0.9,1,1,/san_sugawara_25_1984_sv,1393,ehraf_v2
1394,within_group,SouthernAfrica,san,ego,their spouses,ego,their spouses,kin_role,kin_role,avoidance,symmetric,,,"2) Joking relationship is applied to the same generation, except siblings of the opposite sex, parallel cousin of the opposite sex, and their spouses.",0.8,0.8,1,1,/san_sugawara_25_1984_sv,1394,ehraf_v2
1395,within_group,SouthernAfrica,san,ego,alternate generations,ego,alternate generations,kin_role,kin_role,joking_relationship,symmetric,,,3) Joking relationship is applied to the persons belonging to the alternate generations.,0.95,0.95,1,1,/san_sugawara_25_1984_sv,1395,ehraf_v2
1396,within_group,SouthernAfrica,san,uncle/aunt in 'cross' position,nephew/niece,uncle/aunt in 'cross' position,nephew/niece,kin_role,kin_role,joking_relationship,symmetric,joking relationship,,"This high frequency of dyads in proximity might be due to the fact that all of these relations between uncle/aunt and nephew/niece are ‘cross’ relations (i.e., relations between ego and ego's mother's brother or ego's father's sister). In other words, the principle that the joking relationship is to be applied to the uncle or aunt in ‘cross’ position, though they are belonging to the adjacent generation to ego's, may be reflected in the above result.",0.9,0.9,1,1,/san_sugawara_26_1984_sv,1396,ehraf_v2
1397,within_group,SouthernAfrica,san,parent-in-law,child-in-law,parent-in-law,child-in-law,kin_role,kin_role,avoidance,symmetric,,,"Although the parent-in-law and child-in-law are very often in proximity with each other, physical contact is strongly avoided between them.",0.9,0.9,1,1,/san_sugawara_29_1984_sv,1397,ehraf_v2
1398,within_group,SouthernAfrica,san,siblings of the opposite sex,each other,siblings of the opposite sex,each other,kin_role,kin_role,avoidance,symmetric,,,"In summary in comparing close consanguineous or affinal relations, it is evident that contact is far less frequent between the siblings of the opposite sex than between those of the same sex.",0.85,0.85,1,1,/san_sugawara_29_1984_sv,1398,ehraf_v2
1399,within_group,SouthernAfrica,san,"siblings-in-law (i.e., ego and ego's sibling's spouses or spouse's sibling)",each other,"siblings-in-law (i.e., ego and ego's sibling's spouses or spouse's sibling)",each other,kin_role,kin_role,avoidance,symmetric,,,"This is also true for the relations between siblings-in-law (i.e., ego and ego's sibling's spouses or spouse's sibling).",0.8,0.8,1,1,/san_sugawara_29_1984_sv,1399,ehraf_v2
1400,within_group,SouthernAfrica,san,persons of an adjacent upper generation,persons of alternate generations,persons of an adjacent upper generation,persons of alternate generations,kin_role,kin_role,unclear,mixed,joking-avoidance relationship,,"Generally, it has been accepted that the joking-avoidance relationship is closely related to both sex and generation. Namely, ‘reserved’ or ‘respectful’ behavior is required toward the persons of an adjacent upper generation, while relaxed behavior is tolerated toward those of alternate generations.",0.75,0.75,1,1,/san_sugawara_29_1984_sv,1400,ehraf_v2
1401,within_group,SouthernAfrica,san,males and females belonging to genealogically the same generation,each other,males and females belonging to genealogically the same generation,each other,kin_role,kin_role,avoidance,symmetric,,,"Only for male-female dyads, are significant chi-square values obtained from the distributions of number of dyads in contact among both of the genealogical and biological generation categories. Namely, contact is apt to be avoided between males and females belonging to genealogically the same generation (X2=4.8153, p&0.05, df=1).",0.9,0.9,1,1,/san_sugawara_29_1984_sv,1401,ehraf_v2
1402,within_group,SouthernAfrica,san,males and females belonging to biologically alternate generations,each other,males and females belonging to biologically alternate generations,each other,kin_role,kin_role,joking_relationship,symmetric,,,"At the same time, contact tends to frequently occur between males and females belonging to biologically alternate generations (X2=7.3516, p&0.01, df=1).",0.85,0.85,1,1,/san_sugawara_29_1984_sv,1402,ehraf_v2
1403,within_group,SouthernAfrica,san,CH-6,KR-12,CH-6,KR-12,person,person,joking_relationship,mixed,joking relation,,Especially the relations between CH-6 and these 2 adolescent males very properly fall under the concept of the ‘joking relation’.,0.9,0.9,1,1,/san_sugawara_31_1984_sv,1403,ehraf_v2
1404,within_group,SouthernAfrica,san,CH-6,HO-13,CH-6,HO-13,person,person,joking_relationship,mixed,joking relation,,Especially the relations between CH-6 and these 2 adolescent males very properly fall under the concept of the ‘joking relation’.,0.9,0.9,1,1,/san_sugawara_31_1984_sv,1404,ehraf_v2
1405,within_group,SouthernAfrica,san,babam and masi (grandparents),n!odim and n!odisi (grandchildren),babam and masi (grandparents),n!odim and n!odisi (grandchildren),kin_role,kin_role,joking_relationship,symmetric,joking category,,"Grandparents (babam and masi) and grandchildren (n!odim and n!odisi), separated from ego by one generation, enter into the joking category.",0.95,0.95,1,1,/san_tanaka_105_sv,1405,ehraf_v2
1406,within_group,SouthernAfrica,san,same-sex siblings (for a male ego: brothers kiyaxom and dabaxom),ego,same-sex siblings (for a male ego: brothers kiyaxom and dabaxom),ego,kin_role,kin_role,joking_relationship,symmetric,joking relationship,,"Siblings are divided according to sex; for a male ego, his brothers (kiyaxom and dabaxom) are held in a joking relationship and his sisters (kiyaxosi and dabaxosi) in an avoidance relationship.",0.9,0.9,1,1,/san_tanaka_105_sv,1406,ehraf_v2
1407,within_group,SouthernAfrica,san,parents' opposite-sex siblings (those called by the terms for grandparents),ego,parents' opposite-sex siblings (those called by the terms for grandparents),ego,kin_role,kin_role,joking_relationship,symmetric,joking category,,"A parent's opposite-sex siblings (those called by the terms for grandparents) and one's cross cousins (those called by the terms for grandchildren) are in the joking category,",0.9,0.9,1,1,/san_tanaka_105_sv,1407,ehraf_v2
1408,within_group,SouthernAfrica,san,opposite-sex cross cousins (those called by the terms for grandchildren),ego,opposite-sex cross cousins (those called by the terms for grandchildren),ego,kin_role,kin_role,joking_relationship,symmetric,joking category,,"A parent's opposite-sex siblings (those called by the terms for grandparents) and one's cross cousins (those called by the terms for grandchildren) are in the joking category,",0.9,0.9,1,1,/san_tanaka_105_sv,1408,ehraf_v2
1409,within_group,SouthernAfrica,san,ego,"ego's grandparents, same-sex siblings, opposite-sex cross cousins, and parents' opposite-sex siblings",ego,"ego's grandparents, same-sex siblings, opposite-sex cross cousins, and parents' opposite-sex siblings",kin_role,kin_role,joking_relationship,symmetric,,,"Within the joking category, particularly free relations hold between ego and ego's grandparents, same-sex siblings, opposite-sex cross cousins, and parents' opposite-sex siblings, to the extent that they may exchange gossip and criticism about others, tell sexual stories, play pranks on each other, and so on.",0.9,0.9,1,1,/san_tanaka_105_sv,1409,ehraf_v2
1410,within_group,SouthernAfrica,san,nuclear family,collaterals,nuclear family,collaterals,kin_role,kin_role,joking_relationship,symmetric,relationship of joking or respect,,"Standard !Kung kinship terms are structured by relative age and generation, and each term carries with it a relationship of joking or respect that delimits eligibility for marriage and a range of permitted behavior.",0.8,0.8,1,1,/san_wiessner_106_1994_sv,1410,ehraf_v2
1411,within_group,SouthernAfrica,san,collaterals,affinal kin,collaterals,affinal kin,kin_role,kin_role,joking_relationship,symmetric,relationship of joking or respect,,"Standard !Kung kinship terms are structured by relative age and generation, and each term carries with it a relationship of joking or respect that delimits eligibility for marriage and a range of permitted behavior.",0.8,0.8,1,1,/san_wiessner_106_1994_sv,1411,ehraf_v2
1412,within_group,SouthernAfrica,san,spouses' siblings and siblings' spouses,collateral kin,spouses' siblings and siblings' spouses,collateral kin,kin_role,kin_role,joking_relationship,symmetric,same kinship joking/respect terms,,Only spouses' siblings and siblings' spouses are given terms that do not distinguish them from collateral kin.,0.85,0.85,1,1,/san_wiessner_106_1994_sv,1412,ehraf_v2
1413,within_group,SouthernAfrica,san,people sharing their name,ego's nuclear family (core),people sharing their name,ego's nuclear family (core),group,kin_role,joking_relationship,unclear,joking status extended by homonymous method,,People sharing their name are given a generational term carrying the appropriate joking status (Marshall 1976).,0.6,0.6,1,1,/san_wiessner_108_1988_sv,1413,ehraf_v2
1414,within_group,SouthernAfrica,san,one who shares a name with a person's sister,person's sister,one who shares a name with a person's sister,person's sister,kin_role,kin_role,joking_relationship,unclear,like (name-based joking extension),,The one who shares a name with a person's sister is said to be ‘like’ his sister (note that the San clearly do not say that this person then ‘is’ his sister as the term giving and term receiving groups are kept distinct).,0.7,0.7,1,1,/san_wiessner_108_1988_sv,1414,ehraf_v2
1415,within_group,SouthernAfrica,san,one's own generation,one's own generation,one's own generation,one's own generation,kin_role,kin_role,joking_relationship,symmetric,,,"Essentially one is allowed to joke with everybody in one's own generation except siblings of the opposite sex and their spouses, one's spouse's siblings of the same sex and their spouses as well as everybody in alternate generations to yours.",0.95,0.95,1,1,/san_wiessner_114_1988_sv,1415,ehraf_v2
1416,within_group,SouthernAfrica,san,homonymous method (individual for whom one is given a term),person given the kin term (ego's referent),homonymous method (individual for whom one is given a term),person given the kin term (ego's referent),kin_role,kin_role,joking_relationship,symmetric,,,"The homonymous method of applying terms again takes precedence over the generational and one has the same joking relationship as the individual for whom one is given a term. The joking relationship is always reciprocal and as soon as one person has a kin term for another, both know within what bounds they must behave.",0.9,0.9,1,1,/san_wiessner_114_1988_sv,1416,ehraf_v2
1417,within_group,SouthernAfrica,san,hxaro partner,joking relative,hxaro partner,joking relative,group,kin_role,joking_relationship,symmetric,,hxaro,"A San may just wait quietly for a return or if his hxaro partner lives nearby and is a joking relative, after a respectable period of time, a minimum of two weeks, the giver may go to the receiver and jokingly remind him that he has a debt.",0.9,0.9,1,1,/san_wiessner_144_1988_sv,1417,ehraf_v2
1418,within_group,SouthernAfrica,san,Nunamiut,joking partners,Nunamiut,joking partners,ethnic group,group,joking_relationship,symmetric,joking partnership,,"If it is not possible for them to find a common relative other channels are still open—a name relationship, a dancing partnership, joking partnership, etc..",0.6,0.6,1,1,/san_wiessner_355_1988_sv,1418,ehraf_v2
1419,within_group,SouthernAfrica,shona,muzukuru,Tendai,muzukuru,Tendai,kin_role,kin_role,joking_relationship,symmetric,so-called joking relationship,,"Tendai treats Muzhara as kindly as she would treat Farai, thus establishing a so-called joking relationship with him.",0.9,0.9,1,1,/shona_aschwanden_175_1982_sv,1419,ehraf_v2
1420,within_group,SouthernAfrica,shona,man,varamu,man,varamu,kin_role,kin_role,joking_relationship,symmetric,,varamu,"Adolescent boys have hardly any sexual contact with girls. However, possible partners in intimate relationships (which may lead to sexual intercourse) are the varamu — those women with whom a man can have a joking relationship (cf below).",0.7,0.7,1,1,/shona_aschwanden_74_1982,1420,ehraf_v2
1421,within_group,SouthernAfrica,shona,the youth,his elder brother's wife,the youth,his elder brother's wife,kin_role,kin_role,joking_relationship,symmetric,joking relationship,,"During this period of his life the boy is also given more thorough instruction on sexual matters by some older members of the family such as, for instance, an elder brother and his wife. With the latter the youth is on special terms — the so-called “joking relationship”.",0.9,0.9,1,1,/shona_aschwanden_75_1982,1421,ehraf_v2
1422,within_group,SouthernAfrica,shona,growing Karanga girl,her sisters' husbands,growing Karanga girl,her sisters' husbands,kin_role,kin_role,joking_relationship,symmetric,joking relationship,,"At the beginning of puberty, the girls are separated from the boys, but despite this it is then that the first sexual “concessions” are made and the young girls learn more about their future sex-life. The growing Karanga girl is permitted to mix with her sisters' husbands, to eat and joke with them, the latter including the exchange of obscenities. This is what is called a joking relationship.",0.9,0.9,1,1,/shona_aschwanden_78_1982_sv,1422,ehraf_v2
1423,within_group,SouthernAfrica,shona,muzukuru,dead man's clan,muzukuru,dead man's clan,kin_role,clan,joking_relationship,unclear,the joking relationship,,"By drinking the “beer of the water”, however, the muzukuru represents still something else. He demonstrates, the Karanga explain, that he himself reaps the “benefit” of the “amniotic fluid” because he can marry women from the dead man's clan (cf p. *, the joking relationship).",0.6,0.6,1,1,/shona_ashwanden_277_1987_sv,1423,ehraf_v2
1424,within_group,SouthernAfrica,shona,the sister's son,his mother's brother,the sister's son,his mother's brother,kin_role,kin_role,joking_relationship,mixed,ukama hwokutamba,ukama hwokutamba,"This relationship is cordial and intimate: the Shona refer to it as ukama hwokutamba (‘a relationship of playing’) and anthropologists call it a joking relationship. The sister's son can normally avail himself of anything belonging to his mother's brother without even asking for it, and no action should be taken against him.",0.95,0.95,1,1,/shona_bourdillon_49_sv,1424,ehraf_v2
1425,within_group,SouthernAfrica,shona,Maromo,Paratema,Maromo,Paratema,kin_role,kin_role,joking_relationship,mixed,,muzukuru,"To Paratema, Maromo is muzukuru, his sister's son, and he is privileged in many respects above the sons of the house. He takes precedence over them at meals, sitting next his sekuru, and, in a joking way, may rob him even of his raiment.",0.9,0.9,1,1,/shona_bullock_81_sv,1425,ehraf_v2
1426,within_group,SouthernAfrica,shona,Maromo,Marutenga,Maromo,Marutenga,kin_role,person,joking_relationship,non_symmetric,,,"extended to some extent with Marutenga, Paratema's wife; and if Maromo exceeds its limits with her, it is she who will be blamed by Paratema, for there is a very cordial bond between sekuru and muzukuru.",0.7,0.7,1,1,/shona_bullock_81_sv,1426,ehraf_v2
1427,within_group,SouthernAfrica,shona,Maromo,Whera,Maromo,Whera,person,person,joking_relationship,symmetric,,,"He is on excellent terms with her, and she runs out to greet him when she sees him coming, calling out “Our husbands have arrived”, and takes his impedimenta, putting them in her hut. He is the honoured guest during his visit.",0.6,0.6,1,1,/shona_bullock_81_sv,1427,ehraf_v2
1428,within_group,SouthernAfrica,shona,husband,ritual friend,husband,ritual friend,kin_role,group,banter,symmetric,licensed banter,,The most mature love poetry appears to be that composed during marriage. In the examples collected the praises form part of the licensed banter between ritual friends. Each one praises his own wife for her qualities and criticizes the wife of his friend.,0.9,0.9,1,1,/shona_fortune_72_sv,1428,ehraf_v2
1429,within_group,SouthernAfrica,shona,the nephew (muzukuru),his aunt,the nephew (muzukuru),his aunt,kin_role,kin_role,joking_relationship,symmetric,joking relationship,muzukuru; muroora,"Thus a nephew may become familiar with his aunt because he holds this position in the family and enjoys this peculiar freedom in his uncle's village. He can joke with his aunt who can retort in the same vein saying that he (the muzukuru) is a muroora, implying that he is like a young wife as he is descended from her husband's sister.",0.9,0.9,1,1,/shona_gelfand_41_1973_sv,1429,ehraf_v2
1430,within_group,SouthernAfrica,shona,the nephew (muzukuru),his cousins' wives,the nephew (muzukuru),his cousins' wives,kin_role,kin_role,joking_relationship,symmetric,joking relationship,muzukuru,"However, the joking relationship is much more in evidence between the nephew and his cousins' wives.",0.9,0.9,1,1,/shona_gelfand_41_1973_sv,1430,ehraf_v2
1431,within_group,SouthernAfrica,shona,ritual friends,the bereaved,ritual friends,the bereaved,group,kin_role,joking_relationship,non_symmetric,ritual friends consoling and joking,,"The ritual friends try to console the bereaved, and they do most of the cooking and even make jokes.",0.9,0.9,1,1,/shona_gelfand_42_1979_sv,1431,ehraf_v2
1432,within_group,SouthernAfrica,shona,two individuals unrelated to one another,sahwira (each other),two individuals unrelated to one another,sahwira (each other),person,person,joking_relationship,symmetric,"sahwira (ritual bondship, joking relationship)",sahwira,"Of great value to an African is the bond of friendship formed between two individuals unrelated to one another. This lifelong friend is called sahwira ... Social anthropologists have referred sometimes to such a friendship as a joking relationship, thus stressing the fact that the friends can tease or rag one another without either losing his temper.",0.8,0.8,1,1,/shona_gelfand_51_1968_sv,1432,ehraf_v2
1433,within_group,SouthernAfrica,shona,ritual friends (sahwira),ritual friends (sahwira),ritual friends (sahwira),ritual friends (sahwira),group,group,joking_relationship,symmetric,sahwira,sahwira,The only time a person can call another a witch is when two ritual friends ( sahwira) joke with one another and do not take the matter seriously.,0.9,0.9,1,1,/shona_gelfand_59_1967_sv,1433,ehraf_v2
1434,within_group,SouthernAfrica,shona,ritual friends,ritual friends,ritual friends,ritual friends,kin_role,kin_role,joking_relationship,symmetric,special type of scolding among ritual friends,,"There is, however, a special type of scolding among ritual friends which takes the form of a joke and is not taken seriously.",0.9,0.9,1,1,/shona_gelfand_62_1968_sv,1434,ehraf_v2
1435,within_group,SouthernAfrica,shona,vasahwira,vasahwira,vasahwira,vasahwira,group,group,joking_relationship,symmetric,ritual friends,vasahwira,The first takes the form of a joke and is permitted only among ritual friends ( vasahwira) who allow derogatory things to be said by each other without their causing annoyance.,0.9,0.9,1,1,/shona_gelfand_84_1973_sv,1435,ehraf_v2
1436,within_group,SouthernAfrica,shona,Sekuru,muzukuru,Sekuru,muzukuru,kin_role,kin_role,joking_relationship,symmetric,joking relationship,,"I think it is clear that the ‘joking relationship’, between grandparents and grandchildren, that is, between members and uterine members of a lineage, has a logical and structural basis in Hera kinship.",0.9,0.9,1,1,/shona_holleman_46_sv,1436,ehraf_v2
1437,within_group,SouthernAfrica,shona,vakarahwe,vakwasha,vakarahwe,vakwasha,kin_role,kin_role,joking_relationship,non_symmetric,,"mukarahwe, mukwasha, tezwara","The basis of this relationship is partly brought out by the term mukarahwe. The literal translation, ‘stone-sister’, is also a literal description of the position of a ‘father-in-law’ in his son-in-law's kraal... The general basis for this relationship is, therefore, clearly established: the vakarahwe are entitled to respectful treatment from their vakwashabecause they are the ‘higher’ and the ‘elder’ ones.",0.9,0.9,1,1,/shona_holleman_46_sv,1437,ehraf_v2
1440,within_group,SouthernAfrica,tonga,grandmother,grandson,grandmother,grandson,kin_role,kin_role,joking_relationship,symmetric,joking relations,,"This grandmother-grandson relationship represents a common form of “joking relations,” as research throughout Africa documents (Colson 1951; Murdock 1959; Stucki 1995).",0.9,0.9,1,1,/tonga_cliggett_114_sv,1440,ehraf_v2
1441,within_group,SouthernAfrica,tonga,a man,his mother's brother's wife,a man,his mother's brother's wife,kin_role,kin_role,joking_relationship,symmetric,free joking relationship,,"Here a man has a free joking relationship with his mother's brother's wife, or with his sister's son's wife, and he is often suspect of being her lover.",0.8,0.8,1,1,/tonga_colson_100_1967_sv,1441,ehraf_v2
1442,within_group,SouthernAfrica,tonga,a man,his sister's son's wife,a man,his sister's son's wife,kin_role,kin_role,joking_relationship,symmetric,free joking relationship,,"Here a man has a free joking relationship with his mother's brother's wife, or with his sister's son's wife, and he is often suspect of being her lover.",0.8,0.8,1,1,/tonga_colson_100_1967_sv,1442,ehraf_v2
1443,within_group,SouthernAfrica,tonga,men,women,men,women,group,group,joking_relationship,symmetric,masabe dancing cross-dressing,masabe,"During masabe dancing, which may be performed either as a curing ritual or as pure entertainment, either men or women may dress as members of the opposite sex. Women masabe leaders carry an axe.",0.8,0.8,1,1,/tonga_colson_140_1958_sv,1443,ehraf_v2
1444,within_group,SouthernAfrica,tonga,matrilineal group,clan joking-partners,matrilineal group,clan joking-partners,lineage,clan,joking_relationship,symmetric,clan joking-partners,,"If a person tries to commit suicide and fails, then his matrilineal group must find a goat to kill for him so that the clan joking-partners can come and joke with him and eat the meat.",0.9,0.9,1,1,/tonga_colson_145_1958_sv,1444,ehraf_v2
1445,within_group,SouthernAfrica,tonga,clan,paired clan,clan,paired clan,clan,clan,joking_relationship,unclear,bujwanyina,bujwanyina,"Each clan is linked or paired with several others individually in what is known as bujwanyina, a relationship of which joking is only one aspect of a wider range of duties and rights.",0.9,0.9,1,1,/tonga_colson_15_1958_sv,1445,ehraf_v2
1446,within_group,SouthernAfrica,tonga,Baleya,Bantanga,Baleya,Bantanga,clan,clan,joking_relationship,symmetric,joking-partners,,"Upper River clans do not have joking-partners, with the possible exception of the Baleya and Bantanga,",0.9,0.9,1,1,/tonga_colson_177_1967_sv,1446,ehraf_v2
1447,within_group,SouthernAfrica,tonga,a lineage,various others of its own clan,a lineage,various others of its own clan,lineage,clan,alliance,symmetric,silufulo partners,silufulo,a lineage is linked with various others of its own clan in a permanent alliance as silufulo partners. Silufulo can be translated as ‘calabash man’ and refers to the calabash ladle with which offerings are poured.,0.85,0.85,1,1,/tonga_colson_177_1967_sv,1447,ehraf_v2
1448,within_group,SouthernAfrica,tonga,clan,clan,clan,clan,clan,clan,joking_relationship,symmetric,bujwanyina (joking-relationship),bujwanyina,"Briefly, each clan is linked with a number of others in a permanent joking-relationship known as bujwanyina. Clan joking-partners perform various services for one another, particularly during funerals.",0.95,0.95,1,1,/tonga_colson_178_1967_sv,1448,ehraf_v2
1450,within_group,SouthernAfrica,tonga,clans,the same clans paired together in all the territory stretching from the Zambezi to the Plateau,clans,the same clans paired together in all the territory stretching from the Zambezi to the Plateau,clan,clan,joking_relationship,symmetric,clan joking-relationship,,they are a constant one with the same clans paired together in all the territory stretching from the Zambezi to the Plateau.,0.9,0.9,1,1,/tonga_colson_179_1967_sv,1450,ehraf_v2
1451,within_group,SouthernAfrica,tonga,clan of the sikatongo,Clans in a joking-relationship with the clan of the sikatongo,clan of the sikatongo,Clans in a joking-relationship with the clan of the sikatongo,clan,clan,joking_relationship,symmetric,joking-relationship,,Clans in a joking-relationship with the clan of the sikatongo have their set duties in the building or repair of a shrine and in the various rites performed at the shrine.,0.85,0.85,1,1,/tonga_colson_179_1967_sv,1451,ehraf_v2
1453,within_group,SouthernAfrica,tonga,silufulo lineage (grandchildren),lineage of the dead (lineage mates of the dead),silufulo lineage (grandchildren),lineage of the dead (lineage mates of the dead),lineage,lineage,joking_relationship,non_symmetric,grandchildren (ritual jesters) / clan joking-partners,silufulo,"Whenever joking is institutionalized in a ritual context, the duty is performed by ‘grandchildren'. These are never the grandchildren of the lineage involved; they are grandchildren of the silufulo lineage. During a funeral grain from the store of the dead man or woman is poured upon the grave. The grandchildren of the silufulo lineage are the ones to scramble for it while they jest with one another and with lineage mates of the dead.",0.9,0.9,1,1,/tonga_colson_180_1967_sv,1453,ehraf_v2
1454,within_group,SouthernAfrica,tonga,Middle River clans,other Middle River clans,Middle River clans,other Middle River clans,clan,clan,joking_relationship,symmetric,clan joking-partners,,"Middle River clans are linked together as clan joking-partners in a manner comparable to that found among the Plateau Tonga,",0.85,0.85,1,1,/tonga_colson_22_1967_sv,1454,ehraf_v2
1455,within_group,SouthernAfrica,tonga,Middle River man,wives of his sister's sons,Middle River man,wives of his sister's sons,kin_role,kin_role,joking_relationship,symmetric,joking basis with affinal wives,,A Middle River man is on a joking basis with the wives of both his sister's sons and his mother's brothers.,0.9,0.9,1,1,/tonga_colson_22_1967_sv,1455,ehraf_v2
1456,within_group,SouthernAfrica,tonga,Middle River man,wives of his mother's brothers,Middle River man,wives of his mother's brothers,kin_role,kin_role,joking_relationship,symmetric,joking basis with affinal wives,,A Middle River man is on a joking basis with the wives of both his sister's sons and his mother's brothers.,0.9,0.9,1,1,/tonga_colson_22_1967_sv,1456,ehraf_v2
1457,within_group,SouthernAfrica,tonga,grandfather,grandchild,grandfather,grandchild,kin_role,kin_role,joking_relationship,symmetric,appropriate joking,,"A small child may rush home in dismay under the teasing of an old man or woman, to be told by its mother that this is appropriate joking because the teaser is his ‘grandfather’ or ‘grandmother’ and that he must joke back.",0.9,0.9,1,1,/tonga_colson_268_1958_sv,1457,ehraf_v2
1458,within_group,SouthernAfrica,tonga,cross-cousins,cross-cousins,cross-cousins,cross-cousins,kin_role,kin_role,joking_relationship,symmetric,free and easy joking,,The free and easy joking which marks the dealings of cross-cousins is very different from the relatively restrained behaviour which spouses should observe towards one another in public.,0.9,0.9,1,1,/tonga_colson_268_1958_sv,1458,ehraf_v2
1459,within_group,SouthernAfrica,tonga,basimukowa,basyanausi,basimukowa,basyanausi,kin_role,kin_role,joking_relationship,symmetric,joking relationship basis,,"for the son would have become a ‘brother-in-law’ of his father's generation, and thus on a joking relationship basis with them. The old rules which prevented the two generations of a matrilineal group from appearing as basimukowa and basyanausi in the same marriage also prevented the possibility of such conflicts.",0.8,0.8,1,1,/tonga_colson_322_1958_sv,1459,ehraf_v2
1460,within_group,SouthernAfrica,tonga,clan,clan joking-partners,clan,clan joking-partners,clan,clan,joking_relationship,symmetric,clan joking-partners,,"This is still done in clan joking-partners for a public shaming of the culprit.
...joking-partners have a general obligation to cast slighting remarks which touch upon one another's misdeeds.",0.7,0.7,1,1,/tonga_colson_325_1958_sv,1460,ehraf_v2
1461,within_group,SouthernAfrica,tonga,children of brother,children of sister,children of brother,children of sister,kin_role,kin_role,joking_relationship,symmetric,friendly joking partners,,It is possible that the change reflects the increased tension between the children of brother and sister—for they now see themselves on many occasions as rivals for the wealth of the single man through whom they trace their relationship rather than as friendly joking partners.,0.8,0.8,1,1,/tonga_colson_327_1958_sv,1461,ehraf_v2
1462,within_group,SouthernAfrica,tonga,those of the same clan,clan joking-partners,those of the same clan,clan joking-partners,clan,clan,joking_relationship,symmetric,clan joking-partners,,"Those of the same clan, or those who were clan joking-partners, ought not to enslave or hold one another in slavery, but they could turn a blind eye to encroachments upon the life or freedom of one who could only cite his membership in a clan as a claim upon them.",0.8,0.8,1,1,/tonga_colson_45_1958_sv,1462,ehraf_v2
1463,within_group,SouthernAfrica,tonga,a clan,father's clan,a clan,father's clan,clan,clan,joking_relationship,unclear,clan joking partner,,"In Middle River region, I had a quasi-kinship position based on the fact that years before the Plateau Tonga had playfully allocated me to a clan and a father's clan. Almost everyone could therefore address me as a fellow clansman, a child of the clan, a grandmother through clan, an affine, or as a clan joking partner.",0.7,0.7,1,1,/tonga_colson_53_1967_sv,1463,ehraf_v2
1464,within_group,SouthernAfrica,tonga,Children,sisters' children,Children,sisters' children,kin_role,kin_role,joking_relationship,symmetric,cross-cousin; licensed familiarity,,"The same generation of basyanausi also has responsibility for and authority over the generation of their sisters' sons, but this authority is different in kind from that which it exercises over its children. Children and sisters' children therefore are in somewhat of an equivocal position in relation to one another. They call one another ‘cross-cousin’ and have a relationship of licensed familiarity.",0.9,0.9,1,1,/tonga_colson_55_1958_sv,1464,ehraf_v2
1465,within_group,SouthernAfrica,tonga,Those not of this generation,his generation,Those not of this generation,his generation,kin_role,kin_role,joking_relationship,symmetric,joking partners and equals,,"A child is bound primarily to its own father and through him to his generation whether of the same branch or not. It is to this generation that a person owes respect and to its members he turns for assistance. Those not of this generation are joking partners and equals, and would be treated as ‘fathers’ only in the absence of any member of the paternal generation.",0.8,0.8,1,1,/tonga_colson_55_1958_sv,1465,ehraf_v2
1466,within_group,SouthernAfrica,tonga,cross-cousins,cross-cousins,cross-cousins,cross-cousins,kin_role,kin_role,joking_relationship,symmetric,,,"This last, however, causes little difficulty since joking and easy familiarity pertains to all such relationships.",0.9,0.9,1,1,/tonga_colson_56_1958_sv,1466,ehraf_v2
1467,within_group,SouthernAfrica,tonga,grandfathers' matrilineal groups,their grandchildren,grandfathers' matrilineal groups,their grandchildren,lineage,kin_role,joking_relationship,symmetric,,,"Between men and women and their grandfathers, and indeed all members of the grandfathers' matrilineal groups, there exists a joking relationship comparable in many ways to that which is found between cross-cousins.",0.95,0.95,1,1,/tonga_colson_56_1958_sv,1467,ehraf_v2
1468,within_group,SouthernAfrica,tonga,paternal cross-cousins,father's mother's brother,paternal cross-cousins,father's mother's brother,kin_role,kin_role,joking_relationship,unclear,,,"Her brother is usually called ‘grandfather’, though he is likely to be treated with familiarity since he is on the same generation level as paternal cross-cousins, who are equated with him, and he is not of the father's generation.",0.85,0.85,1,1,/tonga_colson_56_1958_sv,1468,ehraf_v2
1469,within_group,SouthernAfrica,tonga,sister's husband,brother's wife,sister's husband,brother's wife,kin_role,kin_role,joking_relationship,symmetric,mukwaasi,mukwaasi,"Sister's husband and brother's wife (both sexes speaking), husband's sister, husband's brother, wife's brother and wife's sister are all equated, and with them are grouped spouse's grandparents and grandchild's spouse. All alike are mukwaasi, and they share a joking relationship comparable to that between cross-cousins.",0.95,0.95,1,1,/tonga_colson_58_1958_sv,1469,ehraf_v2
1470,within_group,SouthernAfrica,tonga,mother's brother,father,mother's brother,father,kin_role,kin_role,joking_relationship,mixed,mukwaasi,mukwaasi,"Eventually as mother's brother and father of the same children, they may be at odds, but equally the existence of these children forms a common bond between them whatever happens to the marriage.",0.9,0.9,1,1,/tonga_colson_58_1958_sv,1470,ehraf_v2
1471,within_group,SouthernAfrica,tonga,cross-cousins,affines of the same generation (mukwaasi),cross-cousins,affines of the same generation (mukwaasi),kin_role,kin_role,joking_relationship,symmetric,mukwaasi / comparable to cross-cousins,mukwaasi,"All alike are mukwaasi, and they share a joking relationship comparable to that between cross-cousins. Indeed, the term for affine of this generation is interchangeable with that for cross-cousin and for spouse.",0.9,0.9,1,1,/tonga_colson_58_1958_sv,1471,ehraf_v2
1472,within_group,SouthernAfrica,tsonga,hahane,nephews and nieces,hahane,nephews and nieces,kin_role,kin_role,joking_relationship,symmetric,confidente / great familiarity,hahane,"For the majority of the Thonga people, a great familiarity with the hahane seems to be the rule. All kinds of jokes can be made in her presence, and a girl, even a boy, will not be ashamed to tell her all the foolish things they have done. She is the proper “confidente” of her nephews and nieces.",0.9,0.9,1,1,/tsonga_jaques_340_sv,1472,ehraf_v2
1473,within_group,SouthernAfrica,tsonga,paternal grandparents,maternal grandparents,paternal grandparents,maternal grandparents,kin_role,kin_role,joking_relationship,symmetric,,"masebe, Ngwatsweku or Ntswalane","It may be recorded here that a special pattern regulates the behaviour of my paternal and maternal grandparents towards one another. My paternal grandfathers call my maternal grandfather and grandmother, masebe, in the Khosen country (Portuguese East), Ngwatsweku or Ntswalane in the Transvaal. My maternal grandparents use the same term when addressing my paternal grandparents. The behaviour is of cordial and jocular familiarity. The men joke especially with the women of the other couple.",0.95,0.95,1,1,/tsonga_jaques_343_sv,1473,ehraf_v2
1474,within_group,SouthernAfrica,tsonga,maternal uncles and their wives,ntukulu,maternal uncles and their wives,ntukulu,kin_role,kin_role,joking_relationship,non_symmetric,,kokwana,"It is not our intention to repeat here the excellent account given by Mr. Junod of the nature of the relationship between a kokwana and a ntukulu. (See Life, I, p. – .) I shall only, as a complement to the description of this pattern of behaviour, give a typical account by one of my informants.

(b) The maternal uncles and their wives.—Among the Ronga, Zulu, Sotho, Pedi and Venda, these uncles have the special name of malume. Thongas, of the Transvaal, under the influence of these tribes, use also the appellation of malume, but the proper Thonga term is kokwana. In this relationship, familiarity attains its maximum.",0.9,0.9,1,1,/tsonga_jaques_343_sv,1474,ehraf_v2
1475,within_group,SouthernAfrica,tsonga,a woman (the man's wife),his younger brothers (the husband's younger brothers),a woman (the man's wife),his younger brothers (the husband's younger brothers),kin_role,kin_role,joking_relationship,symmetric,bungunya,bungunya,"Reciprocally also, a woman will avoid her husband's elder brothers, and joke (bungunya) with his younger brothers.",0.8,0.8,1,1,/tsonga_jaques_347_sv,1475,ehraf_v2
1476,within_group,SouthernAfrica,tsonga,ntukulu,maternal uncles,ntukulu,maternal uncles,kin_role,kin_role,insulting_license,non_symmetric,very free; right of teasing,ntukulu,"The ntukulu, as we shall see, is very free with his maternal uncles. He has the right of teasing them, even insulting them.",0.9,0.9,1,1,/tsonga_junod_214_1927,1476,ehraf_v2
1477,within_group,SouthernAfrica,tsonga,husband (my),daughter of my wife's brother (Shaputa versus Mboza),husband (my),daughter of my wife's brother (Shaputa versus Mboza),kin_role,kin_role,joking_relationship,symmetric,nsati,nsati,In this first category is included the daughter of my wife's brother (Shaputa versus Mboza). With her the relations are perhaps even more free than with my wife's younger sisters. I call her nsati. The intimacy is so great that I can hold her breasts (tamele mabele).,0.9,0.9,1,1,/tsonga_junod_247_1927_sv,1477,ehraf_v2
1478,within_group,SouthernAfrica,tsonga,husband (my),all the girls belonging to my bakoñwana,husband (my),all the girls belonging to my bakoñwana,kin_role,kin_role,joking_relationship,symmetric,tinamu / bakoñwana,bakoñwana,"As already pointed out, all the girls belonging to my bakoñwana are in the same position towards me. I can marry them all… if I am rich enough to “lobola” them.",0.85,0.85,1,1,/tsonga_junod_247_1927_sv,1478,ehraf_v2
1479,within_group,SouthernAfrica,tsonga,husband (my),wives of my elder brothers,husband (my),wives of my elder brothers,kin_role,kin_role,joking_relationship,symmetric,tinamu,tinamu,"The second category of tinamu includes those women whom I might marry, not on account of the prior right of a group to the women of another group, but because I might inherit them. They are the wives of my elder brothers. If their husbands die, I am their legal heir. Relations with them are easy. We joke together, but there is more reserve towards these tinamu than towards those of the first category.",0.9,0.9,1,1,/tsonga_junod_247_1927_sv,1479,ehraf_v2
1480,within_group,SouthernAfrica,tsonga,a woman,his younger brothers (tinamu),a woman,his younger brothers (tinamu),kin_role,kin_role,joking_relationship,symmetric,tinamu,tinamu,"A woman will generally respect the elder brothers of her husband (bengi), and hold very free intercourse with his younger brothers (tinamu), and vice-versa.",0.95,0.95,1,1,/tsonga_sunod_248_1927_sv,1480,ehraf_v2
1481,within_group,SouthernAfrica,tsonga,a man,those of his elder brothers (tinamu),a man,those of his elder brothers (tinamu),kin_role,kin_role,joking_relationship,symmetric,tinamu,tinamu,One does not marry a ñwingi! ... A man will keep away from his younger brother's wives (bengi) and play with those of his elder brothers (tinamu).,0.95,0.95,1,1,/tsonga_sunod_248_1927_sv,1481,ehraf_v2
1482,within_group,SouthernAfrica,tsonga,women,men,women,men,group,group,joking_relationship,non_symmetric,gendered joking / humiliation,,"Rock stripping is strictly a female preserve. Any man happening by is subjected to the most humiliating insults, invariably of a sexual nature.

Women have developed the technique of humiliation to a fine art. It is the most frequently used weapon in the gender context and is played out in public, whenever there is a suitable audience.",0.9,0.9,1,1,/tsonga_webster_265_sv,1482,ehraf_v2
1483,within_group,SouthernAfrica,tsonga,women,returning migrants,women,returning migrants,group,group,joking_relationship,non_symmetric,hostile parody / humiliation,,"Particularly abrasive and hostile humour is reserved for returning migrants, especially if they are prone to parading around the community in new clothes, fancy shoes and mirrored sunglasses. Drink parties, or the communal waterhole, serve as the stage where women of all ages act out elaborate charades—parodying such dandies, playing with particular relish if one such unfortunate is present.",0.85,0.85,1,1,/tsonga_webster_265_sv,1483,ehraf_v2
1484,within_group,SouthernAfrica,tsonga,older women,migrant men,older women,migrant men,age_set,group,joking_relationship,non_symmetric,secular ritualised joking relationship,,"There is a definite sense in which women close ranks in solidarity against migrant men and attempt to restore them to lowered status by what has become a new form of a secular ritualised joking relationship. They also recognise very clearly their own dependence on the men's migrant earnings, which partly explains why it is the older women, many of whom are widows or divorcees ... who are the main perpetrators of this joking relationship, while younger women tend to be willing and amused witnesses.",0.9,0.9,1,1,/tsonga_webster_266_sv,1484,ehraf_v2
1485,within_group,SouthernAfrica,tsonga,mother's brother,sister's son,mother's brother,sister's son,kin_role,kin_role,joking_relationship,unclear,mother's brother–sister's son relationship,,"Perhaps this too, has its role model and legitimacy in the now fading mother's brother-sister's son relationship among the Thonga, so celebrated in the anthropological literature.",0.8,0.8,1,1,/tsonga_webster_268_sv,1485,ehraf_v2
1486,within_group,SouthernAfrica,tsonga,women,men,women,men,group,group,joking_relationship,non_symmetric,new form of joking relationship (male/female),,"The new form of joking relationship, with overtones of sexual innuendo, personal licence, and humiliation has arisen out of women's resentment of migrant labour. ... The new form, with its almost ritualised antagonism is particularly apposite, for the relationship which spawns it is the pivotal one in male/female interaction today.",0.85,0.85,1,1,/tsonga_webster_268_sv,1486,ehraf_v2
1496,within_group,SouthernAfrica,zulu,umNdlunkulu,powerful men,umNdlunkulu,powerful men,group,group,insulting_license,non_symmetric,verbally harass and taunt,omula,"UmNdlunkulu could verbally harass and taunt men to an extent usually permitted to most women only during their omula puberty ceremony, and powerful men who were allowed verbally to assault most women were forced to demur in regard to umNdlunkulu.",0.9,0.9,1,1,/zulu_hanretta_403_sv,1496,ehraf_v2
1497,within_group,SouthernAfrica,zulu,mother's mother,grandchild,mother's mother,grandchild,kin_role,kin_role,joking_relationship,symmetric,"petting, spoiling, play and tease","umakhulu, umamekhulu, ukhulu, ukoko","The mother's mother, umakhulu, umamekhulu or simply ukhulu, or ukoko, is the one who pets and spoils you, with whom you may play and whom you may tease.",0.9,0.9,1,1,/zulu_krige_27_sv,1497,ehraf_v2
1498,within_group,SouthernAfrica,zulu,father's mother,grandchild,father's mother,grandchild,kin_role,kin_role,joking_relationship,mixed,may be teased and played with (lesser),,"The father's mother, called by the same terms as the mother's mother, may also be teased and played with, but the relationship with her is not quite so good as that between the mother's mother and the grandchild.",0.85,0.85,1,1,/zulu_krige_27_sv,1498,ehraf_v2
1499,within_group,SouthernAfrica,zulu,a man,his brother's wives,a man,his brother's wives,kin_role,kin_role,joking_relationship,non_symmetric,playmates,,"""My brother's wives would be my playmates, and if I find that they have cooked something, I would take it without their permission unless it was intended for my brother. I am allowed to give them work to do for me, e.g., the weaving of a mat or a bead decoration for my sticks.""",0.9,0.9,1,1,/zulu_krige_33,1499,ehraf_v2
1500,within_group,SouthernAfrica,zulu,a man,his wife's sisters,a man,his wife's sisters,kin_role,kin_role,joking_relationship,symmetric,allowed to joke widely,,"""Similarly all the sisters of my wife are allowed to joke widely with me, while there is some strain between me and my brother-in-law""",0.9,0.9,1,1,/zulu_krige_33,1500,ehraf_v2
1501,within_group,SouthernAfrica,zulu,a bride,"her HSis, her Sis-in-l",a bride,"her HSis, her Sis-in-l",kin_role,kin_role,joking_relationship,symmetric,exception for joking,,"The bride's respectful conduct towards her F-in-l is clearly defined in speech avoidance.  She must not talk with her HF at all is the first generalized statement made.  ... She avoids any talk that may be considered disrespectful.  Such submissiveness is extended to all in-laws: she may not joke with any of them except her HSis, her Sis-in-l.",0.9,0.9,1,1,/zulu_raum_106_sv,1501,ehraf_v2
1502,within_group,SouthernAfrica,zulu,abazala,abazala,abazala,abazala,kin_role,kin_role,joking_relationship,symmetric,ukulawula,ukulawula,"It is between abazala that the reciprocal joking relationship (ukulawula) formerly obtained, wherein relatives of opposite sexes could take conversational liberties with one another to the extent of insult and indecency.",0.9,0.9,1,1,/zulu_reader_156_sv,1502,ehraf_v2
1503,within_group,SouthernAfrica,zulu,okанina,okанina,okанina,okанina,kin_role,kin_role,joking_relationship,symmetric,,,"The okanina, the children of the mamekazi, mother's sister, rank for practical purposes in the same degree of closeness as the abazala, the children of the babekazi or of the malume. All the above remarks about abazala can be applied to okanina, the latter being distinguished by a special term to emphasize that they are children of one's mother's sister, that is, like children of one's own mother.",0.85,0.85,1,1,/zulu_reader_156_sv,1503,ehraf_v2
1504,within_group,SouthernAfrica,zulu,boys (young men),girls (pagan girls / young women),boys (young men),girls (pagan girls / young women),group,group,joking_relationship,symmetric,,soma,"There is accordingly an aggressive as well as a compliant element in relations between the sexes during adolescence. ... Pagan girls, as they come into the love-game, accordingly learn from their elder sisters the methods of quick repartee and ridiculing young men by words. Correspondingly the latter, by listening to their brothers and older men, learn how to kilela the girls—to entrap them in speech.",0.8,0.8,1,1,/zulu_reader_175_sv,1504,ehraf_v2
1505,within_group,SouthernAfrica,zulu,brothers-in-law,sisters-in-law,brothers-in-law,sisters-in-law,kin_role,kin_role,joking_relationship,symmetric,abalamu,abalamu,"Among the abalamu, i.e. brothers-in-law and sisters-in-law, there is an easy familiarity and joking relationship which marks them as potential spouses. At a gathering among the Qadi, a young man was talking to a group of girls and making quite a lot of verbal play on the word lala, i.e. to sleep, which can also mean sexual intercourse; and an interested person immediately remarked: “Obviously you are abalamu since this fellow is so fond of verbal play on the word lala.”",0.9,0.9,1,1,/zulu_vilazaki_44_sv,1505,ehraf_v2
388,within_group,WesternAfrica,Akan,one elderly woman,her middle-aged daughter,one elderly woman,her middle-aged daughter,person,person,joking_relationship,symmetric,,,One elderly women trader continually startled me by interjecting comments on the theme of “My husband! You will bring me cloth!” into my peaceful conversations with her middle-aged daughter at their stall.,0.8,0.8,1,1,/Akan_Clark_19_nk,388,ehraf_v2
389,within_group,WesternAfrica,Akan,elderly women traders,male toddlers and preschoolers,elderly women traders,male toddlers and preschoolers,group,kin_role,joking_relationship,non_symmetric,,,"very similar joking aimed at male toddlers and preschoolers was a popular pastime, proposing marriage and kin relations considered hilarious because of the boy's age and incomprehension.",0.85,0.85,1,1,/Akan_Clark_19_nk,389,ehraf_v2
390,within_group,WesternAfrica,Akan,brothers and sisters,each other,brothers and sisters,each other,kin_role,kin_role,joking_relationship,symmetric,easy informality of manners and dress,,"Brothers and sisters may joke with each other, tease each other, and even quarrel, as they are prone to do in childhood, without causing offence.",0.9,0.9,1,1,/Akan_Fortes_273_NK,390,ehraf_v2
392,within_group,WesternAfrica,Akan,brother,sister,brother,sister,kin_role,kin_role,joking_relationship,symmetric,,,"Brothers and sisters may joke with each other, tease each other, and even quarrel, as they are prone to do in childhood, without causing offence.",0.9,0.9,1,1,/Akan_Fortes__273_KS,392,ehraf_v2
394,within_group,WesternAfrica,Akan,brothers,sisters,brothers,sisters,kin_role,kin_role,joking_relationship,symmetric,joking and chaffing,,"Joking and chaffing are permitted between brothers and sisters, between a man and his wife's sister, and between a woman and her husband's brother.",0.9,0.9,1,1,/Akan_Mead_303_KS,394,ehraf_v2
395,within_group,WesternAfrica,Akan,a man,his wife's sister,a man,his wife's sister,kin_role,kin_role,joking_relationship,symmetric,joking and chaffing,,"Joking and chaffing are permitted between brothers and sisters, between a man and his wife's sister, and between a woman and her husband's brother.",0.9,0.9,1,1,/Akan_Mead_303_KS,395,ehraf_v2
396,within_group,WesternAfrica,Akan,a woman,her husband's brother,a woman,her husband's brother,kin_role,kin_role,joking_relationship,symmetric,joking and chaffing,,"Joking and chaffing are permitted between brothers and sisters, between a man and his wife's sister, and between a woman and her husband's brother.",0.9,0.9,1,1,/Akan_Mead_303_KS,396,ehraf_v2
397,within_group,WesternAfrica,Akan,brothers,sisters,brothers,sisters,kin_role,kin_role,joking_relationship,symmetric,,,"Joking and chaffing are permitted between brothers and sisters, between a man and his wife's sister, and between a woman and her husband's brother.",0.9,0.9,1,1,/Akan_Mead_303_NK,397,ehraf_v2
398,within_group,WesternAfrica,Akan,man,his wife's sister,man,his wife's sister,kin_role,kin_role,joking_relationship,symmetric,,,"Joking and chaffing are permitted between brothers and sisters, between a man and his wife's sister, and between a woman and her husband's brother.",0.9,0.9,1,1,/Akan_Mead_303_NK,398,ehraf_v2
399,within_group,WesternAfrica,Akan,woman,her husband's brother,woman,her husband's brother,kin_role,kin_role,joking_relationship,symmetric,,,"Joking and chaffing are permitted between brothers and sisters, between a man and his wife's sister, and between a woman and her husband's brother.",0.9,0.9,1,1,/Akan_Mead_303_NK,399,ehraf_v2
400,within_group,WesternAfrica,Akan,lender,borrower,lender,borrower,group,group,joking_relationship,unclear,joking allusion,"Wo de wo tuo bo mmokwa gye abasa a, ete","there is a joking allusion to the custom which runs, Wo de wo tuo bo mmokwa gye abasa a, ete (‘When you lend your gun in hope of getting a foreleg, it will burst’).",0.6,0.6,1,1,/Akan_Ratray_371_KS,400,ehraf_v2
401,within_group,WesternAfrica,Akan,mother-in-law,son-in-law,mother-in-law,son-in-law,kin_role,kin_role,joking_relationship,non_symmetric,mother-in-law tags / sayings,"ase, fie yenko","There is a well-known saying which when repeated generally causes a sly giggle, ‘ ase, fie yenko’, which might be rendered by ‘You don't catch us going to mother-in-law's hut’. ... An Ashanti would not ordinarily eat out of the same dish as his mother-in-law.",0.9,0.9,1,1,/Akan_Rattray_99_NK,401,ehraf_v2
402,within_group,WesternAfrica,Akan,male related consanguineally or affinally,female related consanguineally or affinally,male related consanguineally or affinally,female related consanguineally or affinally,kin_role,kin_role,joking_relationship,symmetric,joking relationship,adamfo,"The Bono-Twi term adamfo[unavailable] (usually translated into English as “friend”) can be used to describe relationships between individuals of the same sex; if used by a person to describe a relationship with someone of the opposite sex, that person would usually be related either consanguineally or affinally in such a way that sexual intercourse between the two persons would be either taboo or considered highly deviant. In only this latter sense, involving a joking relationship, may there be platonic, “friendly” relationships between the sexes.",0.9,0.9,1,1,/Akan_Warren_34_KS,402,ehraf_v2
456,within_group,WesternAfrica,Bambara,Koulibali,Kéita,Koulibali,Kéita,patronym,patronym,joking_relationship,symmetric,senãnku,senãnkuya,"Thus, a Koulibali is a Kéita's senãnku among the Bambara; Bozo and Dogon as well as Bozo and Somono are also senãnku",0.9,0.9,1,1,/Bambara_119_NK,456,ehraf_v2
461,within_group,WesternAfrica,Bambara,children of father's sister (kalame),children of mother's brother (kalame),children of father's sister (kalame),children of mother's brother (kalame),kin_role,kin_role,joking_relationship,symmetric,,kalame,"The children of the ntene-muso are called kalame, and they call the66 children of their mother's brother kalame. The kalame-wjoke and insult each other when they meet.",0.9,0.9,1,1,/Bambara_65_NK,461,ehraf_v2
463,within_group,WesternAfrica,Bambara,numu (blacksmiths),other Blacks,numu (blacksmiths),other Blacks,caste,group,joking_relationship,symmetric,senankuya,senankuya,"They practice endogamy, maintain joking relationships, senankuya, with other Blacks, and are in charge of certain cults dedicated to ancestors and to Faro.",0.8,0.8,1,1,/Bambara_Dieterlen_153_NK,463,ehraf_v2
464,within_group,WesternAfrica,Bambara,blacksmiths,other Blacks,blacksmiths,other Blacks,caste,group,joking_relationship,unclear,senankuya relationships,senankuya,"Every blacksmith is regarded as the holder of an excellent tere. He is well-intentioned, affable, and never hurts anyone. It is easy to make friends with him, to joke with him, even if one knows him but a short time. The senankuya relationships which he has with other Blacks also contribute to the cordiality of these ties.",0.8,0.8,1,1,/Bambara_Dieterlen_157_NK,464,ehraf_v2
465,within_group,WesternAfrica,Bambara,Kouloubali,Diara,Kouloubali,Diara,clan,clan,joking_relationship,symmetric,ally (senãnku) / joking relationship,senãnku,"On the other hand, relationships commonly known as “joking relationships” are established between families respecting different taboos and bearing different names. ... One of the men, who belonged to the Diara family, asked them their family names. They answered that they had none. “What does that matter?” he replied. “You will live on a great mountain and take the name of Kouloubali.” They then asked the name of their ally (senãnku).",0.9,0.9,1,1,/Bambara_Dieterlin_108_KS,465,ehraf_v2
466,within_group,WesternAfrica,Bambara,Koulibali,Kéita,Koulibali,Kéita,patronym,patronym,joking_relationship,symmetric,senãnku,dyo benatye / senãnkuya,"Thus, a Koulibali is a Kéita's senãnku among the Bambara;",0.9,0.9,1,1,/Bambara_Dieterlin_119_KS,466,ehraf_v2
471,within_group,WesternAfrica,Bambara,children of father's sister,children of mother's brother,children of father's sister,children of mother's brother,kin_role,kin_role,joking_relationship,symmetric,,kalame,"The children of the ntene-muso are called kalame, and they call the children of their mother's brother kalame. The kalame-wjoke and insult each other when they meet.",0.9,0.9,1,1,/Bambara_Pacques_65_KS,471,ehraf_v2
506,within_group,WesternAfrica,Dogon,kú¸nõ,twins,kú¸nõ,twins,kin_role,kin_role,joking_relationship,symmetric,“joking relationship”,mà[unavailable]u,Relations between the kú¸nõ and twins are maintained by a sort of “joking relationship” (mà[unavailable]u). They traditionally exchange jokes on this theme.,0.9,0.9,1,1,/Dogon_Calame_280_NK,506,ehraf_v2
508,within_group,WesternAfrica,Dogon,Dogon men,his maternal uncle's wife,Dogon men,his maternal uncle's wife,group,kin_role,joking_relationship,symmetric,mà[unavailable]u,mà[unavailable]u,"Dogon tell sexual jokes to women with whom they have joking relationships (mà[unavailable]u), which includes his maternal uncle's wife, and the wives of friends and brothers, but they do not exchange them with their own wives.",0.9,0.9,1,1,/Dogon_Calame_373_NK,508,ehraf_v2
509,within_group,WesternAfrica,Dogon,Dogon men,the wives of friends,Dogon men,the wives of friends,group,group,joking_relationship,symmetric,mà[unavailable]u,mà[unavailable]u,"Dogon tell sexual jokes to women with whom they have joking relationships (mà[unavailable]u), which includes his maternal uncle's wife, and the wives of friends and brothers, but they do not exchange them with their own wives.",0.9,0.9,1,1,/Dogon_Calame_373_NK,509,ehraf_v2
510,within_group,WesternAfrica,Dogon,Dogon men,the wives of brothers,Dogon men,the wives of brothers,group,kin_role,joking_relationship,symmetric,mà[unavailable]u,mà[unavailable]u,"Dogon tell sexual jokes to women with whom they have joking relationships (mà[unavailable]u), which includes his maternal uncle's wife, and the wives of friends and brothers, but they do not exchange them with their own wives.",0.9,0.9,1,1,/Dogon_Calame_373_NK,510,ehraf_v2
511,within_group,WesternAfrica,Dogon,couples,couples,couples,couples,kin_role,kin_role,joking_relationship,symmetric,joking between couples,,"Although frequent joking between couples would give the impression that their relationships are always harmonious, in reality there remains a latent tension. Dogon men live in constant fear that their wives will leave them, and Dogon women are aware that on leaving they will be left entirely to their own resources.",0.9,0.9,1,1,/Dogon_Calame_375_NK,511,ehraf_v2
512,within_group,WesternAfrica,Dogon,women,two young men,women,two young men,group,age_set,joking_relationship,symmetric,joking relationships,,"Two women beat the dance rhythms, with more or less competence; usually they merely begin the rhythms and then get two young men with whom they have joking relationships to carry it on by offering them beer.",0.9,0.9,1,1,/Dogon_Calame_402_NK,512,ehraf_v2
521,within_group,WesternAfrica,Dogon,very young children,the Fox (manu),very young children,the Fox (manu),age_set,group,joking_relationship,symmetric,joking relationship,manu,"This idea of the expansion of the human domain, progressively impinging upon that of the Fox (who show the way), is illustrated or inaugurated (one may say) in children's games. The role of the very young children, who have a “joking relationship” with the Fox ( manu), is to play with his “earth,” both to look for him and to chase him away.",0.9,0.9,1,1,/Dogon_Griaule_289_NK,521,ehraf_v2
524,within_group,WesternAfrica,Dogon,boys,girls,boys,girls,age_set,age_set,joking_relationship,symmetric,mock-relationship,,"If boys and girls have a mock-relationship with one another while they are sharing some work such as harvesting po, the innuendos are even more obscene.",0.9,0.9,1,1,/Dogon_Parin_59_NK,524,ehraf_v2
525,within_group,WesternAfrica,Dogon,paternal family,maternal family,paternal family,maternal family,lineage,lineage,joking_relationship,symmetric,,,"It explains why, according to legend, the two mocking each other are usually regarded as the paternal family and the maternal family.",0.9,0.9,1,1,/Dogon_Parin_59_NK,525,ehraf_v2
526,within_group,WesternAfrica,Dogon,wife of the maternal uncle,wife of the grandfather (nani),wife of the maternal uncle,wife of the grandfather (nani),kin_role,kin_role,joking_relationship,unclear,,,"Kinfolk who must be treated in this way are the ones who, in other circumstances, might be thought of as a married couple, such as the brother's wives or those with whom a sexual approach would be the same as incest, such as the wife of the maternal uncle and the wife of the grandfather ( nani).",0.7,0.7,1,1,/Dogon_Parin_59_NK,526,ehraf_v2
527,within_group,WesternAfrica,Fon,woman,husband's grandfather,woman,husband's grandfather,kin_role,kin_role,joking_relationship,unclear,playmate relationship,asúchi,"In the present instance, information concerning these configurations developed from an analysis of the significance of the terms employed by a person toward his spouse's grandparents. In address, a woman calls her husband's grandfather asúchi, “my husband,” and this usage reflects the existence of a playmate relationship",0.9,0.9,1,1,/Fon_Herskovits_151_NK,527,ehraf_v2
528,within_group,WesternAfrica,Fon,wives,husband's brothers,wives,husband's brothers,kin_role,kin_role,joking_relationship,symmetric,playmate relationship,,"Thus, a woman may joke with all her husband's brothers, whether these brothers have the same mother or not, regardless of age, the reason for this being that when the husband dies, some of his wives become the wives of his brothers.",0.9,0.9,1,1,/Fon_Herskovits_151_NK,528,ehraf_v2
529,within_group,WesternAfrica,Fon,man,mother-in-law,man,mother-in-law,kin_role,kin_role,joking_relationship,symmetric,,,"A man may joke with his mother-in-law, in spite of the fact that the feeling between mother-in-law and son-in-law is ordinarily not too cordial. It was stated, indeed, that mothers-in-law and sons-in-law joke all the more for this reason.",0.9,0.9,1,1,/Fon_Herskovits_151_NK,529,ehraf_v2
530,within_group,WesternAfrica,Fon,mother-in-law,daughter-in-law,mother-in-law,daughter-in-law,kin_role,kin_role,joking_relationship,symmetric,,,"A mother-in-law may joke with her daughter-in-law, because the mothers of both the bride and the groom supervise the first sexual contacts between a man and his wife.",0.9,0.9,1,1,/Fon_Herskovits_151_NK,530,ehraf_v2
531,within_group,WesternAfrica,Fon,brothers-in-law,each other,brothers-in-law,each other,kin_role,group,joking_relationship,symmetric,,,"Brothers-in-law are often very close friends, and sisters-in-law usually joke with each other, but this is only an indication of the freedom bred of more or less intimate everyday contact.",0.85,0.85,1,1,/Fon_Herskovits_151_NK,531,ehraf_v2
532,within_group,WesternAfrica,Fon,sisters-in-law,each other,sisters-in-law,each other,kin_role,group,joking_relationship,symmetric,,,"Brothers-in-law are often very close friends, and sisters-in-law usually joke with each other, but this is only an indication of the freedom bred of more or less intimate everyday contact.",0.85,0.85,1,1,/Fon_Herskovits_151_NK,532,ehraf_v2
533,within_group,WesternAfrica,Fon,man,brothers of his grandfather,man,brothers of his grandfather,kin_role,kin_role,joking_relationship,unclear,,,"A man may not joke with his father's brothers, but he may do so with the brothers of his grandfather.",0.9,0.9,1,1,/Fon_Herskovits_151_NK,533,ehraf_v2
534,within_group,WesternAfrica,Fon,operator,boys of a village,operator,boys of a village,person,kin_role,teasing,non_symmetric,horse-play / teasing by operator,,"The operator, according to this account, goes through some horse-play with the boys before he actually operates. He may, for example, take hold of the foreskin and tug at it, all the while watching his charge to see if the boy is nervous; and then tug harder still, or he will place the knife on the thigh of his subject, and look into his face to see if he shows fear.",0.9,0.9,1,1,/Fon_Herskovits_296_NK,534,ehraf_v2
535,within_group,WesternAfrica,Fon,friends and relatives,boys of a village,friends and relatives,boys of a village,kin_role,kin_role,joking_relationship,non_symmetric,teasing / joking,,"The ceremony is public, and friends and relatives stand about teasing the boys and joking with them, in order to dissipate any squeamishness, and more than that, to make them ashamed of showing fear.",0.95,0.95,1,1,/Fon_Herskovits_296_NK,535,ehraf_v2
536,within_group,WesternAfrica,Fon,men (holding the boys' shoulders),boys of a village,men (holding the boys' shoulders),boys of a village,group,kin_role,joking_relationship,non_symmetric,holders / steadyers (ritual interaction),,"Ordinarily, two men are beside each boy, holding his shoulders to steady him. The wound is washed on the third day, and again the organ is pinched so that undue scarification will not occur, and this is repeated daily until the wound is healed.",0.8,0.8,1,1,/Fon_Herskovits_296_NK,536,ehraf_v2
538,within_group,WesternAfrica,Fulani,brother's children,sister's children,brother's children,sister's children,kin_role,kin_role,joking_relationship,non_symmetric,dendiraagal,dendiraagal,"Even within Bororo society this relationship is asymmetrical, the brother's children playing the role of “masters” in relation to the sister's children, called the “slaves.”",0.95,0.95,1,1,/Fulani_Dupire_349_NK,538,ehraf_v2
540,within_group,WesternAfrica,Fulani,daughter-in-law,husband's younger brothers,daughter-in-law,husband's younger brothers,kin_role,kin_role,joking_relationship,symmetric,joking relationship,“old fellow” and “my wife”,"She has, on the other hand, a joking relationship with her husband's younger brothers, and they call each other “old fellow” and “my wife”.",0.9,0.9,1,1,/Fulani_Dupire_71_NK,540,ehraf_v2
541,within_group,WesternAfrica,Fulani,a married woman,her younger brothers-in-law,a married woman,her younger brothers-in-law,kin_role,kin_role,joking_relationship,symmetric,,,"Thus, deferent towards her husband's parents and her elder brothers, a woman is on equal terms often of an affectionate and friendly nature with her sisters-in-law, and has a joking relationship with her younger brothers-in-law.",0.9,0.9,1,1,/Fulani_Dupire_72_NK,541,ehraf_v2
542,within_group,WesternAfrica,Fulani,Dadi,Mariyama,Dadi,Mariyama,person,person,joking_relationship,symmetric,joking relationship (cross-cousin),denDiraaBe,"Dadi, one of my friends from the city who works as a migrant laborer, is back to stay at his mother's house for a few weeks. He is a little older than I am, and our relationship has developed into a kind of a joking relationship, almost as if we were cross-cousins (denDiraaBe).",0.9,0.9,1,1,/Fulani_Kaartinen_121_NK,542,ehraf_v2
543,within_group,WesternAfrica,Fulani,brothers,sister's children,brothers,sister's children,lineage,lineage,joking_relationship,symmetric,dendiraagal / cross-cousinship,Dendiraagal,"Dendiraagal, “cross-cousinship”, between two distinct “lineages” can imply either alliance and a joking relationship, or a competitive opposition between the groups. Two primary lineages that have intermarried in the past and are thus related through cognatic ties are “brothers” and “sister's children”, or “men” and “women” towards each other (Dupire 1962, – ).",0.8,0.8,1,1,/Fulani_Kaartinen_7_NK,543,ehraf_v2
547,within_group,WesternAfrica,Fulani,WoDaaBe cross-cousins,WoDaaBe cross-cousins,WoDaaBe cross-cousins,WoDaaBe cross-cousins,kin_role,kin_role,joking_relationship,symmetric,joking-relationships,,"Young men, for example, who stand in culturally defined joking-relationships (either in the same age group or cross-cousins) often refer to one another as Hausa or Tuaregs, intended then as a friendly insult.",0.9,0.9,1,1,/Fulani_Kristin_159_NK,547,ehraf_v2
548,within_group,WesternAfrica,Fulani,WoDaaBe young men in the same age group,WoDaaBe young men in the same age group,WoDaaBe young men in the same age group,WoDaaBe young men in the same age group,age_set,age_set,joking_relationship,symmetric,joking-relationships,,"Young men, for example, who stand in culturally defined joking-relationships (either in the same age group or cross-cousins) often refer to one another as Hausa or Tuaregs, intended then as a friendly insult.",0.9,0.9,1,1,/Fulani_Kristin_159_NK,548,ehraf_v2
598,within_group,WesternAfrica,Hausa,husband,his joking relations,husband,his joking relations,person,group,joking_relationship,unclear,,,"Then at the seventh month, or earlier, the husband begins to cut down wood in the bush and collect it, he and his younger brother and his joking relations.",0.6,0.6,1,1,/Hausa_Baba_138_NK,598,ehraf_v2
599,within_group,WesternAfrica,Hausa,wife,husband's younger brother,wife,husband's younger brother,kin_role,kin_role,joking_relationship,unclear,joke with,,"You joke with his younger brother, and you joke with all your husband's joking relations—his grandparents and cross-cousins.",0.9,0.9,1,1,/Hausa_Baba_145_NK,599,ehraf_v2
600,within_group,WesternAfrica,Hausa,wife,husband's grandparents,wife,husband's grandparents,kin_role,kin_role,joking_relationship,unclear,joking relations,,"You joke with his younger brother, and you joke with all your husband's joking relations—his grandparents and cross-cousins.",0.9,0.9,1,1,/Hausa_Baba_145_NK,600,ehraf_v2
601,within_group,WesternAfrica,Hausa,wife,husband's cross-cousins,wife,husband's cross-cousins,kin_role,kin_role,joking_relationship,unclear,joking relations,,"You joke with his younger brother, and you joke with all your husband's joking relations—his grandparents and cross-cousins.",0.9,0.9,1,1,/Hausa_Baba_145_NK,601,ehraf_v2
602,within_group,WesternAfrica,Hausa,Uwa,Baba,Uwa,Baba,person,person,joking_relationship,symmetric,kawa,kawa,Uwa was my kawa .,0.8,0.8,1,1,/Hausa_Baba_151_NK,602,ehraf_v2
603,within_group,WesternAfrica,Hausa,Giwa,Audu,Giwa,Audu,person,person,joking_relationship,symmetric,,,"Very well, Giwa consulted with her husband's younger brother Audu, she coaxed him, she persuaded her joking relation, they talked the matter over until he agreed.",0.7,0.7,1,1,/Hausa_Baba_151_NK,603,ehraf_v2
604,within_group,WesternAfrica,Hausa,Baba of Karo,Gambo,Baba of Karo,Gambo,person,person,joking_relationship,symmetric,joking relations,,"Her mother was my father’s sister, we were joking relations.",0.9,0.9,1,1,/Hausa_Baba_212_NK,604,ehraf_v2
605,within_group,WesternAfrica,Hausa,children,grandparents,children,grandparents,kin_role,kin_role,joking_relationship,non_symmetric,privileged teasing,,"Joking relationships, expressed by privileged behaviour such as teasing, and the right to appropriate certain possessions of the other party, obtain between children and their grandparents, ... the first-named parties being privileged to tease and take things from the last-named, who retaliate with good-natured abuse and more teasing.",0.9,0.9,1,1,/Hausa_Baba_21_NK,605,ehraf_v2
606,within_group,WesternAfrica,Hausa,children of a sister,children of a brother,children of a sister,children of a brother,kin_role,kin_role,joking_relationship,non_symmetric,privileged teasing,,"Joking relationships, expressed by privileged behaviour such as teasing, and the right to appropriate certain possessions of the other party, obtain between children and their grandparents, and between children of a sister and a brother, in both cases the first-named parties being privileged to tease and take things from the last-named, who retaliate with good-natured abuse and more teasing.",0.9,0.9,1,1,/Hausa_Baba_21_NK,606,ehraf_v2
607,within_group,WesternAfrica,Hausa,a man,his elder brother’s wife,a man,his elder brother’s wife,kin_role,kin_role,joking_relationship,non_symmetric,privileged teasing,,"There are also certain other joking relations, such as a man and his elder brother’s wife, who behave in a similar way.",0.85,0.85,1,1,/Hausa_Baba_21_NK,607,ehraf_v2
608,within_group,WesternAfrica,Hausa,grandparents,grandchildren,grandparents,grandchildren,kin_role,kin_role,joking_relationship,symmetric,joking relation (grandmother–grandchild role),,"Talle is chosen to act as ‘grandmother’ as she is a joking relation of ‘Yardada’s, as also are grandparents. This joking relationship is of the kind between ethnic and occupational groups, not between real kinsfolk.",0.9,0.9,1,1,/Hausa_Baba_243_NK,608,ehraf_v2
609,within_group,WesternAfrica,Hausa,"Buzaye, the Sokoto people",blacksmiths,"Buzaye, the Sokoto people",blacksmiths,ethnic group,caste,joking_relationship,symmetric,joking relation (ethnic–occupational),,"'Yardada a daughter of the Buzaye, the Sokoto people, so won’t she joke with a blacksmith’s daughter? ... Talle is chosen to act as ‘grandmother’ as she is a joking relation of ‘Yardada’s, as also are grandparents. This joking relationship is of the kind between ethnic and occupational groups, not between real kinsfolk.",0.9,0.9,1,1,/Hausa_Baba_243_NK,609,ehraf_v2
611,within_group,WesternAfrica,Hausa,the bride,his younger brother (the bride’s joking relation),the bride,his younger brother (the bride’s joking relation),kin_role,kin_role,joking_relationship,symmetric,bride’s joking relation,,"The young men, the bridegroom’s friends, come, and his younger brother (the bride’s joking relation) they come and help to hold her.",0.9,0.9,1,1,/Hausa_Baba_90_NK,611,ehraf_v2
612,within_group,WesternAfrica,Hausa,bride,the bridegroom’s grandmothers,bride,the bridegroom’s grandmothers,kin_role,kin_role,joking_relationship,unclear,new joking relations,,"But when they arrive at her hut door they find her new joking relations, the bridegroom’s grandmothers, sitting there and saying that they can’t come in with the bride! When they are given a little money they get up and let her in.",0.9,0.9,1,1,/Hausa_Baba_93_NK,612,ehraf_v2
613,within_group,WesternAfrica,Hausa,the girls,the bridegroom’s friends,the girls,the bridegroom’s friends,group,group,joking_relationship,non_symmetric,,,"The girls hold up the bridegroom’s friend, they won’t let him start off until he has given them some money—three times he has to give them money before they will let him go, with the bride on her horse.",0.85,0.85,1,1,/Hausa_Baba_93_NK,613,ehraf_v2
614,within_group,WesternAfrica,Hausa,bride,the bride's girl-friends,bride,the bride's girl-friends,kin_role,group,joking_relationship,non_symmetric,,,"Then it is the turn of the bride’s girl-friends to prevent her from entering her hut, they sing and the chief kawa hangs onto the bride.",0.85,0.85,1,1,/Hausa_Baba_93_NK,614,ehraf_v2
615,within_group,WesternAfrica,Hausa,bride,bridegroom’s younger sister,bride,bridegroom’s younger sister,kin_role,kin_role,joking_relationship,mixed,bride’s new joking relation,,"Then the groom’s younger sister, the bride’s new joking relation, comes quickly with a vessel of water with a threepanny piece in it, she puts it down at the Life History Materials door of the hut and runs away.",0.9,0.9,1,1,/Hausa_Baba_94_NK,615,ehraf_v2
616,within_group,WesternAfrica,Hausa,bride’s kawa,bridegroom’s younger sisters,bride’s kawa,bridegroom’s younger sisters,group,kin_role,joking_relationship,mixed,playing and teasing,,"The bride’s friends and the groom’s younger sisters are playing and teasing, the friends won’t let the bridegroom’s younger sisters enter the bride’s hut, and when food is being eaten, if the younger sisters come near, the bride’s friends will smear them with porridge and stew and oil and they will have to run away and wash.",0.9,0.9,1,1,/Hausa_Baba_94_NK,616,ehraf_v2
617,within_group,WesternAfrica,Hausa,kawa,mawankiya,kawa,mawankiya,group,kin_role,joking_relationship,unclear,,,"The chief kawa steals the bride’s slippers and hides them, and her mawankiya has to pay her to bring them back.",0.7,0.7,1,1,/Hausa_Baba_94_NK,617,ehraf_v2
618,within_group,WesternAfrica,Hausa,the bride,the bridegroom's younger brother,the bride,the bridegroom's younger brother,kin_role,kin_role,joking_relationship,unclear,joking relation,,"Before the marriage had ‘taken’ the bridegroom’s younger brother would come and tease the bride, he would look at her spinning and say ‘It’s no good!’ he would break the thread and she would get up and hit him and chase him away. He is her joking relation.",0.9,0.9,1,1,/Hausa_Baba_99_NK,618,ehraf_v2
619,within_group,WesternAfrica,Hausa,secretary,young man,secretary,young man,group,group,joking_relationship,symmetric,joking rapport / flirtation,,"Yet equally a part of the scene, although unwritten, was the joking rapport between the young people, the coy requests of the secretary and the man’s compliance, which earns him immediate access to her employer.",0.6,0.6,1,1,/Hausa_Beik_118_NK,619,ehraf_v2
624,within_group,WesternAfrica,Hausa,his own and his parallel cousin’s children,their real grandfathers,his own and his parallel cousin’s children,their real grandfathers,kin_role,kin_role,joking_relationship,symmetric,joking relationship,,The result of these adoptions is that his own and his parallel cousin’s children live with their real grandfathers with whom they have a joking relationship.,0.9,0.9,1,1,/Hausa_Besmer_72_NK,624,ehraf_v2
625,within_group,WesternAfrica,Hausa,Sarkin Rafi,Badakuwa,Sarkin Rafi,Badakuwa,person,person,joking_relationship,symmetric,joking relationship,,"His wife is Nana’aishe who causes stomach ailments and incessant itching and the joking relationship he has with Badakuwa, his younger brother’s wife, has been inflated into an adulterous one.",0.9,0.9,1,1,/Hausa_Besmer_78_NK,625,ehraf_v2
626,within_group,WesternAfrica,Hausa,a person,his matrilateral cross-cousins,a person,his matrilateral cross-cousins,kin_role,kin_role,joking_relationship,symmetric,joking relations,shaaràa,"have been formally merged with the Islamic custom of shaaràa, where during the month after Ramadan, a person may demand up to 10CFA from any and each of his matrilateral cross-cousins and his maternal grandparents.",0.9,0.9,1,1,/Hausa_Faulkingham_139_NK,626,ehraf_v2
627,within_group,WesternAfrica,Hausa,a person,his maternal grandparents,a person,his maternal grandparents,kin_role,kin_role,joking_relationship,symmetric,joking relations,shaaràa,"have been formally merged with the Islamic custom of shaaràa, where during the month after Ramadan, a person may demand up to 10CFA from any and each of his matrilateral cross-cousins and his maternal grandparents.",0.9,0.9,1,1,/Hausa_Faulkingham_139_NK,627,ehraf_v2
628,within_group,WesternAfrica,Hausa,a person,FaSi,a person,FaSi,kin_role,kin_role,joking_relationship,symmetric,joking relations,,"While in the abstract, my informants denied that joking relations exist between a person and FaSi and MoBr, their own joking behavior toward these relatives and towards BrSo, BrDa, SiSo, and SiDa contradicted their statements.",0.8,0.8,1,1,/Hausa_Faulkingham_139_NK,628,ehraf_v2
629,within_group,WesternAfrica,Hausa,a person,MoBr,a person,MoBr,kin_role,kin_role,joking_relationship,symmetric,joking relations,,"While in the abstract, my informants denied that joking relations exist between a person and FaSi and MoBr, their own joking behavior toward these relatives and towards BrSo, BrDa, SiSo, and SiDa contradicted their statements.",0.8,0.8,1,1,/Hausa_Faulkingham_139_NK,629,ehraf_v2
630,within_group,WesternAfrica,Hausa,a person,BrSo,a person,BrSo,kin_role,kin_role,joking_relationship,symmetric,joking relations,,"While in the abstract, my informants denied that joking relations exist between a person and FaSi and MoBr, their own joking behavior toward these relatives and towards BrSo, BrDa, SiSo, and SiDa contradicted their statements.",0.8,0.8,1,1,/Hausa_Faulkingham_139_NK,630,ehraf_v2
631,within_group,WesternAfrica,Hausa,a person,BrDa,a person,BrDa,kin_role,kin_role,joking_relationship,symmetric,joking relations,,"While in the abstract, my informants denied that joking relations exist between a person and FaSi and MoBr, their own joking behavior toward these relatives and towards BrSo, BrDa, SiSo, and SiDa contradicted their statements.",0.8,0.8,1,1,/Hausa_Faulkingham_139_NK,631,ehraf_v2
632,within_group,WesternAfrica,Hausa,a person,SiSo,a person,SiSo,kin_role,kin_role,joking_relationship,symmetric,joking relations,,"While in the abstract, my informants denied that joking relations exist between a person and FaSi and MoBr, their own joking behavior toward these relatives and towards BrSo, BrDa, SiSo, and SiDa contradicted their statements.",0.8,0.8,1,1,/Hausa_Faulkingham_139_NK,632,ehraf_v2
633,within_group,WesternAfrica,Hausa,a person,SiDa,a person,SiDa,kin_role,kin_role,joking_relationship,symmetric,joking relations,,"While in the abstract, my informants denied that joking relations exist between a person and FaSi and MoBr, their own joking behavior toward these relatives and towards BrSo, BrDa, SiSo, and SiDa contradicted their statements.",0.8,0.8,1,1,/Hausa_Faulkingham_139_NK,633,ehraf_v2
634,within_group,WesternAfrica,Hausa,cross-cousins,each other,cross-cousins,each other,kin_role,kin_role,joking_relationship,non_symmetric,’abó[unknown]kán wa[unknown]sá[unknown] (playmates),’abó[unknown]kán wa[unknown]sá[unknown],"Although the kinship terminology, which is in general of the merging type, gives no special recognition to cross- cousins as opposed to parallel cousins, cross cousins, whether of the same or opposite sex, are said to be ’abó[unknown]kán wa[unknown]sá[unknown], “playmates.”",0.9,0.9,1,1,/Hausa_Greenberg_203_NK,634,ehraf_v2
635,within_group,WesternAfrica,Hausa,grandparents,grandchildren,grandparents,grandchildren,kin_role,kin_role,joking_relationship,non_symmetric,’abó[unknown]kán wa[unknown]sá[unknown] (playmates),’abó[unknown]kán wa[unknown]sá[unknown],This is a relationship also found between grandparents and grandchildren and in some other instances to be discussed later.,0.85,0.85,1,1,/Hausa_Greenberg_203_NK,635,ehraf_v2
636,within_group,WesternAfrica,Hausa,"one clan (d an wâ, “son of the older brother”)","partner clan (d án k ánwa, “son of the younger sister”)","one clan (d an wâ, “son of the older brother”)","partner clan (d án k ánwa, “son of the younger sister”)",clan,clan,joking_relationship,mixed,’abó[unknown]kán wa[unknown]sá[unknown] (paired clans),’abó[unknown]kán wa[unknown]sá[unknown],"This usage is extended to pairs of clans between whom there is traditional intermarriage. All clans have at least one partner in such a relationship, occasionally — several, and a pair of clans thus connected are said to be ’abó[unknown]kán wa[unknown]sá[unknown] to each other. Of the two clans, one is said to be d an wâ[unknown], “son of the older brother,” and the other one d án k ánwa[unknown], “son of the younger sister”; and any member of the latter clan, as the inferior, is privileged to take from any member of the former.",0.9,0.9,1,1,/Hausa_Greenberg_203_NK,636,ehraf_v2
637,within_group,WesternAfrica,Hausa,K w áryá[unknown]wá[unknown],Zá[unknown]fá[unknown]wá[unknown],K w áryá[unknown]wá[unknown],Zá[unknown]fá[unknown]wá[unknown],clan,clan,joking_relationship,non_symmetric,,,"One clan at least, the K w áryá[unknown]wá[unknown], state that they are descendants of a Baribari (Kanuri) slave, the great-great-grandfather of the present mature generation, who married a daughter of a member of the Zá[unknown]fá[unknown]wá[unknown] clan whom the K w áryá[unknown]wá[unknown] consider their superior cross-cousins.",0.95,0.95,1,1,/Hausa_Greenberg_203_NK,637,ehraf_v2
638,within_group,WesternAfrica,Hausa,grandparents,grandchildren,grandparents,grandchildren,kin_role,kin_role,joking_relationship,symmetric,play / joking,,"The other joking relationships between individuals are between grandparents and grandchildren, between parents and their youngest child (who in this as in other respects is assimilated to a grandchild), ... Grandparents and grandchildren of opposite sex call each other “husband” and “wife” in play, ...",0.9,0.9,1,1,/Hausa_Greenberg_204_NK,638,ehraf_v2
639,within_group,WesternAfrica,Hausa,parents,their youngest child,parents,their youngest child,kin_role,kin_role,joking_relationship,symmetric,joking,,"The other joking relationships between individuals are between grandparents and grandchildren, between parents and their youngest child (who in this as in other respects is assimilated to a grandchild), ...",0.85,0.85,1,1,/Hausa_Greenberg_204_NK,639,ehraf_v2
640,within_group,WesternAfrica,Hausa,a man,his older sibling’s spouse,a man,his older sibling’s spouse,kin_role,kin_role,joking_relationship,symmetric,joking,,"The other joking relationships between individuals are between grandparents and grandchildren, between parents and their youngest child (who in this as in other respects is assimilated to a grandchild), between a man and his older sibling’s spouse and a woman and her older sibling’s spouse.",0.9,0.9,1,1,/Hausa_Greenberg_204_NK,640,ehraf_v2
641,within_group,WesternAfrica,Hausa,a woman,her older sibling’s spouse,a woman,her older sibling’s spouse,kin_role,kin_role,joking_relationship,symmetric,joking,,"The other joking relationships between individuals are between grandparents and grandchildren, between parents and their youngest child (who in this as in other respects is assimilated to a grandchild), between a man and his older sibling’s spouse and a woman and her older sibling’s spouse.",0.9,0.9,1,1,/Hausa_Greenberg_204_NK,641,ehraf_v2
642,within_group,WesternAfrica,Hausa,brothers-in-law,sisters-in-law,brothers-in-law,sisters-in-law,kin_role,kin_role,joking_relationship,symmetric,joking / play,,"Grandparents and grandchildren of opposite sex call each other “husband” and “wife” in play, and this is also true of brothers-in-law and sisters-in-law who are joking relatives.",0.95,0.95,1,1,/Hausa_Greenberg_204_NK,642,ehraf_v2
643,within_group,WesternAfrica,Hausa,male cross-cousin (opposite sex pair),female cross-cousin (opposite sex pair),male cross-cousin (opposite sex pair),female cross-cousin (opposite sex pair),kin_role,kin_role,joking_relationship,symmetric,joking relatives,,"This is only a passing phase, since among the Moslem Hausa as a whole, cross-cousins are considered joking relatives, a survival of pagan conditions, while parallel cousins are not, in spite of the preferred status accorded to this type of marriage.",0.9,0.9,1,1,/Hausa_Greenberg_207_NK,643,ehraf_v2
644,within_group,WesternAfrica,Hausa,male parallel-cousin,female parallel-cousin,male parallel-cousin,female parallel-cousin,kin_role,kin_role,joking_relationship,symmetric,abo kan wa sa (joking relatives),abo kan wa sa,"A pagan explaining what would be involved in his conversion said that he would now consider his parallel cousins as 'abo kan wa sa, “joking relatives,” and marry his former clan mates.",0.85,0.85,1,1,/Hausa_Greenberg_207_NK,644,ehraf_v2
645,within_group,WesternAfrica,Hausa,certain friends,certain friends,certain friends,certain friends,group,group,joking_relationship,symmetric,abokin wasa,Abokin wasa,"Abokin wasa. The ‘joking-relationship’ between certain friends, occupational groups, and categories of kin, the latter including cross-cousins, grandparents (and grandchildren) and a younger brother of a husband or wife.",0.9,0.9,1,1,/Hausa_Hill_203_NK,645,ehraf_v2
646,within_group,WesternAfrica,Hausa,occupational groups,occupational groups,occupational groups,occupational groups,group,group,joking_relationship,symmetric,abokin wasa,Abokin wasa,"Abokin wasa. The ‘joking-relationship’ between certain friends, occupational groups, and categories of kin, the latter including cross-cousins, grandparents (and grandchildren) and a younger brother of a husband or wife.",0.9,0.9,1,1,/Hausa_Hill_203_NK,646,ehraf_v2
647,within_group,WesternAfrica,Hausa,cross-cousins,cross-cousins,cross-cousins,cross-cousins,kin_role,kin_role,joking_relationship,symmetric,abokin wasa,Abokin wasa,"Abokin wasa. The ‘joking-relationship’ between certain friends, occupational groups, and categories of kin, the latter including cross-cousins, grandparents (and grandchildren) and a younger brother of a husband or wife.",0.95,0.95,1,1,/Hausa_Hill_203_NK,647,ehraf_v2
648,within_group,WesternAfrica,Hausa,grandparents,grandchildren,grandparents,grandchildren,kin_role,kin_role,joking_relationship,symmetric,abokin wasa,Abokin wasa,"Abokin wasa. The ‘joking-relationship’ between certain friends, occupational groups, and categories of kin, the latter including cross-cousins, grandparents (and grandchildren) and a younger brother of a husband or wife.",0.95,0.95,1,1,/Hausa_Hill_203_NK,648,ehraf_v2
649,within_group,WesternAfrica,Hausa,a younger brother of a husband or wife,husband or wife,a younger brother of a husband or wife,husband or wife,kin_role,kin_role,joking_relationship,symmetric,abokin wasa,Abokin wasa,"Abokin wasa. The ‘joking-relationship’ between certain friends, occupational groups, and categories of kin, the latter including cross-cousins, grandparents (and grandchildren) and a younger brother of a husband or wife.",0.8,0.8,1,1,/Hausa_Hill_203_NK,649,ehraf_v2
654,within_group,WesternAfrica,Hausa,Tarno,chief,Tarno,chief,group,kin_role,joking_relationship,symmetric,joking relations,,Thus Tarno and the chief were often cross-cousins and joking relations.,0.9,0.9,1,1,/Hausa_Smith_132_NK,654,ehraf_v2
655,within_group,WesternAfrica,Hausa,Abdullahi,Habu,Abdullahi,Habu,person,person,joking_relationship,symmetric,abokin wasa,abokin wasa,"he gave the office to this mother’s brother, and after the latter’s death he gave the office to this mother’s brother’s son, Habu, a joking relation ( abokin wasa

Government
Institutions
).",0.9,0.9,1,1,/Hausa_Smith_169_NK,655,ehraf_v2
656,within_group,WesternAfrica,Hausa,dimajo,"his master's children, real and classificatory ('yanuwa)",dimajo,"his master's children, real and classificatory ('yanuwa)",kin_role,kin_role,joking_relationship,symmetric,joking relations,,"he was from birth incorporated in the Muhammadan population, and addressed his master as father ( baba ); his master’s children, real and classificatory, were his siblings (’ yanuwa ), and some of  them were his joking relations.",0.9,0.9,1,1,/Hausa_Smith_253_NK,656,ehraf_v2
657,within_group,WesternAfrica,Hausa,Ego,cross-cousins,Ego,cross-cousins,kin_role,kin_role,joking_relationship,symmetric,abokan wasa (joking relations),abokan wasa,"Ego’s cross-cousins of either sex are his abokan wasa (joking relations), and there is not much difference in the affective or social content of the relationships between go and his paternal or maternal grandparents.",0.9,0.9,1,1,/Hausa_Smith_41_NK,657,ehraf_v2
658,within_group,WesternAfrica,Hausa,Ego,children of Ego's gogo,Ego,children of Ego's gogo,person,kin_role,joking_relationship,unclear,abokan wasa,abokan wasa,The children of Ego’s gogo and kawu are Ego’s joking relations (abokan wasa) and preferred spouses in the marriage known as auren zumunta (see p. 49).,0.95,0.95,1,1,/Hausa_Smith_43_NK,658,ehraf_v2
659,within_group,WesternAfrica,Hausa,Ego,children of Ego's kawu,Ego,children of Ego's kawu,person,kin_role,joking_relationship,unclear,abokan wasa,abokan wasa,The children of Ego’s gogo and kawu are Ego’s joking relations (abokan wasa) and preferred spouses in the marriage known as auren zumunta (see p. 49).,0.95,0.95,1,1,/Hausa_Smith_43_NK,659,ehraf_v2
660,within_group,WesternAfrica,Hausa,cross-cousin (father's side),Ego,cross-cousin (father's side),Ego,kin_role,person,joking_relationship,symmetric,,,"Joking relationships hold between cross-cousins on the father’s or mother’s side; between grandparents and grandchildren and, among affines, between the husband and his wife’s younger sister, whom he calls “mata” (wife) as well as between a wife and her husband’s younger brother, who also use the",0.9,0.9,1,1,/Hausa_Smith_43_NK,660,ehraf_v2
661,within_group,WesternAfrica,Hausa,cross-cousin (mother's side),Ego,cross-cousin (mother's side),Ego,kin_role,person,joking_relationship,symmetric,,,"Joking relationships hold between cross-cousins on the father’s or mother’s side; between grandparents and grandchildren and, among affines, between the husband and his wife’s younger sister, whom he calls “mata” (wife) as well as between a wife and her husband’s younger brother, who also use the",0.9,0.9,1,1,/Hausa_Smith_43_NK,661,ehraf_v2
662,within_group,WesternAfrica,Hausa,grandparent,grandchild,grandparent,grandchild,kin_role,kin_role,joking_relationship,symmetric,,,"Joking relationships hold between cross-cousins on the father’s or mother’s side; between grandparents and grandchildren and, among affines, between the husband and his wife’s younger sister,",0.95,0.95,1,1,/Hausa_Smith_43_NK,662,ehraf_v2
663,within_group,WesternAfrica,Hausa,husband,wife's younger sister,husband,wife's younger sister,kin_role,kin_role,joking_relationship,unclear,"""mata"" (wife)",mata,"Joking relationships hold ... among affines, between the husband and his wife’s younger sister, whom he calls “mata” (wife) as well as between a wife and her husband’s younger brother,",0.9,0.9,1,1,/Hausa_Smith_43_NK,663,ehraf_v2
664,within_group,WesternAfrica,Hausa,wife,husband's younger brother,wife,husband's younger brother,kin_role,kin_role,joking_relationship,unclear,,,"Joking relationships hold ... as well as between a wife and her husband’s younger brother, who also use the",0.9,0.9,1,1,/Hausa_Smith_43_NK,664,ehraf_v2
665,within_group,WesternAfrica,Hausa,butchers (mahauta),blacksmiths (makira),butchers (mahauta),blacksmiths (makira),caste,caste,joking_relationship,symmetric,,"mahauta, makira","It is to be noted that joking relationships are not [unavailable] to kin and affines, but also hold on set occasions between categories or persons of different occupation, affiliation with an ethnic group, or state, thus: butchers and blacksmiths (mahauta, makira),",0.9,0.9,1,1,/Hausa_Smith_43_NK,665,ehraf_v2
666,within_group,WesternAfrica,Hausa,mallams,hunters,mallams,hunters,group,group,joking_relationship,symmetric,,,"butchers and blacksmiths (mahauta, makira), mallams and hunters [unavailable], maharba), barber-doctors and blacksmiths (wanzamai, makira);",0.8,0.8,1,1,/Hausa_Smith_43_NK,666,ehraf_v2
667,within_group,WesternAfrica,Hausa,barber-doctors (wanzamai),blacksmiths (makira),barber-doctors (wanzamai),blacksmiths (makira),caste,caste,joking_relationship,symmetric,,"wanzamai, makira","barber-doctors and blacksmiths (wanzamai, makira);",0.95,0.95,1,1,/Hausa_Smith_43_NK,667,ehraf_v2
671,within_group,WesternAfrica,Hausa,family of a slave-owner,their slaves or serfs,family of a slave-owner,their slaves or serfs,group,group,joking_relationship,non_symmetric,,,"Finally, joking relationships in limited contexts were observed between the family of a slave-owner and their slaves or serfs.",0.85,0.85,1,1,/Hausa_Smith_43_NK,671,ehraf_v2
672,within_group,WesternAfrica,Hausa,grandparents,grandchildren,grandparents,grandchildren,kin_role,kin_role,joking_relationship,mixed,play-relationship,,"The fondness and play-relationship which links grandparents and grandchildren, and is standardised as a main motive for adoption.",0.9,0.9,1,1,/Hausa_Smith_44_NK,672,ehraf_v2
673,within_group,WesternAfrica,Hausa,child of the female sibling,child of the male sibling,child of the female sibling,child of the male sibling,kin_role,kin_role,joking_relationship,symmetric,cross-cousin jokingrelationship,,"The bilateral cross-cousin jokingrelationship which is expressed by the collection of kudin shara at the Mohammedan New Year, the child of the female sibling claiming ½d. or 1d. from the child of the male sibling because, as Hausa say, “the son of the male is the slave of the son of the female”.",0.95,0.95,1,1,/Hausa_Smith_44_NK,673,ehraf_v2
674,within_group,WesternAfrica,Hausa,spouses of Ego’s elder siblings of different sex,Ego,spouses of Ego’s elder siblings of different sex,Ego,kin_role,person,joking_relationship,mixed,,abokan wasa,"Joking relationships between the spouses of Ego’s elder siblings of different sex and Ego, and also between the abokan wasa (cross-cousins and grandparents, particularly the former) of a spouse and his partner by marriage, tend to relieve the tensions inherent in affinal relationships and the conditions of Hausa marriage.",0.85,0.85,1,1,/Hausa_Smith_44_NK,674,ehraf_v2
675,within_group,WesternAfrica,Hausa,abokan wasa (cross-cousins and grandparents) of a spouse,his partner by marriage,abokan wasa (cross-cousins and grandparents) of a spouse,his partner by marriage,group,person,joking_relationship,unclear,abokan wasa,abokan wasa,"Joking relationships between the spouses of Ego’s elder siblings of different sex and Ego, and also between the abokan wasa (cross-cousins and grandparents, particularly the former) of a spouse and his partner by marriage, tend to relieve the tensions inherent in affinal relationships and the conditions of Hausa marriage.",0.8,0.8,1,1,/Hausa_Smith_44_NK,675,ehraf_v2
676,within_group,WesternAfrica,Hausa,occupational groups,occupational groups,occupational groups,occupational groups,group,group,joking_relationship,symmetric,,,"Joking relationships between occupational groups were accompanied by preferred marriages between members of the groups, and a strong feeling of zumunta or mutual co-operation. Like all joking relationships, these were expressed annually in the custom of collecting kudin shara.",0.9,0.9,1,1,/Hausa_Smith_44_NK,676,ehraf_v2
678,within_group,WesternAfrica,Hausa,owners,slaves,owners,slaves,group,group,joking_relationship,non_symmetric,,dan uwa,"Joking relationships between owners and their slaves served to relieve some of the tension inherent in their relations, as did the extension of kinship terms such as dan uwa to slaves.",0.9,0.9,1,1,/Hausa_Smith_44_NK,678,ehraf_v2
679,within_group,WesternAfrica,Hausa,grandfather,granddaughter,grandfather,granddaughter,kin_role,kin_role,joking_relationship,unclear,,kishiarta,"a grandfather may call his granddaughter [unavailable] wife”, while the grandmother may join in and call the little girl “my [unavailable] wife” (kishiarta);",0.9,0.9,1,1,/Hausa_Smith_45_NK,679,ehraf_v2
680,within_group,WesternAfrica,Hausa,grandmother,granddaughter,grandmother,granddaughter,kin_role,kin_role,joking_relationship,unclear,,kishiarta,"a grandfather may call his granddaughter [unavailable] wife”, while the grandmother may join in and call the little girl “my [unavailable] wife” (kishiarta);",0.85,0.85,1,1,/Hausa_Smith_45_NK,680,ehraf_v2
681,within_group,WesternAfrica,Hausa,cross-cousins,cross-cousins,cross-cousins,cross-cousins,kin_role,kin_role,joking_relationship,non_symmetric,playful superiority/inferiority,auren dan mace da dan kane,cross-cousins often make play with the allusion to [unavailable] and slave mentioned above - “the brother’s son is the slave of the sister’s son”.,0.95,0.95,1,1,/Hausa_Smith_45_NK,681,ehraf_v2
682,within_group,WesternAfrica,Hausa,wife's kin,husband's kin,wife's kin,husband's kin,kin_role,kin_role,joking_relationship,unclear,,suruki,The joking relations centred about a married people serve to relieve the tensions which are expressed in the [unavailable] (suruki) relationships holding between most of the parties concerned.,0.9,0.9,1,1,/Hausa_Smith_45_NK,682,ehraf_v2
683,within_group,WesternAfrica,Hausa,cross-cousins,cross-cousins,cross-cousins,cross-cousins,kin_role,kin_role,joking_relationship,symmetric,,,"In both the Fulani and Hausa kinship systems, cross-cousins are joking relations whose relationship involves privileged familiarity.",0.9,0.9,1,1,/Hausa_Smith_46_NK,683,ehraf_v2
684,within_group,WesternAfrica,Hausa,the chief,cross-cousins,the chief,cross-cousins,person,kin_role,joking_relationship,mixed,,,"Accordingly, Fulani and Hausa rulers like to appoint cross-cousins to their staffs, thus converting these warm and solidary kinship relations to political use. ... the Fulani or Hausa chief relies heavily on his cross-cousins for confidential information on such affairs within and beyond the palace and looks to them for frank advice on appropriate courses of action.",0.9,0.9,1,1,/Hausa_Smith_46_NK,684,ehraf_v2
685,within_group,WesternAfrica,Igbo,elder women,younger people,elder women,younger people,group,age_set,joking_relationship,symmetric,joking relations,,"Elder women can joke—and often have joking relations with younger people—about sexual relations, but they are expected to lose interest in pursuing such matters after they are beyond child bearing age.",0.9,0.9,1,1,/Igbo_Bastian_202_NK,685,ehraf_v2
687,within_group,WesternAfrica,Igbo,child/offspring (of a woman born in Umuonyeike),mother's patrilineage,child/offspring (of a woman born in Umuonyeike),mother's patrilineage,kin_role,lineage,joking_relationship,symmetric,,,"A proverb encapsulates this procedure: Emeruo Umunna, ejhee umunne (If one harms one's father's people, one goes to one's mother's people). There is a jokingrelationship with the mother's patrilineage.",0.8,0.8,1,1,/Igbo_Okere_78_NK,687,ehraf_v2
688,within_group,WesternAfrica,Igbo,cross-cousins,cross-cousins,cross-cousins,cross-cousins,kin_role,kin_role,joking_relationship,symmetric,joking relationship,,"Mitchell writes of the Yao that they consider marriage between cross-cousins an unstable type of relationship, attributing this to the continuance of a jokingrelationship that existed before.",0.8,0.8,1,1,/Igbo_Ottenberg_267_NK,688,ehraf_v2
689,within_group,WesternAfrica,Igbo,men of the village,men of the compound that the boy comes from,men of the village,men of the compound that the boy comes from,village,clan,joking_relationship,non_symmetric,joke,,"If an initiand dies, faints, or gets sick there, men of the village joke with men of the compound that the boy comes from, saying, “Your compound is weak. What have you been doing? Your boy is left behind.”",0.9,0.9,1,1,/Igbo_Ottenberg_273_NK,689,ehraf_v2
690,within_group,WesternAfrica,Igbo,the sister's son,the mother's brother's lineage,the sister's son,the mother's brother's lineage,kin_role,lineage,joking_relationship,mixed,joking relationship,,"While he stays with his mother's brother, he is treated with much affection and allowed a wide latitude in his behavior. He jokes at the expense of everybody, his mother's father, his mother's brother and their wives. This joking relationship is extended to all the members of the mother's brother's lineage.",0.9,0.9,1,1,/Igbo_Uchendu_67_NK,690,ehraf_v2
691,within_group,WesternAfrica,Igbo,ΘmΘɔkpΘ,ndom alΘ alΘ,ΘmΘɔkpΘ,ndom alΘ alΘ,kin_role,kin_role,joking_relationship,symmetric,joking relationship,,The relation between these two classes of women is one of “potential” conflict covertly expressed in the joking relationship between them and overtly manifested in the institutionalized authority of the ΘmΘɔkpΘ over the ndom alΘ alΘ during the mourning rites marking the latter's widowhood.,0.9,0.9,1,1,/Igbo_Uchendu_86_NK,691,ehraf_v2
692,within_group,WesternAfrica,Kanuri,married man,zairo (unmarried/circumcised person),married man,zairo (unmarried/circumcised person),kin_role,kin_role,insulting_license,non_symmetric,jokingly referred to as zairo,zairo,"When a young man is divorced and has no other wives, or even if he is married but is known to be especially attentive to other women he is jokingly referred to as zairo (any person who has not been married,  but who has been circumcised, more often referring to the sexually active).",0.9,0.9,1,1,/Kanuri_Cohen_173_NK,692,ehraf_v2
693,within_group,WesternAfrica,Kanuri,junior,senior,junior,senior,kin_role,kin_role,joking_relationship,symmetric,joking relations,,"In such relationships the customary restrictions and demands upon behavior based on seniority, generation, sex, or any other status differences, are relaxed. They are instead replaced by formalized patterns of permissiveness in which the junior becomes the equal of the senior, and therefore a putative and formalized kind of reciprocity can be established.",0.8,0.8,1,1,/Kanuri_Cohen_42_NK,693,ehraf_v2
694,within_group,WesternAfrica,Kanuri,relatives,relatives,relatives,relatives,kin_role,kin_role,joking_relationship,symmetric,,numkam,"Later, however, I realized that such people are friends because they are related. Relatedness ( numkam ) can consequently be used in a number of ways. ... it can be used to refer to relationships within the kinship network that are not necessarily governed by the respect scale.",0.7,0.7,1,1,/Kanuri_Cohen_42_NK,694,ehraf_v2
695,within_group,WesternAfrica,Kanuri,young man or boy,his junior female cross-cousin,young man or boy,his junior female cross-cousin,kin_role,kin_role,joking_relationship,symmetric,joking wife,,"A young man or boy jokes with one of his junior female cross-cousins calling her wife, concubine, lover, etc., and she returns the joke calling him slave, husband, lover.",0.9,0.9,1,1,/Kanuri_Cohen_46_NK,695,ehraf_v2
696,within_group,WesternAfrica,Kanuri,young man or boy,"""wife's"" younger sibling (tiu)",young man or boy,"""wife's"" younger sibling (tiu)",kin_role,kin_role,joking_relationship,mixed,joking relation with wife's younger siblings,tiu,"Because there is a joking relation in the “real” kinship system between a man and his wife’s junior siblings (real and classificatory), this joking is extended to the junior siblings of the junior cross-cousin who is chosen as the joking wife. They, too, can ask for joking money on Sala Laya.",0.8,0.8,1,1,/Kanuri_Cohen_46_NK,696,ehraf_v2
697,within_group,WesternAfrica,Kanuri,young man or boy,"""wife's"" older sibling (k[unknown]esai)",young man or boy,"""wife's"" older sibling (k[unknown]esai)",kin_role,kin_role,joking_relationship,mixed,joking treated as senior in-laws,k[unknown]esai,"Siblings older than the wife are treated jokingly as if they were senior in-laws, i.e., with respect and avoidance.",0.7,0.7,1,1,/Kanuri_Cohen_46_NK,697,ehraf_v2
698,within_group,WesternAfrica,Kanuri,grandparents or great-grandparents,grandchildren,grandparents or great-grandparents,grandchildren,kin_role,kin_role,joking_relationship,symmetric,jokingrelationship,,"As Table 4:1 indicates, there is almost total agreement among respondents that a jokingrelationship exists between ego and his grandparents or great-grandparents if these are alive.",0.9,0.9,1,1,/Kanuri_Cohen_46_NK,698,ehraf_v2
699,within_group,WesternAfrica,Kanuri,namesake (person after whom a child is named),namesake child (chubuna),namesake (person after whom a child is named),namesake child (chubuna),kin_role,kin_role,joking_relationship,symmetric,namesake jokingrelationship,chubuna,"Conversely, anyone after whom a child has been named has a jokingrelationship (albeit somewhat milder) with his namesake.",0.9,0.9,1,1,/Kanuri_Cohen_46_NK,699,ehraf_v2
700,within_group,WesternAfrica,Kanuri,older sibling,younger sibling’s wife,older sibling,younger sibling’s wife,kin_role,kin_role,joking_relationship,symmetric,joking relations,,"Indeed, in a minority of cases (13%) there are joking relations between the older sibling and his younger sibling’s wife, while hardly anyone jokes with wife’s older sibling.",0.9,0.9,1,1,/Kanuri_Cohen_49_NK,700,ehraf_v2
701,within_group,WesternAfrica,Kanuri,Ego,spouse's younger siblings,Ego,spouse's younger siblings,kin_role,kin_role,joking_relationship,non_symmetric,formal joking relations,,"There are formal joking relations between ego and his or her spouse’s younger siblings. Ego jokes about who his spouse’s younger sibling is going to marry, or have sexual relations with, or about possible affairs that the younger one should or might have.",0.9,0.9,1,1,/Kanuri_Cohen_50_NK,701,ehraf_v2
702,within_group,WesternAfrica,Kanuri,grandparent,grandchild,grandparent,grandchild,kin_role,kin_role,joking_relationship,symmetric,joking relationship,kaka / diwo,"Due to the reciprocal nature of the joking relationship between grandparent and grandchild, the term of address (grandparent speaking) is kaka, and is used reciprocally, while the differentiated term for grandchild (diwo) is used primarily as a term of reference.",0.9,0.9,1,1,/Kanuri_Cohen_51_NK,702,ehraf_v2
703,within_group,WesternAfrica,Kanuri,Ol-Sis-Hu,Wi-Yo-Bro,Ol-Sis-Hu,Wi-Yo-Bro,kin_role,kin_role,joking_relationship,mixed,reciprocal joking relationship,b[unknown]rzum,"The Ol-Sis-Hu and Wi-Yo-Bro have a reciprocal joking relationship with one another. However, the junior in the situation must pay respect( nona ), or give respect ( b[unknown]rzum ) to the senior, even though their traditionally formalized interaction is one of reciprocal joking.",0.9,0.9,1,1,/Kanuri_Cohen_60_NK,703,ehraf_v2
704,within_group,WesternAfrica,Kanuri,grandparents and great-grandparents,ego and grandchildren,grandparents and great-grandparents,ego and grandchildren,kin_role,kin_role,joking_relationship,mixed,suli,suli,"The most diffuse or broadly based joking relationship is that between ego and his grandparents and great-grandparents, if any of the latter are alive. ... The child usually has the most intimate and fondest joking relationship with his namesake grandparent, if this person lives close by or adopts him.",0.9,0.9,1,1,/Kanuri_Cohen_68_NK,704,ehraf_v2
705,within_group,WesternAfrica,Kanuri,grandparent,grandchild,grandparent,grandchild,kin_role,kin_role,joking_relationship,mixed,joking partners; grandparent joking-relationship,kaka / yeiya,"It is not uncommon to see a grandparent visiting his or her friends always in the company of their little joking partners. ... As the child grows older the joking aspect becomes more noticeable. The grandparent will point out a young playmate of the opposite sex and say to him - that is your wife, is it?, or to her - that is your husband, eh? ... You may pull your kaka’s (grandparent’s) beards, or go into his house and take his possessions, and he will not mind - he is happy because his children have borne children. If you have a yeiya (great-grandparent) alive, it is the same with him.",0.9,0.9,1,1,/Kanuri_Cohen_69_NK,705,ehraf_v2
706,within_group,WesternAfrica,Kanuri,grandparent,grandchild,grandparent,grandchild,kin_role,kin_role,joking_relationship,symmetric,chuwuna; suli (joking),chuwuna,"Although the suli (joking) relationship holds for all members of the second and third ascendant and descendant generations it focuses for an individual in its most memorable and frequently emphasized form, between himself and his grandparent-namesake, his chuwuna.",0.95,0.95,1,1,/Kanuri_Cohen_70_NK,706,ehraf_v2
707,within_group,WesternAfrica,Kanuri,second and third ascendant generations,second and third descendant generations,second and third ascendant generations,second and third descendant generations,kin_role,kin_role,joking_relationship,symmetric,suli (joking),suli,Although the suli (joking) relationship holds for all members of the second and third ascendant and descendant generations...,0.9,0.9,1,1,/Kanuri_Cohen_70_NK,707,ehraf_v2
708,within_group,WesternAfrica,Kanuri,father's brother,child named after him,father's brother,child named after him,kin_role,kin_role,joking_relationship,symmetric,chuwuna,chuwuna,"If a child is named after a father’s brother or his father’s friend, he and that person have a mildly permissive joking relationship. They address each other as chuwuna and refer and act towards one another in a similar fashion to that of grandparents and grandchildren.",0.9,0.9,1,1,/Kanuri_Cohen_70_NK,708,ehraf_v2
709,within_group,WesternAfrica,Kanuri,father's friend,child named after him,father's friend,child named after him,person,kin_role,joking_relationship,symmetric,chuwuna,chuwuna,"If a child is named after a father’s brother or his father’s friend, he and that person have a mildly permissive joking relationship. They address each other as chuwuna and refer and act towards one another in a similar fashion to that of grandparents and grandchildren.",0.85,0.85,1,1,/Kanuri_Cohen_70_NK,709,ehraf_v2
710,within_group,WesternAfrica,Kanuri,District Heads (people named after),children named after them,District Heads (people named after),children named after them,person,kin_role,joking_relationship,symmetric,chuwuna (namesake joking/adoption possibility),chuwuna,"Consequently, in the Kanuri state there are a great many children called after District Heads, aristocrats of the state, rich men, and people in high status positions generally.",0.8,0.8,1,1,/Kanuri_Cohen_70_NK,710,ehraf_v2
711,within_group,WesternAfrica,Kanuri,ego (male),matrilateral junior cross-cousin of opposite sex,ego (male),matrilateral junior cross-cousin of opposite sex,kin_role,kin_role,joking_relationship,symmetric,jokingrelationship,kungana sulibe,"There is a jokingrelationship which takes place between cross-cousins of opposite sex. It takes the following form. Ego (male speaking) jokes with his Regulation Of matrilateral junior cross-cousin of opposite sex, calling her wife, concubine, Marriage lover, etc., and she returns the joke calling him slave, husband, lover, etc., and extracting joking money ( kungana sulibe ) from him on the Sala Laya (roughly the New Year).",0.95,0.95,1,1,/Kanuri_Cohen_72_NK,711,ehraf_v2
712,within_group,WesternAfrica,Kanuri,ego (male),joking-wife's younger siblings (tiu / tiunyi),ego (male),joking-wife's younger siblings (tiu / tiunyi),kin_role,kin_role,joking_relationship,symmetric,tiu / tiunyi,tiu,"This brings on a kind of play behaviour with the younger siblings of ego’s cousin which follows the adult rules of marriage. That is to say, a joking relation with Wi-Yo-Siblings who in this case are his junior cross-cousins as well as being his joking-wife’s younger siblings. Thus he will call them tiu (junior in-laws) and refer to them (in the situation) as tiunyi (my junior in-laws).",0.9,0.9,1,1,/Kanuri_Cohen_72_NK,712,ehraf_v2
713,within_group,WesternAfrica,Kanuri,ego (male),patrilateral cousins,ego (male),patrilateral cousins,kin_role,kin_role,joking_relationship,symmetric,joking play,,"Given no joking-wife among the matri-kin, ego may go through exactly the same joking73 play with his patrilateral cousins. As in the materilateral case, if ego changes his joking-wife, the tiu joking relationships shift also in association with the change.",0.9,0.9,1,1,/Kanuri_Cohen_72_NK,713,ehraf_v2
714,within_group,WesternAfrica,Kanuri,woman,husband's younger brothers,woman,husband's younger brothers,kin_role,kin_role,avoidance,unclear,,,Exactly the same conditions for the same reasons apply to the joking relations between a woman and her husband's younger brothers. Although the joking takes many forms the most common is for ego to joke about obtaining a sexual and/or a marriage partner for his spouse’s younger siblings.,0.8,0.8,1,1,/Kanuri_Cohen_72_NK,714,ehraf_v2
715,within_group,WesternAfrica,Kanuri,master,slave,master,slave,group,group,joking_relationship,non_symmetric,,kaka/diwo,"Outside the kinship system a joking relationship may hold between a master and his slave, although this is usual only when the slave is an entertainer of some kind. In the above relationships which seem in all cases to cover an area of interrelations involving potential conflicts, the joking takes the form (usually) of the grandparent-grandchild relationship.",0.9,0.9,1,1,/Kanuri_Cohen_73_NK,715,ehraf_v2
716,within_group,WesternAfrica,Kanuri,smiths,butchers,smiths,butchers,caste,caste,joking_relationship,non_symmetric,,kaka/diwo,"Amongst the various occupations, joking relations obtain between smiths and butchers; barber-doctors and smiths; mallams (koranic teacher-priests) and hunters; kola-nut wholesalers and retailers; dyers and tailors; a builder of mud houses and his labourers; a fire-wood seller and his customers; pepper sellers and kola-nut wholesalers. In the above relationships which seem in all cases to cover an area of interrelations involving potential conflicts, the joking takes the form (usually) of the grandparent-grandchild relationship.",0.95,0.95,1,1,/Kanuri_Cohen_73_NK,716,ehraf_v2
717,within_group,WesternAfrica,Kanuri,barber-doctors,smiths,barber-doctors,smiths,caste,caste,joking_relationship,non_symmetric,,kaka/diwo,"Amongst the various occupations, joking relations obtain between smiths and butchers; barber-doctors and smiths; mallams (koranic teacher-priests) and hunters; kola-nut wholesalers and retailers; dyers and tailors; a builder of mud houses and his labourers; a fire-wood seller and his customers; pepper sellers and kola-nut wholesalers. In the above relationships which seem in all cases to cover an area of interrelations involving potential conflicts, the joking takes the form (usually) of the grandparent-grandchild relationship.",0.95,0.95,1,1,/Kanuri_Cohen_73_NK,717,ehraf_v2
718,within_group,WesternAfrica,Kanuri,mallams (koranic teacher-priests),hunters,mallams (koranic teacher-priests),hunters,caste,group,joking_relationship,non_symmetric,,kaka/diwo,"Amongst the various occupations, joking relations obtain between smiths and butchers; barber-doctors and smiths; mallams (koranic teacher-priests) and hunters; kola-nut wholesalers and retailers; dyers and tailors; a builder of mud houses and his labourers; a fire-wood seller and his customers; pepper sellers and kola-nut wholesalers. In the above relationships which seem in all cases to cover an area of interrelations involving potential conflicts, the joking takes the form (usually) of the grandparent-grandchild relationship.",0.95,0.95,1,1,/Kanuri_Cohen_73_NK,718,ehraf_v2
719,within_group,WesternAfrica,Kanuri,kola-nut wholesalers,retailers,kola-nut wholesalers,retailers,caste,group,joking_relationship,non_symmetric,,kaka/diwo,"Amongst the various occupations, joking relations obtain between smiths and butchers; barber-doctors and smiths; mallams (koranic teacher-priests) and hunters; kola-nut wholesalers and retailers; dyers and tailors; a builder of mud houses and his labourers; a fire-wood seller and his customers; pepper sellers and kola-nut wholesalers. In the above relationships which seem in all cases to cover an area of interrelations involving potential conflicts, the joking takes the form (usually) of the grandparent-grandchild relationship.",0.95,0.95,1,1,/Kanuri_Cohen_73_NK,719,ehraf_v2
720,within_group,WesternAfrica,Kanuri,dyers,tailors,dyers,tailors,caste,caste,joking_relationship,non_symmetric,,kaka/diwo,"Amongst the various occupations, joking relations obtain between smiths and butchers; barber-doctors and smiths; mallams (koranic teacher-priests) and hunters; kola-nut wholesalers and retailers; dyers and tailors; a builder of mud houses and his labourers; a fire-wood seller and his customers; pepper sellers and kola-nut wholesalers. In the above relationships which seem in all cases to cover an area of interrelations involving potential conflicts, the joking takes the form (usually) of the grandparent-grandchild relationship.",0.95,0.95,1,1,/Kanuri_Cohen_73_NK,720,ehraf_v2
721,within_group,WesternAfrica,Kanuri,a builder of mud houses,his labourers,a builder of mud houses,his labourers,group,group,joking_relationship,non_symmetric,,kaka/diwo,"Amongst the various occupations, joking relations obtain between smiths and butchers; barber-doctors and smiths; mallams (koranic teacher-priests) and hunters; kola-nut wholesalers and retailers; dyers and tailors; a builder of mud houses and his labourers; a fire-wood seller and his customers; pepper sellers and kola-nut wholesalers. In the above relationships which seem in all cases to cover an area of interrelations involving potential conflicts, the joking takes the form (usually) of the grandparent-grandchild relationship.",0.9,0.9,1,1,/Kanuri_Cohen_73_NK,721,ehraf_v2
722,within_group,WesternAfrica,Kanuri,fire-wood seller,customers,fire-wood seller,customers,group,group,joking_relationship,non_symmetric,,kaka/diwo,"Amongst the various occupations, joking relations obtain between smiths and butchers; barber-doctors and smiths; mallams (koranic teacher-priests) and hunters; kola-nut wholesalers and retailers; dyers and tailors; a builder of mud houses and his labourers; a fire-wood seller and his customers; pepper sellers and kola-nut wholesalers. In the above relationships which seem in all cases to cover an area of interrelations involving potential conflicts, the joking takes the form (usually) of the grandparent-grandchild relationship.",0.9,0.9,1,1,/Kanuri_Cohen_73_NK,722,ehraf_v2
723,within_group,WesternAfrica,Kanuri,pepper sellers,kola-nut wholesalers,pepper sellers,kola-nut wholesalers,group,caste,joking_relationship,non_symmetric,,kaka/diwo,"Amongst the various occupations, joking relations obtain between smiths and butchers; barber-doctors and smiths; mallams (koranic teacher-priests) and hunters; kola-nut wholesalers and retailers; dyers and tailors; a builder of mud houses and his labourers; a fire-wood seller and his customers; pepper sellers and kola-nut wholesalers. In the above relationships which seem in all cases to cover an area of interrelations involving potential conflicts, the joking takes the form (usually) of the grandparent-grandchild relationship.",0.9,0.9,1,1,/Kanuri_Cohen_73_NK,723,ehraf_v2
724,within_group,WesternAfrica,Kanuri,Ngala's,Magumi,Ngala's,Magumi,clan,clan,joking_relationship,non_symmetric,,kaka/diwo,"Joking relations also hold between clans such as Ngala’s and Magumi; Nguma and T[unknown]ara; Kuburi and T[unknown]ara; Su’urti and Kuburi; or between ethnic groups like Shuwa and Kanuri; Kurdi and Shuwa; Hausa and Fulani; Kanuri and Fulani; Tubu and Monga; Monga and B[unknown]adde; Kanembu and Wasili (Arabs). In the above relationships which seem in all cases to cover an area of interrelations involving potential conflicts, the joking takes the form (usually) of the grandparent-grandchild relationship.",0.9,0.9,1,1,/Kanuri_Cohen_73_NK,724,ehraf_v2
725,within_group,WesternAfrica,Kanuri,Nguma,T[unknown]ara,Nguma,T[unknown]ara,clan,clan,joking_relationship,non_symmetric,,kaka/diwo,"Joking relations also hold between clans such as Ngala’s and Magumi; Nguma and T[unknown]ara; Kuburi and T[unknown]ara; Su’urti and Kuburi; or between ethnic groups like Shuwa and Kanuri; Kurdi and Shuwa; Hausa and Fulani; Kanuri and Fulani; Tubu and Monga; Monga and B[unknown]adde; Kanembu and Wasili (Arabs). In the above relationships which seem in all cases to cover an area of interrelations involving potential conflicts, the joking takes the form (usually) of the grandparent-grandchild relationship.",0.85,0.85,1,1,/Kanuri_Cohen_73_NK,725,ehraf_v2
726,within_group,WesternAfrica,Kanuri,Kuburi,T[unknown]ara,Kuburi,T[unknown]ara,clan,clan,joking_relationship,non_symmetric,,kaka/diwo,"Joking relations also hold between clans such as Ngala’s and Magumi; Nguma and T[unknown]ara; Kuburi and T[unknown]ara; Su’urti and Kuburi; or between ethnic groups like Shuwa and Kanuri; Kurdi and Shuwa; Hausa and Fulani; Kanuri and Fulani; Tubu and Monga; Monga and B[unknown]adde; Kanembu and Wasili (Arabs). In the above relationships which seem in all cases to cover an area of interrelations involving potential conflicts, the joking takes the form (usually) of the grandparent-grandchild relationship.",0.85,0.85,1,1,/Kanuri_Cohen_73_NK,726,ehraf_v2
727,within_group,WesternAfrica,Kanuri,Su’urti,Kuburi,Su’urti,Kuburi,clan,clan,joking_relationship,non_symmetric,,kaka/diwo,"Joking relations also hold between clans such as Ngala’s and Magumi; Nguma and T[unknown]ara; Kuburi and T[unknown]ara; Su’urti and Kuburi; or between ethnic groups like Shuwa and Kanuri; Kurdi and Shuwa; Hausa and Fulani; Kanuri and Fulani; Tubu and Monga; Monga and B[unknown]adde; Kanembu and Wasili (Arabs). In the above relationships which seem in all cases to cover an area of interrelations involving potential conflicts, the joking takes the form (usually) of the grandparent-grandchild relationship.",0.85,0.85,1,1,/Kanuri_Cohen_73_NK,727,ehraf_v2
735,within_group,WesternAfrica,Kanuri,Grandparents,Grandchildren,Grandparents,Grandchildren,kin_role,kin_role,joking_relationship,non_symmetric,joking relations,suli,"There is a high degree of expressive and affective fondness found in the joking relationships between grandparents and grandchildren which centers, as we have seen, most intensively around the namesake attribute of the same relationship. ... It does not show up in the questionnaire data summarized in Table I, because the joking relations ( suli ) with grandparents already includes friendship behaviour within its meaning content for this particular category of relative.",0.9,0.9,1,1,/Kanuri_Cohen_74_NK,735,ehraf_v2
736,within_group,WesternAfrica,Kanuri,jili,linked jili,jili,linked jili,clan,clan,joking_relationship,symmetric,joking Age Stratification relationships,n[unknown]ngima,This is also the time when members of the various jili give small gifts to members of linked jili with whom they have joking Age Stratification relationships ( n[unknown]ngima ).,0.6,0.6,1,1,/Kanuri_Rosman_194_NK,736,ehraf_v2
737,within_group,WesternAfrica,Katab,A Katab,his cousins,A Katab,his cousins,ethnic group,kin_role,joking_relationship,symmetric,playmate relationship,,"A Katab appears to be, to some extent, on playmate terms with all his cousins, but he will never play with a female cousin whose potential guardian he is, that is to say, whom he will one day give in marriage.",0.95,0.95,1,1,/Katab_Meek_32_NK,737,ehraf_v2
738,within_group,WesternAfrica,Katab,A Katab,ortho-cousins,A Katab,ortho-cousins,ethnic group,kin_role,joking_relationship,symmetric,playmate relationship (modified),,But ortho-cousins are only playmates in a modified sense.,0.9,0.9,1,1,/Katab_Meek_32_NK,738,ehraf_v2
739,within_group,WesternAfrica,Katab,a man,his wife's brother's wife,a man,his wife's brother's wife,person,kin_role,joking_relationship,symmetric,playmate relationship (affinal),,"The playmate relationship may exist between a man and his wife's brother's wife, but only if she belongs to some clan other than his own; for a woman of the same clan is a sister, and the joking relationship with a sister is not permissible.",0.9,0.9,1,1,/Katab_Meek_32_NK,739,ehraf_v2
740,within_group,WesternAfrica,Kpelle,ngala,maling,ngala,maling,kin_role,kin_role,joking_relationship,symmetric,play husband and wife; daily joking relationship,,"In the first generation the ngala and maling treat each other as ‘play husband and wife’ in a daily joking relationship whereby sexual play with each other is permitted, but they are prohibited from having sexual intercourse.",0.95,0.95,1,1,/Kpelle_Bellman_187_NK,740,ehraf_v2
741,within_group,WesternAfrica,Kpelle,ngala,maling,ngala,maling,kin_role,kin_role,joking_relationship,mixed,ngala-maling relationship,ngala-maling,"Besides the serious or formal rights and obligations between ngala and maling, other aspects of the relationship are expressed as joking behavior between kinsmen. When drinking palm wine, the maling is “to take off the dirt” by taking the first drink, whereas the ngala gets the last dregs from the bottom of the gourd; the maling is permitted to take any of the ngala's clothes without asking, while the ngala can take the maling's hat; and where there are not enough seats available, the maling will stand and offer the chair to his ngala.",0.9,0.9,1,1,/Kpelle_Bellman_22_NK,741,ehraf_v2
742,within_group,WesternAfrica,Kpelle,Folpahzoi,Walawulu,Folpahzoi,Walawulu,person,person,joking_relationship,symmetric,ngala-maling joking relationship,ngala-maling,"Folpahzoi and Walawulu had joined the Poro together about thirty-five years before and since that time been close friends, a bond expressed through the ngala-maling joking relationship. When Folpahzoi and Walawulu interact, they use the relationship to locate their informal rights within the setting.",0.95,0.95,1,1,/Kpelle_Bellman_24_NK,742,ehraf_v2
743,within_group,WesternAfrica,Kpelle,ngala,maling,ngala,maling,kin_role,kin_role,joking_relationship,mixed,ngala-maling,ngala; maling,"Although each can be ngala or maling depending on the technique of reckoning, each argues that he is the maling to the other. By making the other ngala, the speaker is entitled to take the first drink of palm wine or cane juice (raw rum) and can even take wine from the other's palm tree without permission.",0.9,0.9,1,1,/Kpelle_Bellman_24_NK,743,ehraf_v2
744,within_group,WesternAfrica,Kpelle,initiates,men,initiates,men,age_set,group,teasing,non_symmetric,teasing during initiation,,"Before the initiations, there is a great deal of joking and teasing of the initiates about their having to do battle with the devil (an example is presented in the next chapter).",0.9,0.9,1,1,/Kpelle_Bellman_87_NK,744,ehraf_v2
745,within_group,WesternAfrica,Kpelle,Ego,ngkela (mother's brother),Ego,ngkela (mother's brother),kin_role,kin_role,joking_relationship,symmetric,classic jokingrelationship,ngkela,"Ego's relationship with any one of these, Avuncular And but especially with his ngkela (mother's brother) or maleng (cross-cousin) is a classic jokingrelationship: one can ask the other for favors and material things, make sexual and other jokes, and so forth.",0.9,0.9,1,1,/Kpelle_Erchak_42_NK,745,ehraf_v2
746,within_group,WesternAfrica,Kpelle,Ego,father's sister,Ego,father's sister,kin_role,kin_role,joking_relationship,symmetric,play wife/play husband,,"Ego's mother's brother, father's sister, and cross- Kinship Terminology cousins, and a bifurcate merging avuncular terminology. A listing of some kin-terms and their denotata can be found in Bellman (1975: – ). Certain rules of behavior are associated with this terminology. Ego's mother's brother, father's sister, and cross-cousins, are referred to as “play wives” or “play husbands” depending on ego's sex.",0.85,0.85,1,1,/Kpelle_Erchak_42_NK,746,ehraf_v2
747,within_group,WesternAfrica,Kpelle,Ego,maleng (cross-cousin),Ego,maleng (cross-cousin),kin_role,kin_role,joking_relationship,symmetric,play wife/play husband,maleng,"Ego's relationship with any one of these, Avuncular And but especially with his ngkela (mother's brother) or maleng (cross-cousin) is a classic jokingrelationship: one can ask the other for favors and material things, make sexual and other jokes, and so forth.",0.9,0.9,1,1,/Kpelle_Erchak_42_NK,747,ehraf_v2
748,within_group,WesternAfrica,Kpelle,mother's brother,sister's son,mother's brother,sister's son,kin_role,kin_role,joking_relationship,symmetric,mother's brother–sister's son relationship,,"A man and his sister's son enjoy the much-studied patrilineal43 African mother's brother-sister's son Cousins relationship, and a man must give his approval of and be one of the overseers of, the marriage of his sister's daughter, at least in Nyafokwele chiefdom.",0.8,0.8,1,1,/Kpelle_Erchak_42_NK,748,ehraf_v2
749,within_group,WesternAfrica,Kpelle,the “elders”,the Humor speaker,the “elders”,the Humor speaker,group,person,joking_relationship,non_symmetric,elders' joking in disputes,,"The “elders” in a dispute add two substantial speech elements to the contest, jokes and proverbs. These jokes and proverbs are designed to wound the Humor speaker, to lower his or her esteem in the eyes of the audience.",0.9,0.9,1,1,/Kpelle_Lancy_143_NK,749,ehraf_v2
750,within_group,WesternAfrica,Kpelle,young boys,another boy,young boys,another boy,age_set,person,joking_relationship,symmetric,boys' teasing in play,,"The use of joking is begun early by young boys, and at times it is difficult to distinguish between joking and abusing, A boy may make a joke about another boy, “He walks like a goat,” which evokes laughter from other boys in the group.",0.85,0.85,1,1,/Kpelle_Lancy_143_NK,750,ehraf_v2
751,within_group,WesternAfrica,Kpelle,second older,unconvinced party (holdout),second older,unconvinced party (holdout),kin_role,group,teasing,non_symmetric,joking in trials,,"Joking is another type of speech event, and the purpose is to make the position of the “unconvinced party” or “holdout” look ridiculous. Several Humor examples occur in this trial. When the second older calls for drinks he is signaling that Gbokpele is wasting their time and that, by his obstinance, he has turned a serious trial into a farce.",0.8,0.8,1,1,/Kpelle_Lancy_82_NK,751,ehraf_v2
819,within_group,WesternAfrica,MOssi,Mogho,Samogho,Mogho,Samogho,ethnic group,ethnic group,joking_relationship,symmetric,,,"The joking relationship between Mogho and Samogho is more nearly symmetrical. Both groups declare that their two ancestors quarreled over the bones of a dog, and this quarrel still continues.",0.9,0.9,1,1,/MOssi_195_NK,819,ehraf_v2
854,within_group,WesternAfrica,Mende,brother,sister,brother,sister,kin_role,kin_role,joking_relationship,symmetric,strong joking relationship,,"There is a strong joking relationship between brother and sister, but a brother who sits on his sister's bed may be held guilty of simongama (i.e. incest, see Chapter VII).",0.95,0.95,1,1,/Mende_Little_130_NK,854,ehraf_v2
855,within_group,WesternAfrica,Mossi,mother's brother's wife,Ego,mother's brother's wife,Ego,kin_role,kin_role,joking_relationship,non_symmetric,Avuncular,,"However, joking in this relationship is asymmetrical. The mother's brother's wife takes the more aggressive role, and from the vehemence of her joking, and the structural nature of the relationship, it appears likely that amity lies less heavily in the balance than hostility.",0.9,0.9,1,1,/Mossi_262_NK,855,ehraf_v2
856,within_group,WesternAfrica,Mossi,Siblings-in-law,Siblings-in-law,Siblings-in-law,Siblings-in-law,kin_role,kin_role,joking_relationship,symmetric,Siblings-In-Law,,"Joking between siblings-in-law who are potential spouses, yet are presently constrained by a prohibition against adultery, has frequently been ascribed the function of reducing tension in a situation of conflict. The kin groups of siblings-in-law are always structurally equivalent because groups occupying significantly different strata in Mossi society do not intermarry.",0.9,0.9,1,1,/Mossi_262_NK,856,ehraf_v2
857,within_group,WesternAfrica,Mossi,Sibs (or lineages),other Sibs (or lineages),Sibs (or lineages),other Sibs (or lineages),lineage,lineage,joking_relationship,symmetric,joking alliance,,"Sibs (or lineages) whose members joke with one another are, of course, also separate groups. They are always united by a strong tradition of reciprocal social and economic aid. The origin of joking relationships between two descent groups is often ascribed to the alleged fact that, when they first arrived in the village, leaders of both falsely claimed to the chief that he and his kinsmen had arrived first...",0.9,0.9,1,1,/Mossi_262_NK,857,ehraf_v2
858,within_group,WesternAfrica,Mossi,age-sets,other age-sets within an age-grade,age-sets,other age-sets within an age-grade,age_set,age_set,joking_relationship,unclear,,,Joking between age-sets within an age-grade varies with the generational position of the set in Mossi society. In the years immediately following initiation the members are much involved in group activities... and during this period joking is important.,0.85,0.85,1,1,/Mossi_262_NK,858,ehraf_v2
859,within_group,WesternAfrica,Mossi,mother's brother,Ego,mother's brother,Ego,kin_role,kin_role,joking_relationship,non_symmetric,Joking with the Mother's Brother,,"The ambivalence in the relationship is manifested not
only by joking, which is asymmetrical—with Ego being the more aggressive—
but by theft as well. Perhaps as partial compensation for his inability to inherit
matrilaterally, Ego is permitted to steal his mother's brother's property during
his lifetime and can also make off with the beer and some of the animals
collected for his funeral.",0.9,0.9,1,1,/Mossi_Hammon_261_KS,859,ehraf_v2
860,within_group,WesternAfrica,Mossi,mother's brother's wife,Ego,mother's brother's wife,Ego,kin_role,kin_role,joking_relationship,unclear,Joking with the Mother's Brother's Wife,,"Joking between Ego and his mother's brother's wife is to be regarded as a
separate relationship because of her nonmembership in the mother's brother's
descent group, but certain of the structural circumstances are similar.",0.9,0.9,1,1,/Mossi_Hammon_261_KS,860,ehraf_v2
861,within_group,WesternAfrica,Mossi,Ego,his mother's agnatic kin (particularly his mother's elder brother),Ego,his mother's agnatic kin (particularly his mother's elder brother),person,kin_role,joking_relationship,unclear,,,"Among the Mossi, joking is institutionalized as an adjustive mechanism in the following relationships: (1) between Ego and his mother's agnatic kin, particularly his mother's elder brother;",0.9,0.9,1,1,/Mossi_Hammond_260_KS,861,ehraf_v2
862,within_group,WesternAfrica,Mossi,Ego,his mother's brother's wife,Ego,his mother's brother's wife,person,kin_role,joking_relationship,unclear,,,"Among the Mossi, joking is institutionalized as an adjustive mechanism in the following relationships: (2) between Ego and his mother's brother's wife;",0.9,0.9,1,1,/Mossi_Hammond_260_KS,862,ehraf_v2
863,within_group,WesternAfrica,Mossi,siblings-in-law,each other,siblings-in-law,each other,kin_role,kin_role,joking_relationship,symmetric,,,"Among the Mossi, joking is institutionalized as an adjustive mechanism in the following relationships: (3) between siblings-in-law;",0.9,0.9,1,1,/Mossi_Hammond_260_KS,863,ehraf_v2
864,within_group,WesternAfrica,Mossi,sibs,each other,sibs,each other,kin_role,kin_role,joking_relationship,symmetric,,,"Among the Mossi, joking is institutionalized as an adjustive mechanism in the following relationships: (4) between sibs;",0.9,0.9,1,1,/Mossi_Hammond_260_KS,864,ehraf_v2
865,within_group,WesternAfrica,Mossi,age-sets in the same age-grade,other age-sets in the same age-grade,age-sets in the same age-grade,other age-sets in the same age-grade,age_set,age_set,joking_relationship,symmetric,,,"Among the Mossi, joking is institutionalized as an adjustive mechanism in the following relationships: (5) between age-sets in the same age-grade;",0.9,0.9,1,1,/Mossi_Hammond_260_KS,865,ehraf_v2
868,within_group,WesternAfrica,Mossi,Ego,his mother's agnatic kin,Ego,his mother's agnatic kin,kin_role,kin_role,joking_relationship,unclear,,,"Among the Mossi, joking is institutionalized as an adjustive mechanism in the following relationships: (1) between Ego and his mother's agnatic kin, particularly his mother's elder brother; (2) between Ego and his mother's brother's wife; (3) between siblings-in-law; (4) between sibs; (5) between age-sets in the same age-grade; (6) between certain villages; and (7) between the Mossi and several other ethnic groups.",0.85,0.85,1,1,/Mossi_Hammond_260_NK,868,ehraf_v2
869,within_group,WesternAfrica,Mossi,Ego,his mother's elder brother,Ego,his mother's elder brother,kin_role,kin_role,joking_relationship,non_symmetric,,,"Among the Mossi, joking is institutionalized as an adjustive mechanism in the following relationships: (1) between Ego and his mother's agnatic kin, particularly his mother's elder brother; (2) between Ego and his mother's brother's wife; (3) between siblings-in-law; (4) between sibs; (5) between age-sets in the same age-grade; (6) between certain villages; and (7) between the Mossi and several other ethnic groups.",0.8,0.8,1,1,/Mossi_Hammond_260_NK,869,ehraf_v2
870,within_group,WesternAfrica,Mossi,Ego,his mother's brother's wife,Ego,his mother's brother's wife,kin_role,kin_role,joking_relationship,unclear,,,"Among the Mossi, joking is institutionalized as an adjustive mechanism in the following relationships: (1) between Ego and his mother's agnatic kin, particularly his mother's elder brother; (2) between Ego and his mother's brother's wife; (3) between siblings-in-law; (4) between sibs; (5) between age-sets in the same age-grade; (6) between certain villages; and (7) between the Mossi and several other ethnic groups.",0.8,0.8,1,1,/Mossi_Hammond_260_NK,870,ehraf_v2
871,within_group,WesternAfrica,Mossi,siblings-in-law,each other,siblings-in-law,each other,kin_role,kin_role,joking_relationship,symmetric,,,"Among the Mossi, joking is institutionalized as an adjustive mechanism in the following relationships: (1) between Ego and his mother's agnatic kin, particularly his mother's elder brother; (2) between Ego and his mother's brother's wife; (3) between siblings-in-law; (4) between sibs; (5) between age-sets in the same age-grade; (6) between certain villages; and (7) between the Mossi and several other ethnic groups.",0.8,0.8,1,1,/Mossi_Hammond_260_NK,871,ehraf_v2
872,within_group,WesternAfrica,Mossi,sibs,each other,sibs,each other,kin_role,kin_role,joking_relationship,symmetric,,,"Among the Mossi, joking is institutionalized as an adjustive mechanism in the following relationships: (1) between Ego and his mother's agnatic kin, particularly his mother's elder brother; (2) between Ego and his mother's brother's wife; (3) between siblings-in-law; (4) between sibs; (5) between age-sets in the same age-grade; (6) between certain villages; and (7) between the Mossi and several other ethnic groups.",0.85,0.85,1,1,/Mossi_Hammond_260_NK,872,ehraf_v2
873,within_group,WesternAfrica,Mossi,age-sets in the same age-grade,each other,age-sets in the same age-grade,each other,age_set,age_set,joking_relationship,unclear,,,"Among the Mossi, joking is institutionalized as an adjustive mechanism in the following relationships: (1) between Ego and his mother's agnatic kin, particularly his mother's elder brother; (2) between Ego and his mother's brother's wife; (3) between siblings-in-law; (4) between sibs; (5) between age-sets in the same age-grade; (6) between certain villages; and (7) between the Mossi and several other ethnic groups.",0.8,0.8,1,1,/Mossi_Hammond_260_NK,873,ehraf_v2
876,within_group,WesternAfrica,Mossi,mother's brother's wife,Ego (nephew),mother's brother's wife,Ego (nephew),kin_role,kin_role,joking_relationship,non_symmetric,Avuncular And Nepotic,,"However, joking in this relationship is asymmetrical. The mother's brother's wife takes the more aggressive role, and from the vehemence of her joking, and the structural nature of the relationship, it appears likely that amity lies less heavily in the balance than hostility.",0.9,0.9,1,1,/Mossi_Hammond_262_KS,876,ehraf_v2
877,within_group,WesternAfrica,Mossi,Siblings-in-law,Siblings-in-law,Siblings-in-law,Siblings-in-law,kin_role,kin_role,joking_relationship,symmetric,Siblings-In-Law,,Siblings-in-law who joke are separated by the rule of sib exogamy observed among the Mossi. Reciprocity is basic to the marriage contract that unites their respective king groups.,0.9,0.9,1,1,/Mossi_Hammond_262_KS,877,ehraf_v2
878,within_group,WesternAfrica,Mossi,sibs (lineages),sibs (lineages),sibs (lineages),sibs (lineages),lineage,lineage,joking_relationship,symmetric,Sibs,,"Sibs (or lineages) whose members joke with one another are, of course, also separate groups. They are always united by a strong tradition of reciprocal social and economic aid.",0.9,0.9,1,1,/Mossi_Hammond_262_KS,878,ehraf_v2
879,within_group,WesternAfrica,Mossi,age-sets,age-sets within an age-grade,age-sets,age-sets within an age-grade,age_set,age_set,joking_relationship,unclear,Joking Between Age-Sets,,Joking between age-sets within an age-grade varies with the generational position of the set in Mossi society. In the years immediately following initiation the members are much involved in group activities ... and during this period joking is important.,0.85,0.85,1,1,/Mossi_Hammond_262_KS,879,ehraf_v2
883,within_group,WesternAfrica,Mossi,Mossi,indigenous blacksmith caste,Mossi,indigenous blacksmith caste,ethnic group,caste,joking_relationship,unclear,,,There is also joking between the Mossi and the indigenous blacksmith caste.,0.6,0.6,1,1,/Mossi_Hammond_263_KS,883,ehraf_v2
884,within_group,WesternAfrica,Mossi,age-sets,other age-sets,age-sets,other age-sets,age_set,age_set,joking_relationship,symmetric,joking between age-sets,,"Age-sets are structurally separate within the age-grade. Their relations are reciprocal: individual members co-operate in the arrangement of one another's sexual liaisons; they pool their labor and share the profits they earn as members of their co-operative work organizations; and young men often leave Yatenga as migrant laborers in groups organized on the basis of age-grade membership, thereby reinforcing many of the reciprocal ties established in the work groups.",0.8,0.8,1,1,/Mossi_Hammond_263_KS,884,ehraf_v2
886,within_group,WesternAfrica,Mossi,the Mossi,the indigenous blacksmith caste,the Mossi,the indigenous blacksmith caste,ethnic group,caste,joking_relationship,unclear,,,There is also joking between the Mossi and the indigenous blacksmith caste.,0.5,0.5,1,1,/Mossi_Hammond_264_KS,886,ehraf_v2
887,within_group,WesternAfrica,Mossi,his wife,a man's younger brothers,his wife,a man's younger brothers,kin_role,kin_role,insulting_license,mixed,,,"Similarly, when a man's younger brothers come into the presence of his wife, she is expected to insult them in the same way—to deride with humor their appearance, their lack of energy, their skill at their work, or their intelligence. ... His brothers can be relied upon to relay to her husband what she has said, if he has not himself over-heard the exchange. ... And her husband's younger brothers, by retorting with hostile banter of the same sort, can convey to her the dissatisfaction of both her husband and their other kinsmen with her comportment, thus providing her, too, with a chance to mend her ways.",0.9,0.9,1,1,/Mossi_Hammond_265_1_KS,887,ehraf_v2
888,within_group,WesternAfrica,Mossi,husband,wife's younger sisters,husband,wife's younger sisters,kin_role,kin_role,joking_relationship,symmetric,joking,,"The wife's younger sisters cannot take offense at this joking, and they can be relied upon to relay the husband's complaints to their sister—if, indeed, she does not herself overhear the joking exchange. Furthermore, since a wife's younger sisters are usually aware of the sources of her grievance with her husband, they can use the same means to communicate to him the reason for her resentment and consequent failure to perform her domestic tasks to his satisfaction.",0.9,0.9,1,1,/Mossi_Hammond_265_KS,888,ehraf_v2
889,within_group,WesternAfrica,Mossi,younger siblings of each spouse,each spouse,younger siblings of each spouse,each spouse,kin_role,kin_role,joking_relationship,symmetric,sibling-in-law joking,,"Although the potential for conflict in the marriage relationship remained high, or was even augmented by the stresses of adjusting to a changed milieu, sibling-in-law joking, the institution through which such tension is traditionally regulated among the Mossi, was no longer operative. Unless the younger siblings of each spouse had accompanied them to the resettlement area, those individuals were absent to whom they might have communicated their grievances and expressed their aggressive sentiments in a socially harmless, psychologically satisfactory, and culturally acceptable way.",0.8,0.8,1,1,/Mossi_Hammond_267_KS,889,ehraf_v2
891,within_group,WesternAfrica,Mossi,Mogho,Samogho,Mogho,Samogho,regional group,regional group,joking_relationship,symmetric,,,"The joking relationship between Mogho and Samogho is more nearly symmetrical. Both groups declare that their two ancestors quarreled over the bones of a dog, and this quarrel still continues.",0.9,0.9,1,1,/Mossi_Skinner_195_NK,891,ehraf_v2
892,within_group,WesternAfrica,Mossi,dakiba,the family rituals,dakiba,the family rituals,kin_role,group,joking_relationship,unclear,joking relatives,dakiba,"the family rituals (such as the role of the dakiba [joking relatives], the preparation of the body, and matters of this kind) which take place within the confines of the homes of the deceased.",0.9,0.9,1,1,/Mossi_Skinner_333_NK,892,ehraf_v2
893,within_group,WesternAfrica,Mossi,Catholic missionaries,their African converts (former students),Catholic missionaries,their African converts (former students),group,group,joking_relationship,symmetric,joking relationship,,"Whereas the Catholic priests made a total commitment to their charges (mind, body, and soul), the American Portestants were interested only in their souls. The result was that few American Protestants developed that easy comradery or “joking” relationship with their African converts that one witnesses so often between the Catholic missionaries and their former students.",0.9,0.9,1,1,/Mossi_Skinner_335_nk,893,ehraf_v2
894,within_group,WesternAfrica,Mossi,Age-sets,Age-sets,Age-sets,Age-sets,age_set,age_set,joking_relationship,symmetric,Joking Between Age-Sets,,Age-sets are structurally separate within the age-grade. Their relations are reciprocal: individual members co-operate in the arrangement of one another's sexual liaisons; they pool their labor and share the profits they earn as members of their co-operative work organizations;,0.95,0.95,1,1,/Mossi__263_NK,894,ehraf_v2
895,within_group,WesternAfrica,Mossi,villages,villages,villages,villages,village,village,joking_relationship,symmetric,Intervillage Joking,,"When intervillage joking its institutionalized it may involve all the members of each community. However, I believe it is particularly expected of their respective chiefs.",0.9,0.9,1,1,/Mossi__263_NK,895,ehraf_v2
899,within_group,WesternAfrica,Mossi,the Mossi,the indigenous blacksmith caste,the Mossi,the indigenous blacksmith caste,ethnic group,caste,joking_relationship,unclear,,,There is also joking between the Mossi and the indigenous blacksmith caste. Unfortunately my data on these two instances of joking are inadequate.,0.6,0.6,1,1,/Mossi__263_NK,899,ehraf_v2
926,within_group,WesternAfrica,Nupe,daughters-in-law,the deceased,daughters-in-law,the deceased,kin_role,person,joking_relationship,unclear,joking relations,,"This, the Nupe will tell you, is quite in order: for the workers are always in-laws and ‘joking relations’ of the deceased (daughters-in-law or the wives of younger brothers), and are hence exempt from mourning.",0.9,0.9,1,1,/Nupe_Nadel_126_NK,926,ehraf_v2
927,within_group,WesternAfrica,Nupe,wives of younger brothers,the deceased,wives of younger brothers,the deceased,kin_role,person,joking_relationship,unclear,joking relations,,"This, the Nupe will tell you, is quite in order: for the workers are always in-laws and ‘joking relations’ of the deceased (daughters-in-law or the wives of younger brothers), and are hence exempt from mourning.",0.9,0.9,1,1,/Nupe_Nadel_126_NK,927,ehraf_v2
928,within_group,WesternAfrica,Nupe,boys and young men,the girls,boys and young men,the girls,group,group,teasing,mixed,,,"There is cruder horseplay, too, the boys trying to seize the girls or to bump into them as though unwittingly; while in the shadows and under the bridge couples pursue their amorous play unseen. But though there is plenty of teasing and joking, the language is never obscene.",0.9,0.9,1,1,/Nupe_Nadel_241_NK,928,ehraf_v2
929,within_group,WesternAfrica,Nupe,age-grade association under its leader,age-group,age-grade association under its leader,age-group,age_set,age_set,joking_relationship,symmetric,,navũ,"The girls come in little groups, while the boys and young men are formed into companies, each composed of an age-grade association under its leader.... now and again this clowning gives way to a mock battle, when the boys will thrust and throw the torches at one another, age-group fighting age-group, not seriously, but keenly and with marked excitement.",0.95,0.95,1,1,/Nupe_Nadel_241_NK,929,ehraf_v2
930,within_group,WesternAfrica,Nupe,the threefold dynastic division of the city,rival territory,the threefold dynastic division of the city,rival territory,regional group,regional group,joking_relationship,symmetric,factional jealousies / mock battle,navũ,"The three different bathing places are chosen in accordance with the threefold dynastic division of the city, and are visited by the age-grade associations in the respective local division.... Thus the torch processions invariably led to organized and heated fights between the three groups; on the way back from the river, especially, one would ambush the other or try to invade the rival territory.",0.85,0.85,1,1,/Nupe_Nadel_241_NK,930,ehraf_v2
931,within_group,WesternAfrica,Nupe,grandparents,grandchildren of the opposite sex,grandparents,grandchildren of the opposite sex,kin_role,kin_role,joking_relationship,non_symmetric,dzomanci / joking relationship,dzomanci,"Thus the joking relationship obtains between grandparents and grandchildren of the opposite sex; between cross cousins; between a man and his

elder brothers' wives;",0.9,0.9,1,1,/Nupe_Nadel_242_NK,931,ehraf_v2
932,within_group,WesternAfrica,Nupe,cross-cousins,cross-cousins,cross-cousins,cross-cousins,kin_role,kin_role,joking_relationship,non_symmetric,dzomanci / joking relationship,dzomanci,"Thus the joking relationship obtains between grandparents and grandchildren of the opposite sex; between cross cousins; between a man and his

elder brothers' wives;",0.9,0.9,1,1,/Nupe_Nadel_242_NK,932,ehraf_v2
933,within_group,WesternAfrica,Nupe,a man,his elder brothers' wives,a man,his elder brothers' wives,kin_role,kin_role,joking_relationship,non_symmetric,dzomanci / joking relationship,dzomanci,"Thus the joking relationship obtains between grandparents and grandchildren of the opposite sex; between cross cousins; between a man and his

elder brothers' wives;",0.9,0.9,1,1,/Nupe_Nadel_242_NK,933,ehraf_v2
934,within_group,WesternAfrica,Nupe,a man,his mother's brother's wives,a man,his mother's brother's wives,kin_role,kin_role,joking_relationship,non_symmetric,dzomanci / joking relationship,dzomanci,"or between a man and his mother's brother's wives;

between a man and his wife's dzomanci; and between a woman and her

father-in-law and her mother-in-law's sister's sons.",0.9,0.9,1,1,/Nupe_Nadel_242_NK,934,ehraf_v2
935,within_group,WesternAfrica,Nupe,a man,his wife's dzomanci,a man,his wife's dzomanci,kin_role,kin_role,joking_relationship,non_symmetric,dzomanci / joking relationship,dzomanci,"or between a man and his mother's brother's wives;

between a man and his wife's dzomanci; and between a woman and her

father-in-law and her mother-in-law's sister's sons.",0.9,0.9,1,1,/Nupe_Nadel_242_NK,935,ehraf_v2
936,within_group,WesternAfrica,Nupe,a woman,her father-in-law,a woman,her father-in-law,kin_role,kin_role,joking_relationship,non_symmetric,dzomanci / joking relationship,dzomanci,"between a man and his wife's dzomanci; and between a woman and her

father-in-law and her mother-in-law's sister's sons.",0.9,0.9,1,1,/Nupe_Nadel_242_NK,936,ehraf_v2
937,within_group,WesternAfrica,Nupe,a woman,her mother-in-law's sister's sons,a woman,her mother-in-law's sister's sons,kin_role,kin_role,joking_relationship,non_symmetric,dzomanci / joking relationship,dzomanci,"between a man and his wife's dzomanci; and between a woman and her

father-in-law and her mother-in-law's sister's sons.",0.9,0.9,1,1,/Nupe_Nadel_242_NK,937,ehraf_v2
939,within_group,WesternAfrica,Nupe,occupational groups,other occupational groups (within Nupe communities),occupational groups,other occupational groups (within Nupe communities),group,group,joking_relationship,unclear,,,"Joking relationship also occurs outside the kindred, between certain Nupe sections and other tribes, or within Nupe communities

between occupational groups.",0.8,0.8,1,1,/Nupe_Nadel_242_NK,939,ehraf_v2
984,within_group,WesternAfrica,Tallensi,grandparent,grandchild,grandparent,grandchild,kin_role,kin_role,joking_relationship,symmetric,mutual ragging / joking relationship,,"In this case equality, comatibility and partisanship, as if in league against the generation between them, are emphasized, more particularly by the joking relationship—mutual ragging among the Tallensi—permitted between grandparent and grandchild.",0.9,0.9,1,1,/Tallensi_17_NK,984,ehraf_v2
985,within_group,WesternAfrica,Tallensi,paternal grandparents,grandchild,paternal grandparents,grandchild,kin_role,kin_role,joking_relationship,symmetric,joking relationship,ba-kpeem / ma-kpeem / yaab / yaab-p(ɔ)k,"This joking relationship holds for both sets of grandparents, and serves the purpose of reconciling the potentially conflicting elements in their relationships.",0.9,0.9,1,1,/Tallensi_Forte_236_NK,985,ehraf_v2
986,within_group,WesternAfrica,Tallensi,maternal grandparents,grandchild,maternal grandparents,grandchild,kin_role,kin_role,joking_relationship,symmetric,joking relationship,ba-kpeem / ma-kpeem / yaab / yaab-p(ɔ)k,"This joking relationship holds for both sets of grandparents, and serves the purpose of reconciling the potentially conflicting elements in their relationships.",0.9,0.9,1,1,/Tallensi_Forte_236_NK,986,ehraf_v2
987,within_group,WesternAfrica,Tallensi,patrilineal grandparent,grandchild of the same sex,patrilineal grandparent,grandchild of the same sex,kin_role,kin_role,joking_relationship,symmetric,privileged familiarity / joking,,"With it goes an intimacy and mutual trust, more particularly between patrilineal grandparent and grandchild of the same sex, such as is not found between any other kinsfolk, close or distant.",0.85,0.85,1,1,/Tallensi_Forte_236_NK,987,ehraf_v2
988,within_group,WesternAfrica,Tallensi,siblings-in-law,each other,siblings-in-law,each other,kin_role,kin_role,joking_relationship,symmetric,,,"Cf. the similar usage between siblings-in-law, p. . Joking in the present case reconciles the familiarity permissible on the grounds of personal interest and the social equivalence of alternate generations, with the respect due to grandparents because of their age and their lineage status.",0.6,0.6,1,1,/Tallensi_Forte_236_NK,988,ehraf_v2
989,within_group,WesternAfrica,Tallensi,a man,his siblings-in-law,a man,his siblings-in-law,kin_role,kin_role,joking_relationship,symmetric,joking relationship,,A man has a joking relationship with his siblings-in-law similar to that of his wife with his sisters and distant clansmen.,0.9,0.9,1,1,/Tallensi_Fortes_120_NK,989,ehraf_v2
990,within_group,WesternAfrica,Tallensi,his wife,her sisters,his wife,her sisters,kin_role,kin_role,joking_relationship,symmetric,joking relationship,,A man has a joking relationship with his siblings-in-law similar to that of his wife with his sisters and distant clansmen.,0.9,0.9,1,1,/Tallensi_Fortes_120_NK,990,ehraf_v2
991,within_group,WesternAfrica,Tallensi,his wife,distant clansmen,his wife,distant clansmen,kin_role,clan,joking_relationship,symmetric,joking relationship,,A man has a joking relationship with his siblings-in-law similar to that of his wife with his sisters and distant clansmen.,0.85,0.85,1,1,/Tallensi_Fortes_120_NK,991,ehraf_v2
992,within_group,WesternAfrica,Tallensi,grandparent,grandchild,grandparent,grandchild,kin_role,kin_role,joking_relationship,symmetric,,kooh,"You cannot tease or joke with your parent or your child, the Tallensi say, because you do so with your grandparent or grandchild.",0.9,0.9,1,1,/Tallensi_Fortes_197_nk,992,ehraf_v2
993,within_group,WesternAfrica,Tallensi,parent,child,parent,child,kin_role,kin_role,avoidance,symmetric,,kooh,"In particular, the familiarity between parents and children never goes so far as mutual teasing, as in a joking relationship. If a native is asked about this he frowns and says that it would be most offensive for a son or daughter to tease or joke with (kooh) a parent or vice versa.",0.95,0.95,1,1,/Tallensi_Fortes_197_nk,993,ehraf_v2
994,within_group,WesternAfrica,Tallensi,parents' parents,Grandchildren,parents' parents,Grandchildren,kin_role,kin_role,joking_relationship,symmetric,joking relationship,,"Deference and respect for their conjugal privacy, amounting to a mild avoidance associated with the incest taboo is proper in relation to parents. But with parents' parents one has a joking relationship, which reconciles respect for the paternal grandfather's authority with the affectionate trust in the relationship of alternate generations...",0.95,0.95,1,1,/Tallensi_Fortes_207_NK,994,ehraf_v2
995,within_group,WesternAfrica,Tallensi,paternal grandfather,Grandchildren,paternal grandfather,Grandchildren,kin_role,kin_role,joking_relationship,symmetric,,,"But with parents' parents one has a joking relationship, which reconciles respect for the paternal grandfather's authority with the affectionate trust in the relationship of alternate generations...",0.9,0.9,1,1,/Tallensi_Fortes_207_NK,995,ehraf_v2
996,within_group,WesternAfrica,Tallensi,Father's mother,child,Father's mother,child,kin_role,kin_role,joking_relationship,symmetric,,,"Father's mother is the acme of indulgence, for unlike mother she never has to forbid or scold and feels no Techniques Of responsibility for a child's conduct.",0.85,0.85,1,1,/Tallensi_Fortes_207_NK,996,ehraf_v2
997,within_group,WesternAfrica,Tallensi,grandparents,grandchildren,grandparents,grandchildren,kin_role,kin_role,joking_relationship,symmetric,classical joking relationship,,"As in many tribal societies, and consistently with this point of view, the restraint that is customary between parents and children is counterbalanced by a classical joking relationship between grandparents and grandchildren.",0.9,0.9,1,1,/Tallensi_Fortes_222_NK,997,ehraf_v2
998,within_group,WesternAfrica,Tallensi,a man,his wife's siblings (in the widest classificatory sense of all her clan-siblings),a man,his wife's siblings (in the widest classificatory sense of all her clan-siblings),kin_role,kin_role,joking_relationship,symmetric,Conventionalized joking,,"Conventionalized joking between a man and his wife's siblings (in the widest classificatory sense of all her clan-siblings), and of a woman with her husband's sisters and his more distant clansmen, is another indication of the social equivalence of siblings.",0.9,0.9,1,1,/Tallensi_Fortes_273_NK,998,ehraf_v2
999,within_group,WesternAfrica,Tallensi,a woman,her husband's sisters,a woman,her husband's sisters,kin_role,kin_role,joking_relationship,symmetric,Conventionalized joking,,"Conventionalized joking between a man and his wife's siblings (in the widest classificatory sense of all her clan-siblings), and of a woman with her husband's sisters and his more distant clansmen, is another indication of the social equivalence of siblings.",0.9,0.9,1,1,/Tallensi_Fortes_273_NK,999,ehraf_v2
1000,within_group,WesternAfrica,Tallensi,a woman,her husband's more distant clansmen,a woman,her husband's more distant clansmen,kin_role,clan,joking_relationship,symmetric,Conventionalized joking,,"Conventionalized joking between a man and his wife's siblings (in the widest classificatory sense of all her clan-siblings), and of a woman with her husband's sisters and his more distant clansmen, is another indication of the social equivalence of siblings.",0.8,0.8,1,1,/Tallensi_Fortes_273_NK,1000,ehraf_v2
1001,within_group,WesternAfrica,Tallensi,the men whom his ah(ə)b calls ‘father’,a sister's son,the men whom his ah(ə)b calls ‘father’,a sister's son,kin_role,kin_role,joking_relationship,symmetric,,ah(ə)b,"The men whom his ah(ə)b calls ‘father’ he calls ‘grandfather’, and he jokes with them;",0.9,0.9,1,1,/Tallensi_Fortes_296_NK,1001,ehraf_v2
1002,within_group,WesternAfrica,Tallensi,grandchildren,maternal grandparents (ma-kpeem),grandchildren,maternal grandparents (ma-kpeem),kin_role,kin_role,joking_relationship,symmetric,,ma-kpeem,"As will be remembered, grandchildren joke with their maternal grandparents.",0.9,0.9,1,1,/Tallensi_Fortes_301_nk,1002,ehraf_v2
1003,within_group,WesternAfrica,Tallensi,wife's sister,brother-in-law,wife's sister,brother-in-law,kin_role,kin_role,joking_relationship,symmetric,joking (licensed with wife's sister),,"It would be grossly improper, for example, to joke with her as one jokes with a wife's sister; and to strike or abuse her, even if she were much younger than oneself, would be a sin.",0.7,0.7,1,1,/Tallensi_Fortes_334_nk,1003,ehraf_v2
1004,within_group,WesternAfrica,Tallensi,father's sister (ba-p(ɔ)k / pug(ə)r(ə)ba),nephew/niece (brother's child),father's sister (ba-p(ɔ)k / pug(ə)r(ə)ba),nephew/niece (brother's child),kin_role,kin_role,joking_relationship,symmetric,,ba-p(ɔ)k; pug(ə)r(ə)ba,A person recognizes the sister of any man in the inner lineage or medial lineage whom he calls ‘father’ as his ba-p(ɔ)k. ... In theory the joking relationship holds for granchild and grandfather's sister.,0.9,0.9,1,1,/Tallensi_Fortes_336_nk,1004,ehraf_v2
1005,within_group,WesternAfrica,Tallensi,grandfather's sister,grandchild,grandfather's sister,grandchild,kin_role,kin_role,joking_relationship,symmetric,,,In theory the joking relationship holds for granchild and grandfather's sister.,0.85,0.85,1,1,/Tallensi_Fortes_336_nk,1005,ehraf_v2
1006,within_group,WesternAfrica,Tallensi,Ba'ari,Gorogo,Ba'ari,Gorogo,clan,clan,joking_relationship,symmetric,joking partnership,,"Each clan among the Talis, and in some cases a particular maximal lineage, has one or more joking partnerships with other clans or lineages. Thus Ba'ari has a joking partnership with Gorogo, Zubiuŋ with Sakpee and Gundaat, Kpata'ar with Wakii, Degal with Samiit, and so forth.",0.95,0.95,1,1,/Tallensi_Fortes_91_NK,1006,ehraf_v2
1007,within_group,WesternAfrica,Tallensi,Zubiuŋ,Sakpee,Zubiuŋ,Sakpee,clan,clan,joking_relationship,symmetric,joking partnership,,"Thus Ba'ari has a joking partnership with Gorogo, Zubiuŋ with Sakpee and Gundaat, Kpata'ar with Wakii, Degal with Samiit, and so forth.",0.95,0.95,1,1,/Tallensi_Fortes_91_NK,1007,ehraf_v2
1008,within_group,WesternAfrica,Tallensi,Zubiuŋ,Gundaat,Zubiuŋ,Gundaat,clan,clan,joking_relationship,symmetric,joking partnership,,"Thus Ba'ari has a joking partnership with Gorogo, Zubiuŋ with Sakpee and Gundaat, Kpata'ar with Wakii, Degal with Samiit, and so forth.",0.95,0.95,1,1,/Tallensi_Fortes_91_NK,1008,ehraf_v2
1009,within_group,WesternAfrica,Tallensi,Kpata'ar,Wakii,Kpata'ar,Wakii,clan,clan,joking_relationship,symmetric,joking partnership,,"Thus Ba'ari has a joking partnership with Gorogo, Zubiuŋ with Sakpee and Gundaat, Kpata'ar with Wakii, Degal with Samiit, and so forth.",0.95,0.95,1,1,/Tallensi_Fortes_91_NK,1009,ehraf_v2
1010,within_group,WesternAfrica,Tallensi,Degal,Samiit,Degal,Samiit,clan,clan,joking_relationship,symmetric,joking partnership,,"Thus Ba'ari has a joking partnership with Gorogo, Zubiuŋ with Sakpee and Gundaat, Kpata'ar with Wakii, Degal with Samiit, and so forth.",0.95,0.95,1,1,/Tallensi_Fortes_91_NK,1010,ehraf_v2
1011,within_group,WesternAfrica,Tallensi,man,wife's brother (dakii),man,wife's brother (dakii),kin_role,kin_role,joking_relationship,symmetric,affinal teasing,dakii,"As we have noted, the natives compare them with the joking relationship of affines of the same generation. A man will tease his wife's brother (dakii) or sister (dakii-p(ɔ)k) or his sister's husband (dakii) or a clansman's wife in this way, and a woman her brother's wife (p(ɔ)□akii) or her husband's sister (p(ɔ)□akii), to the amusement of both.",0.9,0.9,1,1,/Tallensi_Fortes_91_NK,1011,ehraf_v2
1012,within_group,WesternAfrica,Tallensi,man,sister's husband (dakii),man,sister's husband (dakii),kin_role,kin_role,joking_relationship,symmetric,affinal teasing,dakii,"A man will tease his wife's brother (dakii) or sister (dakii-p(ɔ)k) or his sister's husband (dakii) or a clansman's wife in this way, and a woman her brother's wife (p(ɔ)□akii) or her husband's sister (p(ɔ)□akii), to the amusement of both.",0.9,0.9,1,1,/Tallensi_Fortes_91_NK,1012,ehraf_v2
1013,within_group,WesternAfrica,Tallensi,woman,brother's wife (p(ɔ)□akii),woman,brother's wife (p(ɔ)□akii),kin_role,kin_role,joking_relationship,symmetric,affinal teasing,p(ɔ)□akii,"A man will tease his wife's brother (dakii) or sister (dakii-p(ɔ)k) or his sister's husband (dakii) or a clansman's wife in this way, and a woman her brother's wife (p(ɔ)□akii) or her husband's sister (p(ɔ)□akii), to the amusement of both.",0.9,0.9,1,1,/Tallensi_Fortes_91_NK,1013,ehraf_v2
1014,within_group,WesternAfrica,Tallensi,woman,husband's sister (p(ɔ)□akii),woman,husband's sister (p(ɔ)□akii),kin_role,kin_role,joking_relationship,symmetric,affinal teasing,p(ɔ)□akii,"A man will tease his wife's brother (dakii) or sister (dakii-p(ɔ)k) or his sister's husband (dakii) or a clansman's wife in this way, and a woman her brother's wife (p(ɔ)□akii) or her husband's sister (p(ɔ)□akii), to the amusement of both.",0.9,0.9,1,1,/Tallensi_Fortes_91_NK,1014,ehraf_v2
1015,within_group,WesternAfrica,Tallensi,clansman,clansman's wife,clansman,clansman's wife,kin_role,kin_role,joking_relationship,symmetric,affinal/complementary teasing,,"A man will tease his wife's brother (dakii) or sister (dakii-p(ɔ)k) or his sister's husband (dakii) or a clansman's wife in this way, and a woman her brother's wife (p(ɔ)□akii) or her husband's sister (p(ɔ)□akii), to the amusement of both.",0.85,0.85,1,1,/Tallensi_Fortes_91_NK,1015,ehraf_v2
1021,within_group,WesternAfrica,Tallensi,a woman (wife),"sisters-in-law (p(ɔ)□akie, pl. p(ɔ)□akies)",a woman (wife),"sisters-in-law (p(ɔ)□akie, pl. p(ɔ)□akies)",kin_role,kin_role,joking_relationship,symmetric,joke and play,p(ɔ)□akie,"With them, often her equals in years and her companions in work, she can laugh and play and joke.  Like herself, they are already, or are fated to be, married out of their natal families to ‘strangers’.",0.9,0.9,1,1,/Tallensi_Fortes_93_NK(1),1021,ehraf_v2
1022,within_group,WesternAfrica,Tallensi,Gbizug,Tongo,Gbizug,Tongo,lineage,lineage,joking_relationship,symmetric,,,"Gbizug and Tongo men, for example, have a habit of doing this. The Chief of Tongo and the Gbizug t□ndaana, on the rare occasions when they meet in public, will interrupt a long and ceremonious discussion with a95 jesting altercation about their mythologically founded bonds of mutual coercion.",0.9,0.9,1,1,/Tallensi_Fortes_94_NK,1022,ehraf_v2
1023,within_group,WesternAfrica,Tallensi,Chief of Tongo,Gbizug t□ndaana,Chief of Tongo,Gbizug t□ndaana,lineage,lineage,joking_relationship,symmetric,,,"The Chief of Tongo and the Gbizug t□ndaana, on the rare occasions when they meet in public, will interrupt a long and ceremonious discussion with a95 jesting altercation about their mythologically founded bonds of mutual coercion.",0.9,0.9,1,1,/Tallensi_Fortes_94_NK,1023,ehraf_v2
1024,within_group,WesternAfrica,Tallensi,Kpata'ar,Gundaat,Kpata'ar,Gundaat,lineage,lineage,joking_relationship,symmetric,,,"Elders of Kpata'ar and Gundaat, which have a similar politico-ritual relationship to that of Tongo and Gbizug, often tease one another in the same way when they meet to perform a ceremony together.",0.9,0.9,1,1,/Tallensi_Fortes_94_NK,1024,ehraf_v2
1092,within_group,WesternAfrica,Wolof,Diop,Ndiaye,Diop,Ndiaye,patronym,patronym,joking_relationship,symmetric,kall / joking greeting,kall,"A. Diop!(B’s name)

B. Ndiaye! (A’s name)

Diop!

Ndiaye!

A. Sant ba neehul!

That surname is not pleasing!

B. Neeh na kaay.

It is so pleasing.

A. Lekk tyeb!

(The Diops) eat rice! [luxury food; this
means they are greedy]

B. Ndiaye rek, nyoo ko lekk!

Only the Ndiayes, it is they who eat it!",0.95,0.95,1,1,/Wolof_181_nk,1092,ehraf_v2
1093,within_group,WesternAfrica,Wolof,griot,young or low-ranking noble,griot,young or low-ranking noble,group,kin_role,joking_relationship,unclear,,kall,"It is rare to see a joking greeting between a griot and the Imam of the mosque, for instance, although such a greeting might well occur between a griot and a young or low-ranking noble.",0.65,0.65,1,1,/Wolof_181_nk,1093,ehraf_v2
1094,within_group,WesternAfrica,Wolof,Diop,Ndiaye,Diop,Ndiaye,patronym,patronym,joking_relationship,symmetric,kall,kall,"A. Diop! (B’s name)

Diop! (B’s name)

B. Sa sant Ndiaye neehul!

Your surname Ndiaye is not pleasing!

The joking relationship provides, however, only a very limited opportunity to express equality. The kall involves only certain pairs of surnames, and any one person has only one or two surname groups in which to find joking partners.",0.9,0.9,1,1,/Wolof_182_nk,1094,ehraf_v2
1095,within_group,WesternAfrica,Yoruba,the grave diggers,his children,the grave diggers,his children,group,kin_role,joking_relationship,non_symmetric,joke while they work,,"If the deceased was elderly, the grave diggers joke while they work to make his children forger some of their sorrow and laugh a little; but if he was their own age or younger, they do not joke while they work and they do not ask for food and drink.",0.9,0.9,1,1,/Yoruba_67_nk,1095,ehraf_v2
1487,within_group,WesternAfrica,wolof,Diop,Ndiaye,Diop,Ndiaye,patronym,patronym,joking_relationship,symmetric,kall (joking relationship),kall,"Certain pairs of surnames, and the kin groups which bear them, stand in a special relationship to each other, called kall ‘jokingrelationship.’ The families Diop and Ndiaye, for example, are in jokingrelationship because, supposedly, ‘the Diops are the mothers of the Ndiayes.’",0.9,0.9,1,1,/wolof_180_nk,1487,ehraf_v2
1488,within_group,WesternAfrica,wolof,grandfathers,grandsons,grandfathers,grandsons,kin_role,kin_role,joking_relationship,non_symmetric,jokingrelationship,,"There is a jokingrelationship between grandfathers and grandsons. A grandson is permitted to act disrespectfully toward his grandfather, pulling his beard, calling him by a nickname, making fun of his physique, and contradicting him.",0.9,0.9,1,1,/wolof_35_nk,1488,ehraf_v2
1489,within_group,WesternAfrica,wolof,child of the mother9s brother,child of the father9s sister,child of the mother9s brother,child of the father9s sister,kin_role,kin_role,joking_relationship,mixed,master/slave (borom/jam) joking relationship,"borom, jam","Like many other peoples, the Wolof have an institution-alized cross cousins relationship. It is especially marked by a jokingrelationship between the child Regulation Of of the mother9s brother who is called ""master"" ( borom) and the child of the father9s sister who is called ""slave"" ( jam).",0.9,0.9,1,1,/wolof_47_nk,1489,ehraf_v2
1490,within_group,WesternAfrica,wolof,jam (father's sister's child),b[unknown]r[unknown]m (mother's brother's child),jam (father's sister's child),b[unknown]r[unknown]m (mother's brother's child),kin_role,kin_role,joking_relationship,symmetric,,jam / b[unknown]r[unknown]m,"Among the Wolof the relationship is expressed in terms of jam (slave) and b[unknown]r[unknown]m (master), a father’s sister’s child will be jam, a mother's brother’s child b[unknown]r[unknown]m. On ceremonial occasions the jam come to help their b[unknown]r[unknown]m, and are rewarded for their services.",0.95,0.95,1,1,/wolof_55_nk,1490,ehraf_v2
1491,within_group,WesternAfrica,wolof,Njai,Gei,Njai,Gei,clan,clan,joking_relationship,symmetric,,b[unknown]r[unknown]m,"In clan relationships, the Njai are the b[unknown]r[unknown]m of the Gei, the Gei b[unknown]r[unknown]m of the Seka, the Seka b[unknown]r[unknown]m of the Job, and so on.",0.9,0.9,1,1,/wolof_55_nk,1491,ehraf_v2
1492,within_group,WesternAfrica,wolof,Gei,Seka,Gei,Seka,clan,clan,joking_relationship,symmetric,,b[unknown]r[unknown]m,"In clan relationships, the Njai are the b[unknown]r[unknown]m of the Gei, the Gei b[unknown]r[unknown]m of the Seka, the Seka b[unknown]r[unknown]m of the Job, and so on.",0.9,0.9,1,1,/wolof_55_nk,1492,ehraf_v2
1493,within_group,WesternAfrica,wolof,Seka,Job,Seka,Job,clan,clan,joking_relationship,symmetric,,b[unknown]r[unknown]m,"In clan relationships, the Njai are the b[unknown]r[unknown]m of the Gei, the Gei b[unknown]r[unknown]m of the Seka, the Seka b[unknown]r[unknown]m of the Job, and so on.",0.9,0.9,1,1,/wolof_55_nk,1493,ehraf_v2
1494,within_group,WesternAfrica,wolof,men,younger women,men,younger women,group,group,joking_relationship,non_symmetric,take liberties / joke with,,"A man does not give an older woman such consideration, though he will not joke with her or take other liberties as he does with younger women.",0.8,0.8,1,1,/wolof_98_nk,1494,ehraf_v2
